id,location_ident,facility_category,facility_name,latitude_dd,longitude_dd,elevation_ft_agl,continent_abbrev,iso2_country,iso_region_code,nearest_municipality,iata_airport_code
16169,AK75,small_airport,Candle 2 Airport,65.907699585,-161.925994873,15.0,,US,US-AK,Candle,CDL
3289,VA1H,small_airport,Ondwa Airport,25.14150047302246,74.61150360107422,1450.0,AS,IN,IN-RJ,,
508689,JP-3208,heliport,Akagi Heliport,33.77864,135.85215,134.0,AS,JP,JP-30,Shingu,
38443,YLRN,small_airport,Lorraine Station Airport,-22.53330039978028,143.51699829101562,,OC,AU,AU-QLD,,
16441,AZ54,heliport,Stewart Mountain Dam Heliport,33.563401,-111.535956,1530.0,,US,US-AZ,Goldfield,
16518,C45,small_airport,Manito Mitchell Airport,40.48929977416992,-89.7780990600586,501.0,,US,US-IL,Manito,
40966,SK-006,small_airport,El Plateado Airport,6.730556,-76.146389,5555.0,SA,CO,CO-ANT,Frontino,
353761,DE-0470,heliport,DRF Luftrettung - Station Regensburg / Uniklinik Regensburg (UKR) Heliport,48.987064,12.09297,1325.0,EU,DE,DE-BY,Regensburg,
45868,VT96,heliport,Mansfield Heliflight Inc Heliport,44.600117,-73.16505,175.0,,US,US-VT,Milton,
511539,US-8114,closed,New Albany-Jeffersonville (Bush) Airport,38.30257,-85.75994,460.0,,US,US-IN,Clarksville,
19140,K8S0,small_airport,Starr Browning Airstrip,48.60139846801758,-113.11499786376952,4655.0,,US,US-MT,Browning,
10661,3NE3,small_airport,Wells Airport,40.5,-99.31700134277344,2275.0,,US,US-NE,Holdrege,
313564,AYKN,small_airport,Kubuna Airstrip,-8.6917,146.7566,200.0,OC,PG,PG-CPM,Kubuna Mission,
338715,US-2383,closed,Santa Rosa Municipal Airport / Steiner Field,38.47355,-122.73821,,,US,US-CA,Santa Rosa,
723,CBU2,small_airport,Eddontenajon / Iskut Village Airport,57.847994155,-129.983968735,3100.0,,CA,CA-BC,Eddontenajon,
347290,CY-0019,heliport,UNFICYP OP22 Heliport,35.104405,32.874977,,AS,CY,CY-02,,
35702,SDRD,small_airport,Adhemar Ribeiro Airport,-21.641922,-47.469993,2776.0,SA,BR,BR-SP,Santa Rita Do Passa Quatro,
338664,GB-0964,small_airport,Ponton-Heath-Farm Airstrip,52.859217,-0.657898,,EU,GB,GB-ENG,,
20814,KPDC,small_airport,Prairie Du Chien Municipal Airport,43.019298553467,-91.12370300293,661.0,,US,US-WI,Prairie Du Chien,PCD
1908,CYSN,medium_airport,Niagara District Airport,43.1917,-79.1717,321.0,,CA,CA-ON,Niagara-on-the-Lake,YCM
43695,DE-0007,closed,Wünsdorf Airfield,52.198001861572,13.527000427246,,EU,DE,DE-BR,,
44760,XLWT,small_airport,Trufanovo Airfield,59.308998,39.849998,417.0,EU,RU,RU-VLG,Vologda,
316500,SWZI,heliport,Multitoc Heliport,-22.431765,-45.434191,2806.0,SA,BR,BR-MG,Itajubá,
504605,US-7279,closed,Fort Stewart Road Strip Number 2,31.98495,-81.44608,38.0,,US,US-GA,Fleming,
508900,US-7684,small_airport,Arkla Flyers Airport,32.9304,-91.65524,108.0,,US,US-LA,Bonita,
19295,KAPT,small_airport,Marion County Airport - Brown Field,35.060699,-85.585297,641.0,,US,US-TN,Jasper,APT
2444,EGNM,medium_airport,Leeds Bradford Airport,53.865898,-1.66057,681.0,EU,GB,GB-ENG,Leeds,LBA
343558,JP-1748,heliport,J Tower Nishioi Helipad,35.60121,139.72213,376.0,AS,JP,JP-13,"Shinagawa, Tokyo",
40073,SVAI,small_airport,Arichuna Airport,7.866666793823242,-67.03333282470703,145.0,SA,VE,VE-J,,
319926,IT-0372,small_airport,"Aviosuperficie ""San Mauro""",46.068333,13.366883,351.0,EU,IT,IT-36,Premariacco (UD),
9788,2TN2,small_airport,Wings Field,35.22359848022461,-89.18890380859375,540.0,,US,US-TN,Hickory Valley,
25507,VT11,small_airport,Ass-Pirin Acres Airport,44.06869888305664,-73.37339782714844,130.0,,US,US-VT,Addison,
350583,US-6044,closed,Kingsville Naval Outlying Landing Field Number 52,27.40286,-97.73907,32.0,,US,US-TX,Kingsville,
6163,SKSP,medium_airport,Gustavo Rojas Pinilla International Airport,12.5836,-81.7112,19.0,,CO,CO-SAP,San Andrés,ADZ
338846,JP-0904,heliport,Suzaki Heliport,34.66929,138.95951,,AS,JP,JP-22,Shimoda,
39444,SLIT,small_airport,Itaguazurenda Airport,-19.77750015258789,-63.087799072265625,1598.0,SA,BO,BO-S,Cordillera,
21844,PAMC,medium_airport,McGrath Airport,62.95289993,-155.6060028,341.0,,US,US-AK,McGrath,MCG
319981,IT-0381,small_airport,Campo di Volo Vallermosa,39.3561,8.7919,235.0,EU,IT,IT-88,Vallermosa (CA),
18880,K55,small_airport,Thompson Pass Airport,61.177299,-145.688006,2080.0,,US,US-AK,Valdez,
12220,59MO,heliport,Hermann Area Hospital Heliport,38.69279861450195,-91.45130157470705,610.0,,US,US-MO,Hermann,
7927,15AL,heliport,Highfalls Stagefield Army Heliport,31.093599319458008,-85.78790283203125,220.0,,US,US-AL,Fort Rucker/Hartford,
11967,53MO,heliport,Help Heliport,37.152000427246094,-90.0708999633789,475.0,,US,US-MO,Zalma,
23345,NV35,small_airport,Hudson Airport,39.54439926147461,-117.7509994506836,5180.0,,US,US-NV,Austin,
42317,PR-HUC,small_airport,Humacao Airport,18.1380996704,-65.8013000488,33.0,,PR,PR-U-A,Humacao,HUC
326577,TW-0032,small_airport,Taimali Airport,22.586871,121.000736,,AS,TW,TW-TTT,Taimali,
351984,JP-2787,heliport,Nidec Corporation Head Office Building Heliport,34.95124,135.71602,,AS,JP,JP-26,Kyoto,
42435,BR-0006,closed,Ilha Solteira,-20.4217,-51.331402,974.0,SA,BR,BR-SP,,
30243,LGPA,small_airport,Paros National Airport,37.020495,25.113195,131.0,EU,GR,GR-L,Paros,PAS
10700,3OA8,closed,Valley Vista Airport,39.237455,-83.260708,720.0,,US,US-OH,Bainbridge,
330744,MX-1022,small_airport,Teras Airport,27.226051,-110.00111,42.0,,MX,MX-SON,Cajeme,
511480,US-8109,closed,Daily Restricted Landing Area Airport,39.55253,-88.4725,651.0,,US,US-IL,Mattoon,
349561,PH-0442,small_airport,Tagbina Airport,8.4775,126.13388,115.0,AS,PH,PH-SUR,Tagbina,
4273,LGMG,small_airport,Megara Airport,37.98109817504883,23.36540031433105,12.0,EU,GR,GR-I,Megara,
16745,CL26,heliport,Great Western Helistop,34.2387476702,-118.565926999,1018.0,,US,US-CA,Chatsworth,
508610,SJ9W,heliport,Arjon Heliport,-20.270556,-43.720278,3261.0,SA,BR,BR-MG,Ouro Preto,
23761,OK17,small_airport,Bass Aero Airport,34.21825,-97.052567,840.0,,US,US-OK,Ardmore,
16089,A79,small_airport,Chignik Lake Airport,56.2550010681,-158.774993896,50.0,,US,US-AK,Chignik Lake,KCQ
322412,TA37,small_airport,Vaca Moo Airport,32.428021,-95.71258,,,US,US-TX,Ben Wheeler,
2027,CZMD,medium_airport,Muskrat Dam Airport,53.44139862060547,-91.76280212402344,911.0,,CA,CA-ON,Muskrat Dam,MSA
430711,61IL,heliport,Memorial Hospital East Shiloh Heliport,38.574236,-89.906827,610.0,,US,US-IL,Shiloh,
30984,EDSD,closed,Leipheim Air Base,48.439999,10.2356,1604.0,EU,DE,DE-BY,Leipheim,
430292,MX-1993,closed,Tres Picos Airport,15.879408,-93.485155,200.0,,MX,MX-CHP,Tres Picos,
35251,KP-0041,medium_airport,Uthachi Highway Strip Airport,38.913877,125.821309,,AS,KP,KP-01,Pyongyang (Ryokpo),
338262,JP-0722,heliport,First Tower Helipad,35.847017,139.648992,,AS,JP,JP-11,Saitama,
336773,JP-0505,heliport,Kanayama Harbor Heliport,33.24954,131.87203,3.0,AS,JP,JP-44,Oita,
7388,0NC2,heliport,Moore Regional Hospital Heliport,35.204973,-79.458234,460.0,,US,US-NC,Pinehurst,
318909,IT-0240,small_airport,Campo di Volo Monreale,39.583099,8.773265,,EU,IT,IT-88,San Gavino Monreale (CA),
15656,9B1,closed,Marlboro Airport,42.343201,-71.509002,285.0,,US,US-MA,Marlboro,
19707,KE77,small_airport,San Manuel Airport,32.636501312256,-110.64700317383,3274.0,,US,US-AZ,San Manuel,
16544,CA13,small_airport,Reedley College Airport,36.606871,-119.463526,350.0,,US,US-CA,Reedley,
330889,RU-0512,closed,Tarbayevo Airport,56.296683,40.157771,595.0,EU,RU,RU-VLA,Staryy Dvor,
21778,MA35,heliport,Hat Factory Heliport,42.83509826660156,-70.93109893798828,10.0,,US,US-MA,Amesbury,
12337,5F8,small_airport,Thackers Airport,32.79180145263672,-93.95709991455078,202.0,,US,US-LA,Oil City,
31412,FZMD,small_airport,Nzovu Airport,-2.5829999446868896,27.982999801635746,1970.0,AF,CD,CD-SK,Nzovu,
350658,US-6110,closed,Sentell Ranch Airport,30.40785,-100.32128,2120.0,,US,US-TX,Sonora,
328016,KR-0695,heliport,Wolgye (2)i-dong Heliport,37.638727,127.046805,,AS,KR,KR-11,Seoul,
41598,VE-0205,small_airport,Kamarata Airport,5.7171,-62.33727,1770.0,SA,VE,VE-F,Kamarata,KTV
345255,US-4384,closed,Presidio East Airport,29.5509,-104.34242,2611.0,,US,US-TX,Presidio,
22095,MI88,small_airport,Bakers Field,42.7322998046875,-85.9052963256836,680.0,,US,US-MI,Burnips,
37088,SNFV,small_airport,Lago Joanes Airport,-12.663551,-38.407326,239.0,SA,BR,BR-BA,Simões Filho,
346100,BR-1592,small_airport,Tarobá Airstrip,-25.548148,-54.486641,735.0,SA,BR,BR-PR,Santa Terezinha de Itaipu,
509642,US-7839,small_airport,Schleter Field,39.805053,-85.854811,860.0,,US,US-IN,Greenfield,
341690,NG-0020,heliport,Aso Rock Heliport,9.060744,7.515767,,AF,NG,NG-FC,Abuja,
4967,DN53,small_airport,Kaduna Old Airport,10.598899841308594,7.448709964752197,2126.0,AF,NG,NG-KD,,
261,SJJL,small_airport,Fazenda Campo Aberto Airport,-11.787449,-45.965409,2418.0,SA,BR,BR-BA,Barreiras,
17896,II10,closed,Rockey's Air Strip,40.582,-86.167503,810.0,,US,US-IN,Galveston,
316619,BR-0047,small_airport,Teresina de Goiás Airport,-13.7782,-47.282,2625.0,SA,BR,BR-CE,Teresina de Goiás,
42713,KE-0070,small_airport,Kijipwa Airport,-3.843138933181762,39.80516815185547,40.0,AF,KE,KE-300,Kijipwa,
331197,US-1117,small_airport,Black Landing Field,40.372425,-76.743848,544.0,,US,US-PA,Linglestown,
324230,MX-0505,small_airport,Marte R. Gomez Airport,14.905922,-92.4465,84.0,,MX,MX-CHP,Mazatan,
39763,CA-0117,closed,Drake Point Airport,76.4000015258789,-108.53333282470705,,,CA,CA-NU,,
744,CCA7,closed,Apple River Airport,45.461899,-64.821404,135.0,,CA,CA-NS,Apple River,
18317,K04M,small_airport,Calhoun County Airport,33.930099,-89.342795,383.0,,US,US-MS,Pittsboro,
42823,AR-0401,small_airport,El Gringo Airport,-27.3086,-61.2114,301.0,SA,AR,AR-H,Charata,
14370,7PS5,heliport,Muncy Valley Hospital Heliport,41.21060180664063,-76.77330017089844,500.0,,US,US-PA,Muncy,
351843,AE-0131,heliport,Al Dhafrah Old Hospital Heliport,23.65085,53.67729,377.0,AS,AE,AE-AZ,Zayed City,
40790,SK-345,small_airport,San Vicente Airport,3.840833,-73.456389,937.0,SA,CO,CO-MET,Castilla La Nueva,
248,SJAK,small_airport,Fazenda F5 Airport,-18.364181,-48.872128,1726.0,SA,BR,BR-MG,Tupaciguara,
338838,US-2498,closed,Sauceda Wash Target Strip,32.66839,-112.61756,,,US,US-AZ,Gila Bend,
318366,BR-0074,small_airport,Alta Floresta D'Oeste Airport,-11.919358,-61.97612,,SA,BR,BR-RO,Alta Floresta D'Oeste,
510172,SJH3,small_airport,Fazenda Santa Maria Airport,-11.64,-48.218333,899.0,SA,BR,BR-TO,São Valério,
5891,SBCT,medium_airport,Afonso Pena Airport,-25.5285,-49.1758,2988.0,SA,BR,BR-PR,Curitiba,CWB
19159,K93F,small_airport,Mignon Laird Municipal Airport,35.60749816894531,-99.70469665527344,2084.0,,US,US-OK,Cheyenne,
341450,MX-1586,closed,Los Pilares Airport,30.41446,-104.86985,,,MX,MX-CHH,Ojinaga,
22325,MS21,small_airport,Lester Field,33.33209991455078,-90.58200073242188,115.0,,US,US-MS,Inverness,
43665,RU-0080,small_airport,Murmashi Airfield,68.8067,32.8077,245.0,EU,RU,RU-MUR,Murmansk,
6233,SPQU,medium_airport,Rodríguez Ballón International Airport,-16.3411006927,-71.5830993652,8405.0,SA,PE,PE-ARE,Arequipa,AQP
26438,VABO,medium_airport,Vadodara Airport,22.336201,73.226303,129.0,AS,IN,IN-GJ,Vadodara,BDQ
35374,OAGZ,small_airport,Gardez Airport,33.627366,69.237023,7790.0,AS,AF,AF-PIA,Gardez,GRG
12174,58KS,small_airport,Burger's Valley Airport,38.92219924926758,-97.70860290527344,1325.0,,US,US-KS,Salina,
340774,JP-1326,closed,Yanagimoto Airfield,34.566944,135.823333,187.0,AS,JP,JP-29,Tenri,
22416,MT19,small_airport,Hoversland Airport,47.591,-114.052002,3330.0,,US,US-MT,Ronan,
24408,SC10,closed,State Line Ultraport/Flightpark Ultralightport,35.178483,-81.805482,870.0,,US,US-SC,Gaffney,
45037,RU-0274,heliport,Vlasikha Helipad,55.6835124185,37.1829593182,,EU,RU,RU-MOS,Vlasikha,
2825,FAPM,medium_airport,Pietermaritzburg Airport,-29.6490001678,30.3987007141,2423.0,AF,ZA,ZA-NL,Pietermaritzburg,PZB
511317,US-8076,small_airport,Eudora West Airport,33.12049,-91.38122,103.0,,US,US-AR,Eudora,
340735,JP-1289,closed,Nagano Airstrip,33.873333,133.034444,,AS,JP,JP-38,Saijo,
349281,BR-1666,heliport,Cidade Helipad,-23.545891,-46.632532,2634.0,SA,BR,BR-SP,São Paulo,
340588,AL-0004,heliport,Mother Teresa Hospital Heliport,41.339303,19.830489,420.0,EU,AL,AL-11,Tirana,
43422,FR-0082,heliport,Centre Hospitalier Henri Mondor Heliport,48.79888916015625,2.453610897064209,160.0,EU,FR,FR-IDF,Creteil,
343274,US-3727,closed,Fall River Airfield,43.80311,-121.57059,4257.0,,US,US-OR,Bend,
13433,6NJ0,closed,Lentine South Airport,39.787102,-74.377403,150.0,,US,US-NJ,Warren Grove,
333334,GB-0746,small_airport,Shempston Farm Airstrip,57.6958,-3.3661,,EU,GB,GB-SCT,,
348752,AU-0208,small_airport,Chuulangun Airport,-13.11818,143.00533,456.0,OC,AU,AU-QLD,Lockhart River,
343848,US-3874,closed,Grove Airport,25.54609,-80.4985,9.0,,US,US-FL,Homestead,
324122,BR-0271,small_airport,Santa Rita do Pardo Airstrip,-21.272796,-52.853856,,SA,BR,BR-MS,Santa Rita do Pardo,
5896,SBDN,medium_airport,Presidente Prudente Airport,-22.1751,-51.424599,1477.0,SA,BR,BR-SP,Presidente Prudente,PPB
31822,LICL,small_airport,Aviosuperficie Airone,37.113977,14.214206,82.0,EU,IT,IT-82,Gela,
14861,8AK8,small_airport,North Cubs Strip Airport,61.6300010681,-149.682998657,350.0,,US,US-AK,Wasilla,
20231,KJYM,small_airport,Hillsdale Municipal Airport,41.92129898071289,-84.58580017089844,1182.0,,US,US-MI,Hillsdale,
37040,SNBK,closed,Bocaíuva Airport,-17.1331,-43.815605,2395.0,SA,BR,BR-MG,Bocaíuva,
1287,CNA4,small_airport,Emsdale Airport,45.546196,-79.344233,1150.0,,CA,CA-ON,Katrine,
324617,IT-0244,small_airport,Trike Team Cormorano,37.0994444,14.17,,EU,IT,IT-82,Gela (CL),
28295,CPF9,seaplane_base,Lake Rosseau/Arthurlie Bay Seaplane Base,45.11669921875,-79.55000305175781,742.0,,CA,CA-ON,,
338217,PH-0261,closed,Mabantao Airstrip,7.62172,125.72929,85.0,AS,PH,PH-DAV,Kapalong,
334502,JP-0138,heliport,Meguro Hilltop Walk Helipad,35.63363,139.71467,,AS,JP,JP-13,"Shinagawa, Tokyo",
324000,JP-0070,heliport,Kushiro Kojinkai Memorial Hospital Heliport,43.029277,144.397256,,AS,JP,JP-01,Kushiro,
340307,IL-0004,small_airport,Talmei Yosef Airstrip,31.1252,34.3777,,AS,IL,IL-D,Talmei Yosef,
19186,K9F0,small_airport,Dublin Municipal Airport,32.068049,-98.325774,1495.0,,US,US-TX,Dublin,
27164,YWBL,small_airport,Warrnambool Airport,-38.2952995300293,142.44700622558594,242.0,OC,AU,AU-VIC,,WMB
319446,GB-0363,small_airport,Exning Airstrip,52.2901671,0.3698329,,EU,GB,GB-ENG,,
44819,NZKD,small_airport,Motu Kaikoura Island Aerodrome,-36.1781005859375,175.32400512695312,400.0,OC,NZ,NZ-AUK,Kaikoura Island,
341803,IN-0217,heliport,Gujarat State Assembly Heliport,23.217949,72.65901,,AS,IN,IN-GJ,Gandhinagar,
40134,SVFK,small_airport,La Fe de Cojedes Airport,9.483332633972168,-67.81666564941406,412.0,SA,VE,VE-J,La Mosca,
18406,K11V,small_airport,Easton/Valley View Airport,40.3305015564,-104.60900116,4820.0,,US,US-CO,Greeley,
319699,MX-0264,small_airport,Aguililla Airport,18.742388,-102.801245,3175.0,,MX,MX-MIC,Aguililla,
8626,1PR3,heliport,San Patricio Heliport,18.406099319458008,-66.10600280761719,157.0,,PR,PR-U-A,Guaynabo,
17202,FA09,small_airport,Arliss M Airport,29.34079933166504,-82.26370239257812,200.0,,US,US-FL,Fairfield,
30713,BIBI,small_airport,Baeir Airport,66.097838,-22.569713,60.0,EU,IS,IS-4,Baeir,
352543,US-6447,small_airport,Gunderson Airport,37.67236,-115.84327,4836.0,,US,US-NV,Alamo,
15422,94KY,small_airport,Woosley Airport,37.5005989074707,-87.32939910888672,400.0,,US,US-KY,Rumsey,
45398,8ID8,small_airport,Lewis and Clark Airstrip,45.354071,-113.864472,4530.0,,US,US-ID,Salmon,
23769,OK25,small_airport,Cherokee Ranch Airport,35.81330108642578,-95.75330352783205,710.0,,US,US-OK,Haskell,
13015,65XS,small_airport,Birdnest Airport,32.223201751708984,-97.28170013427734,815.0,,US,US-TX,Parker,
302026,US-0211,heliport,Atlantic City Country Club Helistop,39.3696666667,-74.54336111110001,30.0,,US,US-NJ,,
35569,SDIN,closed,Clube do Céu Airport,-22.997497,-43.40139,3.0,SA,BR,BR-RJ,Rio de Janeiro,
44080,BM-0002,closed,Naval Air Station Bermuda Annex,32.269871,-64.851616,,,BM,BM-U-A,Sandys,
326868,US-0837,small_airport,RNR Farms Airport,46.166444,-123.361977,8.0,,US,US-WA,Cathlamet,
504629,US-7292,heliport,Emergency Air Lift Pad Heliport,32.235908,-101.490503,2574.0,,US,US-TX,Big Spring,
25445,VG10,closed,Cathro Airport,37.927972,-78.551216,500.0,,US,US-VA,Charlottesville,
341328,JP-1474,heliport,Hepfive Helipad,34.70424,135.50071,,AS,JP,JP-27,Osaka,
3977,LBSF,large_airport,Sofia Airport,42.69669342041016,23.411436080932617,1742.0,EU,BG,BG-23,Sofia,SOF
343027,US-3596,closed,Bardstown Landing Strip,37.81469,-85.53978,624.0,,US,US-KY,Bardstown,
347978,US-5231,closed,Dolan Creek Airport,29.9428,-100.96065,1597.0,,US,US-TX,Del Rio,
10081,34CA,closed,Fiddyment Field,38.79209899902344,-121.3730010986328,98.0,,US,US-CA,Roseville,
32616,VYPI,small_airport,Pearl Island Airport,11.276081,98.213278,5.0,AS,MM,MM-05,Pearl Island,
351706,AU-0272,small_airport,Planet Downs OS,-25.872662,141.116788,,OC,AU,AU-QLD,Planet downs OS,
11259,48P,small_airport,Rocky Hill Ultralightport,41.148575,-75.27518,1240.0,,US,US-PA,Cresco,
430621,GB-1052,small_airport,Walk Farm Airstrip,53.51865,-0.1766,,EU,GB,GB-ENG,,
320123,CA-0595,small_airport,Didsbury/Minty Field,51.6535,-114.353,3480.0,,CA,CA-AB,Didsbury,
14273,7NC6,small_airport,Kimrey Airport,36.05540084838867,-79.32669830322266,624.0,,US,US-NC,Mebane,
101,LB34,closed,Stefanovo Airstrip,43.506901,27.8449,905.0,EU,BG,BG-08,Stefanovo,
319712,GBM,small_airport,Garbaharey Airport,3.32294,42.21309,755.0,AF,SO,SO-GE,Garbaharey,GBM
335197,UESV,small_airport,Svatay Airport,68.057338,151.79625,,EU,RU,RU-SA,,
4224,LFRV,medium_airport,Vannes-Meucon Airport,47.72330093383789,-2.718559980392456,446.0,EU,FR,FR-BRE,Vannes/Meucon,VNE
24925,TN09,small_airport,Fergusons Flying Circus Airport,35.7140007019043,-84.41100311279297,910.0,,US,US-TN,Philadelphia,
350286,US-5928,closed,Painted Canyon Airport,29.8395,-101.45326,1451.0,,US,US-TX,Langtry,
355077,US-6878,heliport,Samaritan Hospital Heliport,39.748588,-92.468968,882.0,,US,US-MO,Macon,
14978,6FL8,small_airport,Ames Field,29.58749961853028,-82.87120056152344,64.0,,US,US-FL,Trenton,
320197,IT-0420,small_airport,Campo di Volo Top Gun,44.682302,10.568648,259.0,EU,IT,IT-45,"Cavriago (RE), loc. Coviolo",
320323,CGF3,closed,Guliker Field,52.526743,-106.359473,1620.0,,CA,CA-SK,Hague,
19812,KF35,small_airport,Possum Kingdom Airport,32.92319869995117,-98.4364013671875,1008.0,,US,US-TX,Graford,
331523,MX-1055,heliport,Marina  Vallarta Heliport,20.653186,-105.244269,20.0,,MX,MX-JAL,Puerto Vallarta,
351851,AE-0138,heliport,Al Ruwais Hospital Heliport,24.101287,52.738266,72.0,AS,AE,AE-AZ,Al Ruwais,
43098,US-0044,closed,Heckendorf Ranches-Georgia Pass Ranch Airport,39.408298,-105.836998,9869.0,,US,US-CO,Jefferson,
343790,US-3833,closed,Rich Field,31.54304,-97.18765,602.0,,US,US-TX,Waco,
26254,XS29,closed,Sonny Broussard Landing Strip,29.990801,-94.422401,35.0,,US,US-TX,Nome,
315944,DE-0291,small_airport,Sonderlandeplatz Morschenich,50.8730556,6.5527778,338.0,EU,DE,DE-NW,Morschenich,
20070,KHNZ,small_airport,Henderson Oxford Airport,36.36159897,-78.52919769,526.0,,US,US-NC,Oxford,
30594,EGXQ,closed,RAF Lindholme,53.549999,-0.967,20.0,EU,GB,GB-ENG,Doncaster,
430011,US-7111,balloonport,Great Park Balloon Ride,33.6726,-117.7431,270.0,,US,US-CA,Irvine,
13619,6X0,small_airport,Tarrant Field,32.097401,-95.294701,590.0,,US,US-TX,Bullard,
345952,US-4635,small_airport,Foster Ranch Airport,31.22266,-104.31489,3832.0,,US,US-TX,Van Horn,
4920,MM81,small_airport,Estación Aeronaval de Isla Socorro,18.775949,-110.930972,1085.0,,MX,MX-BCS,Archipiélago de Revillagigedo,
29524,LSZN,small_airport,Flugplatz Hausen am Albis,47.238602,8.51556,1928.0,EU,CH,CH-ZH,,
342615,SBOE,small_airport,Fazenda Americana Airport,-12.587371,-52.095226,1181.0,SA,BR,BR-MT,Querência,
28508,EDPB,small_airport,Bad Ditzenbach Airfield,48.562778,9.728889,2362.0,EU,DE,DE-BW,Bad Ditzenbach,
3939,KUCA,closed,Oneida County Airport,43.1451,-75.383904,742.0,,US,US-NY,Utica,
339787,FR-0452,small_airport,Aérodrome privé Le Quilloux,47.59963,-1.9143,120.0,EU,FR,FR-PDL,Pléssé,
335408,BR-0872,heliport,Asa Branca Heliport,-8.190833,-35.5175,1624.0,SA,BR,BR-PE,Gravatá,
429744,05OH,small_airport,Eaglecrest Field,40.184513,-81.920564,968.0,,US,US-OH,Conesville,
21173,KT90,small_airport,Chambers County Winnie Stowell Airport,29.819461,-94.431067,25.0,,US,US-TX,Winnie,
318630,TZ-0069,small_airport,Kagera Sugar Airport,-1.233641,31.327325,3830.0,AF,TZ,TZ-05,,
342223,UA-0155,heliport,GK Tavriya Resort Seaside Helipad,44.4043,33.8779,,EU,UA,UA-43,Yalta,
22529,MU35,small_airport,Tallen Airport,40.26750183105469,-94.7865982055664,1123.0,,US,US-MO,Arkoe,
511306,US-8065,closed,Hoppy Field,31.40874,-90.52458,472.0,,US,US-MS,Bogue Chitto,
42097,MHMC,heliport,Hacienda Montecristo Heliport,14.866666793823242,-88.75833129882812,4140.0,,HN,HN-CP,Hacienda Montecristo,
8770,1XS9,closed,Beefmaster's Best Airport,28.395599,-98.220802,250.0,,US,US-TX,Three Rivers,
308012,AYED,small_airport,Edwaki Airport,-3.883986,141.792234,190.0,OC,PG,PG-SAN,Yellow River Mission,XYR
46195,RU-0340,heliport,Ataka Helipad,55.5901813455,84.97959136959999,,EU,RU,RU-KEM,,
506183,BR-1801,small_airport,Fazenda Sequóia Airport,-17.653191,-42.265834,3701.0,SA,BR,BR-MG,Setubinha,
24963,TN47,closed,Needham's Airport,35.289001,-89.741203,289.0,,US,US-TN,Arlington,
10005,32KY,heliport,St Elizabeth Medical Center South Heliport,39.01029968261719,-84.55690002441406,873.0,,US,US-KY,Edgewood,
324545,AR-0621,small_airport,La Sistina Airstrip,-36.974031,-62.436969,,SA,AR,AR-B,,
333908,BR-0611,small_airport,Fazenda Vale Airport,-12.429516,-56.196698,1263.0,SA,BR,BR-MT,Tapurah,
504865,PH-0549,heliport,Plamango Heliport,6.68242,124.3679,1293.0,AS,PH,PH-SUK,Esperanza,
6772,04LS,heliport,La National Guard Heliport,30.44610023498535,-91.10530090332033,52.0,,US,US-LA,Baton Rouge,
40282,SVRF,closed,La Reforma Airport,9.11999988556,-66.4233322144,500.0,SA,VE,VE-J,,
24548,SD71,small_airport,Bogner Field,43.11660003662109,-103.36699676513672,3660.0,,US,US-SD,Oelrichs,
17733,IA56,small_airport,Farrar Airport,41.78049850463867,-93.37940216064452,916.0,,US,US-IA,Farrar,
35060,BY-4247,small_airport,Pribytki Air Base,52.30500030517578,31.163299560546875,456.0,EU,BY,BY-HO,Gomel,
323373,KR-0069,heliport,C-708 Heliport,35.901392,126.680461,270.0,AS,KR,KR-45,Sinjang,
510270,SJG6,small_airport,Meta Agro Airport,-13.5451,-52.19035,1365.0,SA,BR,BR-MT,Canarana,
42022,SV-0003,closed,El Playón Airport,13.454823,-88.756378,137.0,,SV,SV-SV,San Fernando,
7185,0GA3,small_airport,Ayresouth Airport,33.77009963989258,-85.06079864501953,1287.0,,US,US-GA,Temple,
321894,CML3,seaplane_base,Mink Lake Water Aerodrome,44.010731,-65.888588,70.0,,CA,CA-NS,Carleton,
40937,SK-247,small_airport,Tesalia Airport,2.456389,-75.450278,5252.0,SA,CO,CO-HUI,Tesalia,
44988,JO-0005,small_airport,Wadi El Murbah Highway Strip,32.730667612,38.9783120155,,AS,JO,JO-MA,,
39298,SCUN,small_airport,Uni Frutti Airport,-34.81305694580078,-71.04611206054688,950.0,SA,CL,CL-ML,Teno,
346195,10NK,heliport,Glens Falls Hospital Heliport,43.307336,-73.646211,328.0,,US,US-NY,Glens Falls,
334428,JP-0103,small_airport,Menuma Number 2 Gliderport,36.20044,139.43405,,AS,JP,JP-11,Kumagaya,
35719,SDSE,small_airport,Sítio Santa Helena Airport,-21.47333335876465,-50.61555480957031,1414.0,SA,BR,BR-SP,Gabriel Monteiro,
506483,US-7537,closed,Mann Lake Ranch Airport,42.72589,-118.46594,4281.0,,US,US-OR,Diamond,
12694,5TX0,small_airport,Hidden Valley Airpark,33.17350006103516,-97.05139923095705,611.0,,US,US-TX,Lake Dallas,
353316,CKZ5,small_airport,Keizers Air Park,44.1725,-66.16249,134.0,,CA,CA-NS,Meteghan,
345409,US-4460,heliport,Mitchell County Hospital Heliport,32.40588,-100.87592,2147.0,,US,US-TX,Colorado City,
40093,SVBR,small_airport,Carbonero Airport,10.416666984558104,-68.66666412353516,328.0,SA,VE,VE-U,,
349730,CA-0445,closed,RCAF Detachment Standoff,49.55,-113.3333,3290.0,,CA,CA-AB,,
25222,U54,small_airport,Bernard US Forest Service Airport,44.979598999,-114.73500061,3626.0,,US,US-ID,Bernard,
354428,AYYZ,small_airport,Yambaitok,-4.995345,143.96143,637.0,OC,PG,PG-ESW,Yambaitok,
350494,AU-0229,small_airport,Limekilns airfield,-33.267613,149.725885,,OC,AU,AU-NSW,Limekilns,
346164,US-4733,small_airport,Dudley Ranch Airport,30.25761,-102.26236,2585.0,,US,US-TX,Sanderson,
337435,MX-1334,small_airport,Vista Hermosa Airport,18.649854,-99.261442,3268.0,,MX,MX-MOR,Puente de Ixtla,
508038,ID-0280,small_airport,Samenage Airstrip,-4.395446,139.030167,7100.0,AS,ID,ID-PP,Samenage,
339813,US-2937,closed,Smurr Airport,32.9272,-112.82856,,,US,US-AZ,Gila Bend,
44721,SIUQ,small_airport,Fazenda Primavera Airport,-20.975095,-54.329528,1624.0,SA,BR,BR-MS,Campo Grande,
329609,ND55,small_airport,Sperr Airport,46.788111,-98.536965,1465.0,,US,US-ND,Ypsilanti,
7161,0FA1,small_airport,Ott's Landing Airport,27.3039,-81.880403,65.0,,US,US-FL,Arcadia,
13215,6CL0,closed,Majors Airport,35.5261,-119.101997,640.0,,US,US-CA,Bakersfield,
331516,BR-0435,heliport,Metropolitan Helipad,-16.704961,-49.240892,2976.0,SA,BR,BR-GO,Goiânia,
341873,AE-0052,heliport,Al Saud Building Helipad,25.363744,55.391514,,AS,AE,AE-SH,Sharjah,
318476,AO-0012,small_airport,Jamba Airport,-17.454765,22.607245,,AF,AO,AO-CCU,Jamba,
338388,US-2276,small_airport,Mafrige Ranch Inc Airport,29.811167,-100.687417,1847.0,,US,US-TX,Rocksprings,
15015,8M2,small_airport,Sally Wofford Airport,35.590301513671875,-90.9136962890625,245.0,,US,US-AR,Weiner,
354450,SA-0061,heliport,KAPSARC Helipad,24.874737,46.724237,,AS,SA,SA-01,Riyadh,
334983,BR-0718,small_airport,Fazenda Nobel Pará Airport,-8.977778,-50.368611,692.0,SA,BR,BR-PA,Santana do Araguaia,
38844,AR-0169,small_airport,General La Madrid Airport,-37.226261,-61.279101,560.0,SA,AR,AR-B,General La Madrid,
23927,OR77,small_airport,Faust Field Airport,44.80224,-123.155794,175.0,,US,US-OR,Independence,
240,SIVU,small_airport,João Moteiro Airport,-20.422911,-40.332484,16.0,SA,BR,BR-ES,Vila Velha,
315554,VQBT,small_airport,Bathpalathang Airport,27.5622,90.7471,8485.0,AS,BT,BT-33,Jakar,BUT
41092,SDYX,small_airport,Campo Maior Airport,-4.8541669845581055,-42.260555267333984,490.0,SA,BR,BR-PI,Campo Maior,
328140,US-0891,heliport,Harvey Gulf Heliport,29.139916,-90.201486,7.0,,US,US-LA,Golden Meadow,
10757,3PN9,small_airport,Phil Cain Memorial Field Ultralight Flightpark,40.444399,-79.558053,1210.0,,US,US-PA,Export,
339066,US-2610,heliport,Promenade Towers North Helipad,34.05772,-118.25246,,,US,US-CA,Los Angeles,
42062,MHFD,closed,Finca 12 Airport,15.269722,-87.902779,116.0,,HN,HN-YO,Agua Blanca,
322786,RK1E,heliport,C 109 Heliport,37.749109,126.929365,1813.0,AS,KR,KR-41,TAC Site 34,
352192,AU-0343,small_airport,Coleambally Airport No.2,-34.910226,145.892907,,OC,AU,AU-NSW,Coleambally,
319444,IT-0284,small_airport,Campo di Volo Pegaso,45.318,12.05065,,EU,IT,IT-34,Campolongo Maggiore (VE),
13115,68MO,heliport,Southeast Health Center of Stoddard County Heliport,36.80738,-89.967405,420.0,,US,US-MO,Dexter,
10983,42AR,heliport,Baxter County Sheriffs Heliport,36.33325,-92.3874,773.0,,US,US-AR,Mountain Home,
46606,IN-0054,closed,Charra Airfield,23.3657772896,86.43673896790001,,AS,IN,IN-WB,Purulia,
43222,BGST,heliport,Saattut Heliport,70.811172,-51.63129,131.0,,GL,GL-AV,Saattut,SAE
28933,LFMF,small_airport,Fayence Glider Field,43.6112,6.69715,741.0,EU,FR,FR-PAC,Fayence,
4372,LIRF,large_airport,Rome–Fiumicino Leonardo da Vinci International Airport,41.804532,12.251998,13.0,EU,IT,IT-62,Rome,FCO
20917,KRCR,small_airport,Fulton County Airport,41.0656013489,-86.18170166019999,790.0,,US,US-IN,Rochester,RCR
349262,US-5619,closed,Ingalls Airport,41.47855,-81.40026,736.0,,US,US-OH,Chagrin Falls,
320565,ES-0076,small_airport,AeroVeleta ULM,37.294754,-3.712869,2444.0,EU,ES,ES-AN,"Caparacena, Granada",
40958,SK-453,small_airport,Hacienda La Elvira Airport,4.618056,-75.921667,3307.0,SA,CO,CO-VAC,Obando,
25870,WN75,small_airport,Erin Aero Airport,43.24470138549805,-88.37229919433594,1000.0,,US,US-WI,Hartford,
346678,US-4881,heliport,Air Evac 19 Heliport,36.51837,-86.03299,985.0,,US,US-TN,Lafayette,
509404,CCA5,small_airport,Stenen/Clayton Air 3 Airport,51.8245,-102.376333,1710.0,,CA,CA-SK,,
194,SDOW,small_airport,Ourilândia do Norte Airport,-6.762992,-51.04993,751.0,SA,BR,BR-PA,Ourilândia do Norte,OIA
30367,LECI,small_airport,Santa Cilia De Jaca Airfield,42.569199,-0.727778,2241.0,EU,ES,ES-AR,Huesca,
31971,FCBM,small_airport,Mouyondzi Airport,-4.01487398147583,13.96611213684082,1670.0,AF,CG,CG-11,Mouyondzi,MUY
15802,9MD9,small_airport,G W Farm Airport,38.85200119018555,-75.68930053710938,50.0,,US,US-MD,Denton,
8107,18NE,small_airport,Doc's Airport,40.51390075683594,-97.61060333251952,1640.0,,US,US-NE,Geneva,
334242,OL10,small_airport,Waters Boone Airport,35.654524,-98.605793,1676.0,,US,US-OK,Hydro,
44748,ULNB,small_airport,Borovichi Airport,58.43600082397461,33.888999938964844,,EU,RU,RU-NGR,Borovichi,
322637,US-0500,small_airport,Nettle Creek Landings Airport,41.432067,-88.522472,608.0,,US,US-IL,Morris,
43400,FR-0060,heliport,Centre Hospitalier Heliport,48.727500915527344,1.3847219944000244,451.0,EU,FR,FR-CVL,Dreux,
25432,PAVA,small_airport,Chevak Airport,61.5409,-165.6005,75.0,,US,US-AK,Chevak,VAK
321517,ES-0187,small_airport,Fuentealamo Airfield,38.715499,-1.545093,2690.0,EU,ES,ES-CM,Chinchilla de Montearagón,
19206,K9U7,small_airport,Currant Ranch Airport,38.73600006103516,-115.4800033569336,5181.0,,US,US-NV,Currant,
334651,JP-0286,heliport,Shizuoka Prefectural Police Headquarters Helipad,34.976854,138.383746,,AS,JP,JP-22,Shizuoka,
4965,DN50,small_airport,Shiroro Airport,9.884650230407717,6.818630218505859,1305.0,AF,NG,NG-NI,,
334334,US-1283,small_airport,Spangler Farm Airport,41.012639,-84.877694,776.0,,US,US-IN,Fort Wayne,
10692,3NY4,closed,Di Stefano Airpark,42.923811,-74.626758,500.0,,US,US-NY,Fort Plain,
347155,LL77,small_airport,Herrens Bess Hollow Airfield,39.305,-90.699722,580.0,,US,US-IL,Kampsville,
320761,ES-0100,small_airport,Aeródromo de Algodor,39.898329,-3.874655,1608.0,EU,ES,ES-CM,Algodor (Toledo),
7804,12WA,small_airport,Fowlers Northwest 40 Airport,47.520577,-117.462827,2313.0,,US,US-WA,Spokane,
3783,KPNS,medium_airport,Pensacola International Airport,30.4734,-87.1866,121.0,,US,US-FL,Pensacola,PNS
2391,EGBG,small_airport,Leicester Airport,52.6077995300293,-1.03193998336792,469.0,EU,GB,GB-ENG,Leicester,
338600,JP-0868,closed,Highland Gliderport,40.193333,140.328611,,AS,JP,JP-05,Kitaakita,
4666,MHTG,medium_airport,Toncontín International Airport,14.0609,-87.217201,3294.0,,HN,HN-FM,Tegucigalpa,TGU
43482,FR-0142,heliport,Centre Hospitalier J. Monod Heliport,48.84999847412109,-1.5833330154418943,167.0,EU,FR,FR-NOR,Granville,
10072,33TS,heliport,CHI Saint Joseph Health Burleson Hospital Heliport,30.521044,-96.716567,386.0,,US,US-TX,Caldwell,
28051,YWJS,small_airport,Wee Jasper Airport,-35.133602,148.687763,,OC,AU,AU-NSW,,
320797,CBB3,seaplane_base,Lake Muskoka/Boyd Bay Seaplane Base,45.0505,-79.409002,742.0,,CA,CA-ON,Lake Muskoka,
340689,JP-1243,heliport,Sojo University Heliport,32.835439,130.699251,,AS,JP,JP-43,Kumamoto,
8019,16TA,small_airport,Seven Springs Airport,30.919701,-103.782997,3500.0,,US,US-TX,Balmorhea,
318274,AR-0541,small_airport,Servicios Aeronauticos,-37.523004,-62.452319,865.0,SA,AR,AR-B,Pigüé,
40407,VE-0058,small_airport,El Cedral Airport,7.431666851043701,-69.32666778564453,285.0,SA,VE,VE-C,Apure,
22973,NH09,heliport,Seabrook Station Heliport,42.89590072631836,-70.86119842529297,41.0,,US,US-NH,Seabrook,
505132,AU-0518,small_airport,King Vol Mine Airport,-16.89539,144.21956,,OC,AU,AU-QLD,Rookwood,
37990,SWNX,small_airport,Fazenda Independência Airport,-14.863708,-53.495098,2067.0,SA,BR,BR-MT,Santo Antônio do Leste,
353155,US-6604,closed,Burgess Airport,42.49499,-84.70302,902.0,,US,US-MI,Eaton Rapids,
13018,66CA,small_airport,Rancho San Simeon Airport,35.60770034790039,-121.11000061035156,320.0,,US,US-CA,Cambria,
325577,US-0746,closed,Fernald Field,44.647284,-68.901057,181.0,,US,US-ME,Winterport,
5174,OIKK,medium_airport,Ayatollah Hashemi Rafsanjani International Airport,30.271276,56.949692,5741.0,AS,IR,IR-08,Kerman,KER
17985,IL04,heliport,Methodist Medical Center of Illinois Heliport,40.70059967041016,-89.59480285644531,631.0,,US,US-IL,Peoria,
348596,BR-1647,closed,Costa dos Corais - Maragogi Airport (under construction),-8.99796,-35.24374,,SA,BR,BR-AL,Maragogi,
36599,SJIF,small_airport,Fazenda Nova Era Airport,-23.394166946411133,-54.75249862670898,1247.0,SA,BR,BR-MS,Iguatemi,
36037,SIIY,heliport,Brasil XXI Heliport,-15.792832,-47.89391,3901.0,SA,BR,BR-DF,Brasília,
307946,GB-0115,closed,RAF Bekesbourne,51.252397,1.160015,,EU,GB,GB-ENG,Kent,
350501,US-6006,closed,Sky Acres Airport,45.06,-122.933,185.0,,US,US-OR,Brooks,
344447,US-4112,closed,Kamp Airport,43.135129,-75.648733,,,US,US-NY,Durhamville,
40551,VE-0202,small_airport,Yajanamateli Airport,3.616667032241821,-65.19999694824219,757.0,SA,VE,VE-Z,,
31333,FZCO,small_airport,Boko Airport,-5.29199,16.774879,2297.0,AF,CD,CD-KW,Boko,
319745,IT-0356,small_airport,Giardini di Corcolle Airfield,41.900476,12.741902,324.0,EU,IT,IT-62,Roma,
29225,EILT,small_airport,Letterkenny Airfield,54.951302,-7.67283,20.0,EU,IE,IE-DL,Letterkenny,LTR
36615,SJIY,small_airport,São Leopoldo Airport,-4.979167,-56.927223,814.0,SA,BR,BR-PA,Itaituba,
18937,K5W5,small_airport,Triple W Airport,35.6203,-78.700302,244.0,,US,US-NC,Raleigh,
10451,3FL0,small_airport,Mount Royal Airport,29.43610000610352,-81.65670013427734,60.0,,US,US-FL,Welaka,
356098,CN-0371,heliport,Lhasa Liuwuxiang Heliport,29.58933,91.02058,11909.0,AS,CN,CN-54,Lhasa (Doilungdêqên),
5997,SBVH,medium_airport,Brigadeiro Camarão Airport,-12.6944,-60.098301,2018.0,SA,BR,BR-RO,Vilhena,BVH
348823,MX-1700,small_airport,Las Parcelas Airport,24.19563,-110.51887,56.0,,MX,MX-BCS,La Paz,
316160,IT-0142,small_airport,"Campo di Volo ""Il Pioniero""",45.083889,11.661667,36.0,EU,IT,IT-34,Lusia (RO),
42894,AR-0472,heliport,Dr. Mariano Moreno Heliport,-34.5631,-58.7903,104.0,SA,AR,AR-B,José C. Paz,
27785,YMLK,small_airport,Minnamoolka Airport,-18.183300018310547,145.16700744628906,,OC,AU,AU-QLD,,
355861,US-7024,heliport,McGregor Range Main Heliport,32.0768,-106.15238,4117.0,,US,US-NM,Chaparral,
35763,SDUR,small_airport,Iberá Airport,-25.051944732666,-50.19083404541,2937.0,SA,BR,BR-PR,Ponta Grossa,
352535,AU-0365,small_airport,Myall Airstrip,-30.708378,144.038143,,OC,AU,AU-NSW,,
16961,CT03,heliport,Bristol Hospital Heliport,41.675899505615234,-72.93620300292969,406.0,,US,US-CT,Bristol,
20890,KPVU,medium_airport,Provo-Utah Lake International Airport,40.2192,-111.723,4497.0,,US,US-UT,Provo,PVU
356246,IS-0004,small_airport,Kárastaða Airport,64.57267,-21.89826,81.0,EU,IS,IS-3,Borgarnes,
1551,CSQ3,small_airport,Valcourt Airport,45.48109817504883,-72.310302734375,740.0,,CA,CA-QC,Valcourt,
12229,59OR,heliport,Mc Nary Dam Heliport,45.9319000244,-119.29699707,366.0,,US,US-OR,Umatilla,
329709,MX-0931,small_airport,La Cienega Airstrip,24.863863,-106.603749,6974.0,,MX,MX-DUR,Santiago Papasquiaro,
43101,US-0047,closed,San Mar Gale Airport,39.458401,-84.131897,968.0,,US,US-OH,,
326933,KR-0252,heliport,Mukho Port Heliport,37.540345,129.115255,,AS,KR,KR-42,Mukho,
12017,54OI,heliport,Community Hospital Heliport,40.48030090332031,-83.63849639892578,9.0,,US,US-OH,Coldwater,
5717,RPUF,small_airport,Basa Air Base,14.98724,120.492554,151.0,AS,PH,PH-PAM,Floridablanca,
22106,MI99,small_airport,Robertson Field,42.79890060424805,-82.65879821777344,620.0,,US,US-MI,Richmond,
10864,3WA2,small_airport,Hanes Airport,47.500997,-118.233619,2209.0,,US,US-WA,Harrington,
8665,1TA7,small_airport,Thompson Field,32.61600112915039,-95.86830139160156,515.0,,US,US-TX,Canton,
29551,NA-0014,small_airport,Dordabis Carpet Airport,-22.95439910888672,17.639699935913086,4970.0,AF,,NA-KH,Dordabis,
45355,4FL7,heliport,Physicians Regional Medical Center Collier Boulevard Heliport,26.1066,-81.68532,14.0,,US,US-FL,Naples,
17107,DC13,closed,Walter Reed Forest Glen Heliport,39.006529,-77.056603,310.0,,US,US-MD,Washington,
346604,US-4858,small_airport,Natural Selection Airport,35.916936,-84.447094,1045.0,,US,US-TN,Harriman,
12584,5OH2,heliport,Odot District 03 Heliport,40.87670135498047,-82.29540252685547,1012.0,,US,US-OH,Ashland,
14915,8FL1,small_airport,Mc Donald's Field,27.1970005035,-81.9156036377,54.0,,US,US-FL,Arcadia,
19609,KD73,small_airport,Monroe Walton County Airport,33.782398,-83.692903,875.0,,US,US-GA,Monroe,
45003,RU-0245,small_airport,Nikitino Airfield,56.806,37.69,,EU,RU,RU-MOS,Taldom,
13852,75KY,small_airport,Hisle Field,37.94419860839844,-83.997802734375,770.0,,US,US-KY,Winchester,
25139,TX22,small_airport,Leroux Airport,33.10179901123047,-97.15499877929688,670.0,,US,US-TX,Argyle,
430510,US-7157,closed,Former Dublin Airport,32.1038,-98.30114,1401.0,,US,US-TX,Dublin,
38654,YWOM,small_airport,Woolomin Airport,-31.316699981689453,151.13299560546875,,OC,AU,AU-NSW,,
337199,IT-0605,heliport,Eliporto aereotre,40.448041,17.622639,,EU,IT,IT-75,Manduria,
24163,PN56,closed,Miller Airport,40.8853,-78.739197,1540.0,,US,US-PA,Mahaffey,
314567,SYSC,small_airport,Sand Creek Airport,2.9913,-59.51,360.0,SA,GY,GY-UT,Sand Creek,SDC
331815,GB-0623,heliport,Aberdeen Royal Infirmary Helistrip,57.152453,-2.134904,,EU,GB,GB-SCT,Aberdeen,
7731,11NK,small_airport,Hop House Airpark,42.91389846801758,-74.61170196533203,530.0,,US,US-NY,Fort Plain,
339277,MX-1496,closed,San Jose de las Piedras Airport,28.79319,-102.70617,,,MX,MX-COA,Ocampo,
23895,OR45,small_airport,West Point Airport,44.19710159301758,-123.05599975585938,378.0,,US,US-OR,Coburg,
3558,KGLS,medium_airport,Scholes International At Galveston Airport,29.265300750732425,-94.8603973388672,6.0,,US,US-TX,Galveston,GLS
320158,IT-0410,small_airport,Aviosuperficie Aero Club Valdarno S.C.U.V.,43.53084,11.473086,1131.0,EU,IT,IT-52,Cavriglia (AR),
41960,MRLI,small_airport,La Ligia Airport,9.515270233154297,-84.30149841308594,16.0,,CR,CR-P,Parrita,
308379,MX-0018,small_airport,Bahía Ballenas Airstrip,26.805556,-113.476389,10.0,,MX,MX-BCS,Mulegé,
327249,87MI,heliport,Ascension Borgess Pipp Hospital Heliport,42.447261,-85.654975,726.0,,US,US-MI,Plainwell,
43294,LERE,small_airport,Aeródromo Requena El Rebollar,39.474701,-1.03444,2340.0,EU,ES,ES-VC,Requena,
2234,EDHI,medium_airport,Hamburg-Finkenwerder Airport,53.5352783203125,9.835556030273438,23.0,EU,DE,DE-HH,Hamburg,XFW
18748,K3V5,closed,Fort Collins Downtown Airport,40.588299,-105.042,4939.0,,US,US-CO,Fort Collins,
13441,6NJ8,closed,Lance Airport,40.591801,-74.791298,275.0,,US,US-NJ,Whitehouse Station,
321235,LPMC,heliport,Macedo de Cavaleiros,41.52532,-6.966368,1781.0,EU,PT,PT-04,Macedo de Cavaleiros,
45035,RU-0272,heliport,Belaya Dacha Helipad,55.6550134703,37.8673732281,,EU,RU,RU-MOS,Kotelniki,
43968,AO-0002,small_airport,Nancova Airport,-16.39637,18.978764,,AF,AO,AO-CCU,Nancova,
348863,US-5533,closed,Lewisburg Airfield,40.97019,-76.89879,455.0,,US,US-PA,Lewisburg,
319587,MM62,small_airport,Zacacoyuca Airport,18.269215,-99.510887,2890.0,,MX,MX-GRO,Iguala de la Independencia,
6795,04TS,heliport,Hummingbird Heliport,30.553284,-97.605358,690.0,,US,US-TX,Round Rock,
180,SDLJ,small_airport,Igarapé Bahia Airport,-6.04778,-50.580147,2257.0,SA,BR,BR-PA,Parauapebas,
14074,7CL5,closed,Playa Vista 1 Heliport,33.980801,-118.404999,15.0,,US,US-CA,Culver City,
343072,US-3635,closed,Calexico North Airfield,32.70028,-115.49504,3.0,,US,US-CA,Calexico,
42614,KE-6646,small_airport,Marrian's Airport,-0.3405900001525879,36.91352462768555,6400.0,AF,KE,KE-200,Mweiga,
333053,BR-0557,heliport,Basalto Base 6 Heliport,-23.003931,-47.088285,2136.0,SA,BR,BR-SP,Campinas,
505413,GB-1055,small_airport,Patridge Green Airstrip,50.953317,-0.3159,,EU,GB,GB-ENG,,
316229,CA-0559,closed,Calling Lake Water Aerodrome,55.226,-113.198,1948.0,,CA,CA-AB,Calling Lake,
343171,BR-1503,small_airport,Fazenda Nova Esperança Airstrip,-15.872767,-57.352044,784.0,SA,BR,BR-MT,Cáceres,
17250,FA60,small_airport,Vince's Condominium Association Airport,27.23889923095703,-81.38590240478516,115.0,,US,US-FL,Lake Placid,
23244,NM25,small_airport,Lincoln Station Airport,34.12139,-105.6777,6655.0,,US,US-NM,Corona,
9528,2M1,small_airport,Harry S Truman Regional Airport,39.01810073852539,-94.08719635009766,860.0,,US,US-MO,Bates City,
37868,SWFF,small_airport,Fazenda Figueira Branca Airport,-10.723610877991,-54.838333129883,1001.0,SA,BR,BR-MT,Sinop,
3328,VI66,small_airport,Fukche Advanced Landing Ground,32.937401,79.213203,13700.0,AS,IN,IN-LA,Koyul,
338946,MX-1471,closed,Los Molinos Airstrip,31.14402,-111.74862,,,MX,MX-SON,Altar,
11275,49C,small_airport,Camp Lake Airport,42.53340148925781,-88.15840148925781,755.0,,US,US-WI,Camp Lake,
45869,29VT,seaplane_base,Middle Hero Seaplane Base,44.756389,-73.266667,105.0,,US,US-VT,Grand Isle,
27888,YPKL,small_airport,Puckapunyal (Military) Airport,-37.0,145.06300354003906,168.0,OC,AU,AU-VIC,,
27824,YMWM,small_airport,Mount William Airport,-37.2954958244,142.603397369,,OC,AU,AU-VIC,,
21328,KVLA,small_airport,Vandalia Municipal Airport,38.991501,-89.166199,537.0,,US,US-IL,Vandalia,VLA
40716,SK-290,small_airport,Guaicarano Airport,4.460556,-72.95,650.0,SA,CO,CO-MET,Barranco De Upía,
351505,PH-0450,small_airport,Malalag Airport,6.57319,125.3968,125.0,AS,PH,PH-DAS,Malalag,
43467,FR-0127,heliport,Centre Hospitalier Heliport,50.41444396972656,1.6630560159683228,152.0,EU,FR,FR-HDF,Rang Du Fliers,
18496,K1N1,small_airport,Sandia Airpark Estates East Airport,35.094501,-106.167,6550.0,,US,US-NM,Edgewood,
27295,FASH,small_airport,Stellenbosch Airport,-33.980983,18.822327,295.0,AF,ZA,ZA-WC,Stellenbosch,
345726,MX-1634,closed,Mesa El Elefante Airport,29.76262,-101.51469,1243.0,,MX,MX-COA,Ciudad Acuña,
324068,KR-0098,heliport,Jawol-myeon Heliport (자월면 헬리콥터),37.249679,126.310622,,AS,KR,KR-28,Jawol-myeon,
334990,BR-0724,small_airport,Condomínio Liberty Airport,-16.449075,-49.012169,3353.0,SA,BR,BR-GO,Montividiu,
320746,DE-0361,small_airport,Mellenthin UL,53.9175,14.0325,66.0,EU,DE,DE-MV,Mellenthin (Usedom),
4945,MYES,medium_airport,Staniel Cay Airport,24.16909980773925,-76.43910217285156,5.0,,BS,BS-EX,,TYM
35665,SDOY,heliport,Ambev Heliport,-23.213888168335,-45.998611450195,1854.0,SA,BR,BR-SP,Jacareí,
321106,UA-0098,small_airport,Zabroshennyy Airport,49.532738,29.887719,,EU,UA,UA-32,Volodarka,
12132,57K,closed,Gilmore Airport,38.128109,-94.747639,900.0,,US,US-KS,Pleasanton,
323827,JP-0015,heliport,Okushiritou Sub Base JASDF Helipad,42.160978,139.443085,,AS,JP,JP-01,Okushiritou,
18440,K19M,small_airport,C. A. Moore Airport,33.1254997253,-90.0255966187,340.0,,US,US-MS,Lexington,
324165,KR-0135,heliport,Gorangpo-ri Helipad,37.977964,126.829604,,AS,KR,KR-41,Gorangpo-ri,
511546,US-8120,closed,Halverson Airport,43.37442,-93.78503,1270.0,,US,US-IA,Thompson,
15074,8ND5,small_airport,Ausk Strip,46.76390075683594,-97.40540313720705,1020.0,,US,US-ND,Chaffee,
511107,SJM2,small_airport,Fazenda Fortaleza do Inajá,-8.528517,-50.584075,807.0,SA,BR,BR-PA,Santa Maria das Barreiras,
25844,WN49,small_airport,Blue Heron Field,48.121799,-123.087997,20.0,,US,US-WA,Sequim,
320583,CA-0632,closed,Green Lake Water Aerodrome,54.27,-107.795,1493.0,,CA,CA-SK,Green Lake,
2399,EGCD,closed,Manchester Woodford Airport,53.3381,-2.14889,295.0,EU,GB,GB-ENG,Manchester,
2772,FABL,medium_airport,Bram Fischer International Airport,-29.092699,26.302401,4457.0,AF,ZA,ZA-FS,Bloemfontain,BFN
39586,US-0010,small_airport,Dixie Town Airport,45.55279922485352,-115.45999908447266,5618.0,,US,US-ID,Dixie,
34993,RU-5672,medium_airport,Ivanovo North Air Base,57.0583,40.981701,449.0,EU,RU,RU-IVA,Ivanovo,
27342,YARY,small_airport,Arrabury Airport,-26.69639,141.048718,334.0,OC,AU,AU-QLD,Tanbar,AAB
508581,CDT9,small_airport,Detour Lake Airport,50.043953,-79.746178,953.0,,CA,CA-ON,Detour Lake Mine,
44479,RU-0147,small_airport,Kurkachi Airfield,55.97999954223633,49.58100128173828,,EU,RU,RU-TA,Kurkachi,
506354,NR72,small_airport,Blackhawk Field,35.459001,-80.37182,746.0,,US,US-NC,Gold Hill,
45543,NM93,heliport,Lovelace Regional Hospital - Roswell Heliport,33.41762,-104.521378,3599.0,,US,US-NM,Roswell,
429710,TW-0057,heliport,Ren'ai Emergency Heliport,24.03231,121.1418,,AS,TW,TW-NAN,Ren'ai,
46215,SWGT,small_airport,Fazenda Nova Airport,-17.172918,-50.208507,1909.0,SA,BR,BR-GO,Jandaia,
7677,10MU,heliport,Freeman Neosho Hospital Heliport,36.865843,-94.369848,1110.0,,US,US-MO,Neosho,
11803,4WN6,heliport,Bay Area Medical Center Heliport,45.07279968261719,-87.61820220947266,608.0,,US,US-WI,Marinette,
327135,KR-0340,heliport,Haeundae Doosan We’ve Centrum Apartments Heliport,35.168167,129.176299,,AS,KR,KR-26,Haeundae (Busan),
