Airport_ID,AirportCode,LocationType,OfficialName,Lat,Lng,ElevationFeet,Continent,CountryCode,RegionCode,MunicipalityName,IATA_Code
310838,ID-0110,small_airport,Nipsan Airstrip,-4.1141,139.6438,6000.0,AS,ID,ID-PA,Nipsan,
35201,MH-AIM,small_airport,Ailuk Airport,10.21679974,169.9830017,,OC,MH,MH-ALK,Ailuk Island,AIM
35627,SDMI,heliport,Comando do 8º Distrito Naval Heliport,-23.593708,-46.646335,2580.0,SA,BR,BR-SP,São Paulo,
24515,SD33,small_airport,Sky Ranch For Boys Airport,45.5,-104.0,3200.0,,US,US-SD,Camp Crook,
318749,KE-0146,small_airport,Kuluo Airport,-1.12471,35.197795,,AF,KE,KE-700,Kuluo,
6636,01XS,heliport,Meadowood Ranch Heliport,32.02019882,-95.74549866,500.0,,US,US-TX,Athens,
12815,61G,small_airport,Randolph's Landing Area Airport,43.113187,-84.520526,700.0,,US,US-MI,St Johns,
298397,CA-0467,closed,Ajax / Picov Downs Airport,43.870859,-79.011869,,,CA,CA-ON,Ajax,
31970,YMUC,small_airport,Muccan Station Airport,-20.65889931,120.0670013,300.0,OC,AU,AU-WA,Muccan Station,MUQ
329218,MX-0859,heliport,Cinepolis Heliport,19.715171,-101.119145,6886.0,,MX,MX-MIC,Morelia,
316219,CZ-0067,small_airport,Frymburk UL,48.698611,14.1975,2618.0,EU,CZ,CZ-JC,Frymburk,
22717,NA44,small_airport,Georgeson Farm Strip,47.65420151,-99.1595993,1535.0,,US,US-ND,New Rockford,
354297,MG-0013,small_airport,Anahidrano Airport,-15.022743,47.909478,243.0,AF,MG,MG-M,Anahidrano,
324589,US-0587,small_airport,Lone Tree Airport,45.022277,-97.844861,1799.0,,US,US-SD,Crocker,
340065,GB-0966,small_airport,Nairns Mains Airstrip,55.937592,-2.849793,-1.0,EU,GB,GB-SCT,,
355614,JP-3062,heliport,Hanzan Park Heliport,34.24452,133.84043,105.0,AS,JP,JP-37,Marugame,
10267,38C,small_airport,Cain Field,43.59999847,-85.49310303,889.0,,US,US-MI,Stanwood,
315745,AU-0103,heliport,Eurong Heliport,-25.505,153.1292,33.0,OC,AU,AU-QLD,Eurong Ranger's Station,
37539,SSKC,small_airport,Fazenda União Airport,-19.292785,-52.05937,1758.0,SA,BR,BR-MS,Inocência,
37102,SNHE,small_airport,Fazenda Inhumas do Chapadão Airport,-19.305833,-48.193333,2792.0,SA,BR,BR-MG,Uberaba,
44821,NZNH,heliport,Nelson Hospital Heliport,-41.28829956,173.2720032,180.0,OC,NZ,NZ-NSN,Nelson,
4024,LEOC,small_airport,Ocaña Airport,39.9375,-3.50333,2405.0,EU,ES,ES-CM,Ocaña,
329935,US-1044,small_airport,Good Life Ranch Airport,35.100344,-97.786225,1240.0,,US,US-OK,Chickasha,
31456,FZSC,small_airport,Songa Airport,-8.100000381,25.03300095,3526.0,AF,CD,CD-KA,Songa,
343063,US-3626,closed,Central Park Airport,33.4777,-86.8903,535.0,,US,US-AL,Birmingham,
15265,8XS6,small_airport,Mc Manus Field,33.45220184,-96.83280182,695.0,,US,US-TX,Tioga,
338613,JP-0880,closed,Niragawa Airfield,36.37638,139.87111,,AS,JP,JP-09,Shimotsuke,
35469,SDCZ,small_airport,Fazenda Bom Jardim Airport,-22.935156,-44.091825,16.0,SA,BR,BR-RJ,Mangaratiba,
35205,MH-MJE,small_airport,Majkin Airport,7.76291,168.26576,24.0,OC,MH,MH-NMU,Majkin,MJE
5848,SAZN,medium_airport,Presidente Peron Airport,-38.949001,-68.155701,895.0,SA,AR,AR-Q,Neuquen,NQN
7931,15CL,closed,Hunt Farms Airport,37.342701,-120.403999,223.0,,US,US-CA,Merced,
23915,OR65,small_airport,Eagle Nest Ranch Airport,45.35480118,-122.3460007,425.0,,US,US-OR,Estacada,
11139,45TA,heliport,Spl Heliport,29.65909958,-95.42880249,63.0,,US,US-TX,Houston,
19622,KDEH,small_airport,Decorah Municipal Airport,43.275501,-91.739403,1158.0,,US,US-IA,Decorah,DEH
41156,FABT,small_airport,Bethesda Road Airport,-31.87319946,24.7968998,4630.0,AF,ZA,ZA-EC,Bethesda,
324297,MX-0547,small_airport,Las Salvias Airstrip,25.664613,-107.499709,2943.0,,MX,MX-SIN,Culiacán,
313964,MDV,small_airport,Médouneu Airport,1.0085,10.7552,2100.0,AF,GQ,GQ-CS,"Médouneu, Gabon",MDV
45643,SSGD,heliport,Pereira Alvim Heliport,-21.218889,-47.805,2096.0,SA,BR,BR-SP,Ribeirão Preto,
322842,KR-0038,heliport,Majang-ro Heliport,37.496329,126.698308,,AS,KR,KR-28,Incheon,
6459,UHMP,medium_airport,Pevek Airport,69.783302,170.597,11.0,EU,RU,RU-CHU,Apapelgino,PWE
346455,GB-1010,small_airport,Bennetsfield Private Airstrip,57.55888,-4.19959,,EU,GB,GB-SCT,,
18141,IN72,small_airport,Mayer Airport,40.78590012,-85.24420166,820.0,,US,US-IN,Union Dale,
322137,US-0411,heliport,Doctors Hospital Heliport,33.487583,-82.095592,400.0,,US,US-GA,Augusta,
318539,KE-0078,small_airport,Kalacha Airport,3.134855,37.426236,,AF,KE,KE-400,Kalacha,
326130,FR-0365,heliport,Cavallo Helistrip,41.368431,9.264111,,EU,FR,FR-COR,Ile Cavallo,
43901,BG-0010,closed,Krushovene Airfield,43.623531,24.378567,130.0,EU,BG,BG-15,Krushovene,
14182,7KS9,small_airport,Eagle Field,37.84889984,-97.51000214,1379.0,,US,US-KS,Bentley,
18155,IN86,small_airport,Wilson Airport,41.28030014,-86.63200378,714.0,,US,US-IN,Knox,
46299,6OG3,small_airport,Sky Wagon Ranch Airport,42.130283,-121.531633,4150.0,,US,US-OR,Klamath Falls,
30673,MDCY,medium_airport,Samaná El Catey International Airport,19.269259,-69.737405,30.0,,DO,DO-20,Samana,AZS
23956,P18,heliport,Papago Army Heliport,33.47200012,-111.9639969,1250.0,,US,US-AZ,Phoenix,
299719,99II,small_airport,Cooper Field,39.5835,-86.952527,880.0,,US,US-IN,Reelsville,
29331,ESGY,small_airport,Säffle Airport,59.09120178,12.95860004,,EU,SE,SE-S,Säffle,
3265,HUSO,medium_airport,Soroti Airport,1.727689981,33.62279892,3697.0,AF,UG,UG-E,Soroti,SRT
1626,CWC2,heliport,Kelowna (Wildcat Helicopters) Heliport,49.8674232,-119.5792294,1640.0,,CA,CA-BC,Kelowna,
25623,WA26,small_airport,Harrah Airport,46.411419,-120.634389,845.0,,US,US-WA,Brownstown,
24657,SN80,heliport,Girard Medical Center Heliport,37.515524,-94.857835,995.0,,US,US-KS,Girard,
317856,LIAL,small_airport,Aviosuperficie Sant'Illuminato,43.353667,12.216667,984.0,EU,IT,IT-55,Città di Castello (PG),
340606,JP-1183,heliport,Sapporo General Hospital Helipad,43.070974,141.334411,,AS,JP,JP-01,Sapporo,
341010,JP-1394,heliport,Sky City Toyosu Bayside Tower Helipad,35.66222,139.7929,,AS,JP,JP-13,"Koto, Tokyo",
20786,KOXV,small_airport,Knoxville Municipal Airport,41.2989006,-93.11380005,928.0,,US,US-IA,Knoxville,
349340,JP-2667,heliport,Susaki Heliport,33.39059,133.27665,226.0,AS,JP,JP-39,Susaki,
44184,CN-0106,medium_airport,Xuzhou Daguozhang Air Base,34.229285,117.245665,,AS,CN,CN-32,Xuzhou,
45015,RU-0251,heliport,Anosino-1 Helipad,55.84703009,36.98267877,,EU,RU,RU-MOS,,
32431,FMSN,small_airport,Samangoky Airport,-21.70000076,43.73300171,89.0,AF,MG,MG-U,Tanandava,TDV
25539,VT43,small_airport,Onyon Airport,43.01919937,-72.6529007,427.0,,US,US-VT,Townshend,
22152,MN47,small_airport,Cameron's Airport,45.54970169,-93.46980286,930.0,,US,US-MN,Princeton,
11719,4TA9,heliport,Swinging Door Heliport,29.62750053,-95.76940155,88.0,,US,US-TX,Richmond,
327896,KR-0635,heliport,Daegu Stadium Complex Heliport,35.826041,128.685922,,AS,KR,KR-27,Daeheung-dong,
17983,IL02,small_airport,Herbert C. Maas Airport,42.47219849,-87.90840149,719.0,,US,US-IL,Zion,
20964,KRSV,small_airport,Robinson Municipal Airport,39.01599884,-87.64980316,462.0,,US,US-IL,Robinson,
324418,US-0327,heliport,Lakewood Health Center Heliport,48.706388,-94.601888,1093.0,,US,US-MN,Baudette,
331649,FR-0183,small_airport,Aérodrome de Monhoudou,48.2758993,0.3257194,,EU,FR,FR-PDL,,
330922,RU-0520,closed,Vorogovo Airport,61.038261,89.613805,98.0,EU,RU,RU-KYA,Vorogovo,
7673,10MN,seaplane_base,Lookout Lake Seaplane Base,46.4375,-93.95610046,1200.0,,US,US-MN,Ironton,
27360,YBCB,small_airport,Bencubbin Airport,-30.821446,117.867165,,OC,AU,AU-WA,,
45568,SITL,small_airport,Fazenda Flores Airport,-5.049167,-40.234167,1148.0,SA,BR,BR-CE,Tamboril,
23969,P96,small_airport,Jersey Shore Airport,41.20700073,-77.22609711,547.0,,US,US-PA,Jersey Shore,
310465,ID-0081,small_airport,Kobakma Airstrip,-3.66634,139.0592,3195.0,AS,ID,ID-PA,Kobakma,
29971,EVPA,small_airport,Ikshkile Airfield,56.814999,24.5278,64.0,EU,LV,LV-067,Ikshkile,
339101,US-2645,closed,Longcoy Airport,28.57454,-81.51205,,,US,US-FL,Ocoee,
3966,UA36,small_airport,Lugovoy Airport,42.972565,72.728051,2130.0,AS,KZ,KZ-ZHA,Lugovoy,
335402,BR-0867,small_airport,Rumenos Sarkis Simão Airport,-15.138302,-48.242565,2064.0,SA,BR,BR-GO,Padre Bernardo,
347285,CY-0014,heliport,UNFICYP OP03 Heliport,35.175495,32.621905,,AS,CY,CY-02,,
320417,IT-0449,small_airport,Campo di Volo Club Aeronautico Gela,37.11314,14.18929,,EU,IT,IT-82,Gela (CL),
340910,JP-1373,closed,Ogi Airfield,33.2925,130.186389,,AS,JP,JP-41,Ogi,
301493,US-0194,heliport,National Guard Vineland Armory Helistop,39.45,-75.04416667,90.0,,US,US-NJ,,
346624,US-4864,small_airport,Tamarack Landing,38.845428,-97.50495,1215.0,,US,US-KS,Salina,
25059,TS43,heliport,Wagner Heliport,28.7164,-96.214273,18.0,,US,US-TX,Palacios,
23130,NJ85,heliport,Atrium At Somerset Heliport,40.53680038,-74.5223999,68.0,,US,US-NJ,Franklin,
334527,JP-0163,heliport,Shinjuku Green Tower Building Helipad,35.69235,139.68973,,AS,JP,JP-13,"Shinjuku, Tokyo",
318317,PY-0027,small_airport,Rosario South 1 Airport,-24.471234,-57.154851,,SA,PY,PY-2,Villa del Rosario,
351295,KZ-0129,heliport,Almaty City Clinical Hospital Number 4 Heliport,43.32059,76.96088,2300.0,AS,KZ,KZ-ALA,Almaty,
331835,SSAS,heliport,Edifício Serrador Helipad,-22.911802,-43.176246,292.0,SA,BR,BR-RJ,Rio de Janeiro,
30528,FAVF,small_airport,Verborgenfontei Airport,-31.16580009,23.80940056,4360.0,AF,ZA,ZA-NC,Verborgenfontein,
41327,WMAQ,small_airport,Labis Airport,2.38024,103.03393,179.0,AS,MY,MY-01,Labis,
40706,SK-123,small_airport,Santa Clara Airport,4.415833,-72.773889,559.0,SA,CO,CO-CAS,Sabanalarga,
40586,SK-518,small_airport,Guerima Airport,3.591667,-70.312778,471.0,SA,CO,CO-VID,Puerto Carreño,
5366,PAGH,small_airport,Shungnak Airport,66.88809967,-157.1620026,197.0,,US,US-AK,Shungnak,SHG
325486,US-0718,small_airport,Brown Airstrip,34.684141,-97.866694,1330.0,,US,US-OK,Marlow,
7460,0OK7,heliport,Shattuck Hospital Heliport,36.25,-99.87539673,2200.0,,US,US-OK,Shattuck,
12998,65NC,heliport,Scenic Overlook B & B Heliport,36.34830093,-80.45420074,1050.0,,US,US-NC,Pilot Mountain,
24389,S82,small_airport,Kooskia Municipal Airport,46.13270187,-115.9789963,1263.0,,US,US-ID,Kooskia,
299589,GB-0017,small_airport,Burn Airfield,53.74583333,-1.084444444,25.0,EU,GB,GB-ENG,Selby,
311373,AYFO,small_airport,Fogomaiu Airstrip,-6.5096,143.0794,737.0,OC,PG,PG-SHM,Fogomaiu,
36636,SJJU,small_airport,Fazenda Barra Mansa Airport,-14.045111,-60.15419,725.0,SA,BR,BR-MT,Nova Lacerda,
328928,US-0941,seaplane_base,Aero Estates Seaplane Base,32.0791751,-95.4324805,345.0,,US,US-TX,Frankston,
41414,WAAT,small_airport,Makale Airport,-3.10935998,119.8560028,2711.0,AS,ID,ID-SN,Makale-Celebes Island,
337021,IT-0568,closed,Campo di volo Masseria Modesti,40.988856,16.407877,1575.0,EU,IT,IT-75,Ruvo di puglia,
42597,KE-6123,small_airport,Namanga Airport,-2.579388889,36.91216667,4080.0,AF,KE,KE-700,Namanga,
321392,ES-0153,small_airport,Ororbia Airport,42.822214,-1.735109,1345.0,EU,ES,ES-NA,Ororbia,
22090,MI81,heliport,Express Heliport,42.51390076,-83.35780334,895.0,,US,US-MI,Farmington Hills,
39535,SLSJ,small_airport,Salinas Airport,-19.5,-67.33333588,12027.0,SA,BO,BO-O,Ladislao Cabrera,
2979,FQNC,small_airport,Nacala Airport,-14.48820019,40.71220016,410.0,AF,MZ,MZ-N,Nacala,MNC
42301,MUMT,small_airport,Matanzas Airport,23.01000023,-81.51000214,9.0,,CU,CU-04,Matanzas,
41309,ZA-0093,small_airport,Britstown Airport,-30.58333397,23.51666641,3500.0,AF,ZA,ZA-NC,Britstown,
328683,KR-1023,heliport,Textile Center Heliport,37.507653,127.060675,,AS,KR,KR-11,Seoul,
335372,MX-1218,small_airport,Zacatecas Airstrip,32.165907,-115.039982,30.0,,MX,MX-BCN,Mexicali,
23412,NY30,heliport,Hilltop Heliport,41.67002,-74.75852,1400.0,,US,US-NY,Monticello,
343610,JP-1793,closed,Itabashi Airfield,35.76122,139.68909,,AS,JP,JP-13,"Itabashi, Tokyo",
336792,DE-0437,heliport,Luftrettungszentrum Bielefeld,51.982693,8.528706,,EU,DE,DE-NW,Bielefeld,
26359,Z71,seaplane_base,Cape Pole Seaplane Base,55.96630096,-133.7969971,0.0,,US,US-AK,Cape Pole,CZP
338387,US-2275,closed,Dempsey Army Heliport,32.77853,-98.27363,,,US,US-TX,Palo Pinto,
332971,GB-0711,small_airport,Kilkerran UL,55.299005,-4.674436,,EU,GB,GB-SCT,Kilkerran (Ayrshire),
23266,NM48,small_airport,Ensenada Airport,36.728808,-106.493897,7640.0,,US,US-NM,Tierra Amarilla,
12385,5IA8,heliport,Sanford Merrill Medical Center Heliport,43.4239006,-96.17199707,1360.0,,US,US-IA,Rock Rapids,
13395,6MO3,small_airport,Flying 'E' Airport,37.3492012,-92.12830353,1510.0,,US,US-MO,Houston,
26891,YARA,medium_airport,Ararat Airport,-37.309978,142.988688,1008.0,OC,AU,AU-VIC,Ararat,ARY
323345,SE-0033,closed,Vindeln Flygfält,64.2676824,19.6187966,,EU,SE,SE-AC,,
15495,96MN,closed,Air-Ag Airport,43.568001,-93.254402,1240.0,,US,US-MN,Glenville,
319852,MX-0285,small_airport,Rancho El Papalote Airport,27.89929,-100.50765,1060.0,,MX,MX-COA,Guerrero,
326052,PH-0135,heliport,Megaworld Heliport,14.56086,121.014886,,AS,PH,PH-00,Makati,
343270,US-3724,closed,Epler Field,30.53225,-86.80505,177.0,,US,US-FL,Fort Walton Beach,
341186,US-3192,closed,Kahuku Army Airfield / Kuilima Air Park,21.70753,-157.97196,,OC,US,US-HI,Kahuku,
324205,KR-0162,heliport,Gajeon-ri East Helipad,38.348047,128.264949,,AS,KR,KR-42,Gajeon-ri,
21620,LL82,heliport,Atwood Heliport,42.30220032,-89.08180237,735.0,,US,US-IL,Rockford,
30255,SNPI,small_airport,Piatã Airport,-13.00059986,-41.77500153,4118.0,SA,BR,BR-BA,Piatã,
318618,TZ-0057,small_airport,Birise Airport,-5.428612,35.166079,4250.0,AF,TZ,TZ-23,Birise,
328553,KR-0964,heliport,Daechi Dongbu Centerville Apartments Heliports,37.49223,127.055474,,AS,KR,KR-11,Seoul,
38777,AR-0102,small_airport,Cholila Airport,-42.484722,-71.460556,1883.0,SA,AR,AR-U,Cholila,
341548,US-3268,small_airport,Berea-Richmond Airport,37.64519,-84.28297,,,US,US-KY,Berea,
26928,YBRN,medium_airport,Balranald Airport,-34.62360001,143.5780029,210.0,OC,AU,AU-NSW,,BZD
22545,MU52,heliport,Cardinal Glennon Heliport,38.62509918,-90.24259949,450.0,,US,US-MO,St Louis,
325955,PK-0026,closed,Khai Airport,28.273904,70.077635,258.0,AS,PK,PK-PB,Sadiqabad,
41280,ZA-0080,small_airport,Swartwater Highway Strip Airport,-22.8409996,28.20870018,2800.0,AF,ZA,ZA-NP,Swartwater,
318947,MZ-0018,small_airport,Buffalo Camp Airstrip,-20.913318,34.283153,,AF,MZ,MZ-S,Machanga,
29139,EGHC,small_airport,Land's End Airport,50.102798,-5.67056,398.0,EU,GB,GB-ENG,Land's End,LEQ
14607,83MO,heliport,North Kansas City Hospital Heliport,39.1493988,-94.55130005,411.0,,US,US-MO,North Kansas City,
349219,MX-1810,small_airport,Cerro de Enmedio Airstrip,25.296396,-100.782166,6693.0,,MX,MX-COA,Arteaga,
338443,JP-0764,heliport,Toyonaga Helipad,33.79753,133.75885,,AS,JP,JP-39,Otoyo,
352863,US-6513,small_airport,Trumbull Airport,41.67432,-80.97836,1025.0,,US,US-OH,Geneva,
43612,FR-0270,small_airport,Glacier d'Argentière Altiport,45.941666,7.0,9350.0,EU,FR,FR-ARA,Chamonix,
28179,CJX6,seaplane_base,Bird River Seaplane Base,50.40000153,-95.75,826.0,,CA,CA-MB,,
341834,RU-0678,heliport,Atlasovskoye Helipad,55.606168,159.625459,,EU,RU,RU-KAM,Atlasovskoye,
44802,NZJC,heliport,Christchurch Hospital Heliport,-43.5367012,172.621994,55.0,OC,NZ,NZ-CAN,Christchurch,
342143,US-3318,heliport,Martin Emergency Center at Saint Lucie West Helipad,27.31916,-80.38235,20.0,,US,US-FL,Port Saint Lucie,
10164,35TA,heliport,Texas Health Presbyterian Hospital Plano Heliport,33.04349899,-96.83719635,669.0,,US,US-TX,Plano,
45027,RU-0264,heliport,Alabino Helipad,55.53586823,36.9638443,614.0,EU,RU,RU-MOS,Moscow,
45842,TS21,small_airport,Roy Ranch Airport,33.084833,-101.114833,2366.0,,US,US-TX,Justiceburg,
334256,US-1262,seaplane_base,Crystal Creek Lodge Seaplane Base,58.646294,-156.577764,4.0,,US,US-AK,King Salmon,
336326,BR-1121,small_airport,Fazenda São Francisco Airport,-15.854633,-49.244362,2165.0,SA,BR,BR-GO,São Francisco de Goiás,
21094,KSNY,medium_airport,Sidney Municipal-Lloyd W Carr Field,41.10129929,-102.9850006,4313.0,,US,US-NE,Sidney,SNY
14194,7LA6,heliport,Southern Natural Gas County Heliport,29.865126,-89.829304,5.0,,US,US-LA,St Bernard,
20596,KN03,small_airport,Cortland County Chase Field,42.59260178,-76.21489716,1198.0,,US,US-NY,Cortland,CTX
341971,TR-0089,heliport,Cikcilli Heliport,36.556,32.0334,614.0,AS,TR,TR-07,Alanya,
301975,BNM,small_airport,Bodinumu Airport,-9.107777778,147.6667222,3700.0,OC,PG,PG-CPM,Bodinumu,BNM
28097,YYWA,small_airport,Yowah Airport,-27.952928,144.627661,,OC,AU,AU-QLD,,
336059,US-1610,closed,Belmont Landing Strip,33.540751,-112.891066,,,US,US-AZ,Tonopah,
5796,SAOC,medium_airport,Area De Material Airport,-33.08509827,-64.26129913,1380.0,SA,AR,AR-X,Rio Cuarto,RCU
334772,US-1401,closed,Utting Siding Airstrip,33.83405,-113.8786,,,US,US-AZ,Bouse,
302387,LNM,small_airport,Langimar Airport,-7.223138889,146.2270833,5127.0,OC,PG,PG-MPL,,LNM
350426,JP-2724,heliport,Ichinomiya General Hospital Heliport,35.30535,136.80618,,AS,JP,JP-23,Ichinomiya,
324069,KR-0099,heliport,Byeollangeum Helipad,37.263633,126.292961,,AS,KR,KR-28,Byeollangeum,
7079,0AL7,heliport,Gadsden Regl Medical Center Heliport,34.00830078,-85.96530151,621.0,,US,US-AL,Gadsden,
342272,RU-0706,heliport,Molchanovo Heliport,57.5612,83.7894,349.0,EU,RU,RU-TOM,Molchanovo,
43951,CZ-0034,heliport,Hospital Heliport,50.41916656,14.90719604,761.0,EU,CZ,CZ-ST,Mladá Boleslav,
32257,SCAU,small_airport,Juan Enrique Airport,-33.89360046,-70.88559723,1263.0,SA,CL,CL-RM,Paine,
39086,CA-0016,closed,Dog Creek Airport,51.626598,-122.255997,,,CA,CA-BC,Dog Creek,
375,SNPX,small_airport,Pirapora Airport,-17.31690025,-44.86029816,1808.0,SA,BR,BR-MG,Pirapora,PIV
344375,US-4085,small_airport,Seibeck Mine Airport,37.36002,-117.381901,,,US,US-NV,Goldfield,
333406,US-1194,small_airport,Triumph Air Strip,29.331642,-89.476857,3.0,,US,US-LA,Buras,
25099,TS83,heliport,Shell I C Heliport,29.693026,-95.407582,56.0,,US,US-TX,Houston,
317769,YRD,small_airport,Dean River Airport,52.82371,-126.964957,62.0,,CA,CA-BC,Kimsquit Valley,YRD
209,SDUO,small_airport,Alagoinhas Airport,-12.175078,-38.380055,568.0,SA,BR,BR-BA,Alagoinhas,
40100,SVCI,small_airport,Punta de Oro Airport,9.501667023,-70.95166779,37.0,SA,VE,VE-T,,
41960,MRLI,small_airport,La Ligia Airport,9.515270233,-84.30149841,16.0,,CR,CR-P,Parrita,
46417,CU-0049,small_airport,Moron Airport,22.07927714,-78.61979485,50.0,,CU,CU-08,,
10822,3TS3,small_airport,J-D Ranch Airport,29.37470055,-95.29049683,34.0,,US,US-TX,Alvin,
37453,SSES,small_airport,Encruzilhada do Sul Airport,-30.55888939,-52.58250046,1460.0,SA,BR,BR-RS,Encruzilhada Do Sul,
40618,SK-065,small_airport,El Danubio Airport,6.261111,-71.224722,480.0,SA,CO,CO-CAS,Hato Corozal,
43937,CZ-0020,heliport,Šumperk Heliport,49.95777893,16.96305656,1023.0,EU,CZ,CZ-OL,Šumperk,
334887,US-1463,heliport,12400 Wilshire Helipad,34.04175,-118.46974,,,US,US-CA,Los Angeles,
42004,MSBS,small_airport,Barillas Airport,13.2652626,-88.49913025,32.0,,SV,SV-US,Barrillas,
23925,OR75,heliport,Brownlee Heliport,44.84661979,-116.898694,1860.0,,US,US-OR,Brownlee Village,
40597,SK-492,small_airport,San Miguel Airport,0.003889,-70.497222,424.0,SA,CO,CO-VAU,Mitu,
12170,58IL,small_airport,Spangler Airport,41.240254,-87.857666,675.0,,US,US-IL,Manteno,
341485,US-3243,small_airport,Robinson Landing Strip (II),31.687491,-92.905003,,,US,US-LA,Montgomery,
338488,FO-0007,closed,Múli Heliport,62.349895,-6.582285,,EU,FO,FO-U-A,Múli,
38672,YYER,small_airport,Yerilla Airport,-29.46759987,121.8300018,,OC,AU,AU-WA,,
4370,LIRA,medium_airport,Ciampino–G. B. Pastine International Airport,41.7994,12.5949,427.0,EU,IT,IT-62,Rome,CIA
337735,US-2088,closed,Batesville North Landing Strip,28.964538,-99.625075,,,US,US-TX,Batesville,
26848,WIOP,medium_airport,Pangsuma Airport,0.835578024,112.9369965,297.0,AS,ID,ID-KB,Putussibau-Borneo Island,PSU
45746,78PN,heliport,Farmington Township Airpark Heliport,41.373611,-79.306944,1620.0,,US,US-PA,Leeper,
24993,TN78,heliport,Sequoyah Nuclear Plant Heliport,35.23310089,-85.08799744,695.0,,US,US-TN,Daisy,
332934,MX-1126,small_airport,La Campanilla Airstrip,24.633872,-106.152005,4921.0,,MX,MX-DUR,Tamazula,
9640,2NK2,heliport,Cove Neck Heliport,40.88370132,-73.49120331,10.0,,US,US-NY,Cove Neck,
16785,CL66,heliport,Camp 2 Heliport,34.197201,-118.174004,1120.0,,US,US-CA,La Cañada Flintridge,
23040,NH88,small_airport,Country Club Air Park,43.06729889,-71.61119843,780.0,,US,US-NH,Goffstown,
44813,NZKU,heliport,Kupe Helipad,-39.79999924,174.1170044,100.0,OC,NZ,NZ-TKI,Kupe Platform,
8148,19NC,small_airport,Double S Airport,36.06489944,-77.92299652,195.0,,US,US-NC,Red Oak,
43871,UA-0008,closed,Chortkiv Air Base,48.97800064,25.74200058,,EU,UA,UA-61,Chortkiv,
30382,MDPO,closed,Samaná El Portillo Airport,19.32139,-69.495653,30.0,,DO,DO-20,Samana,
345632,PL-0191,small_airport,Powodovo Airstrip,52.117,16.05,197.0,EU,PL,PL-WP,,
347995,MX-1649,small_airport,Rancho El Salado West Airport,29.65201,-101.78009,1675.0,,MX,MX-COA,Ciudad Acuña,
36497,SJDY,small_airport,Fazenda da Barra Airport,-18.66305542,-54.06861115,1533.0,SA,BR,BR-MS,Camapuã,
19824,KF53,small_airport,Franklin County Airport,33.2154007,-95.23739624,412.0,,US,US-TX,Mount Vernon,
348472,AR-0706,small_airport,Punta Ninfas Airport,-42.97667,-64.3528,241.0,SA,AR,AR-U,Rawson,
6756,04CA,small_airport,Gray Butte Field,34.5639,-117.675003,3020.0,,US,US-CA,Palmdale,
42854,AR-0432,small_airport,Iriberri Airport,-38.478789,-58.804836,108.0,SA,AR,AR-B,Necochea,
320403,CZ-0116,small_airport,Dynín Airstrip,49.128341,14.633441,,EU,CZ,CZ-JC,Dynín u Třeboně,
42145,MHWA,small_airport,Wampusirpi I Airport,15.16027832,-84.61722565,250.0,,HN,HN-GD,Wampusirpi,
1039,CHK2,closed,Aldergrove (Hicks) Heliport,49.108781,-122.480052,300.0,,CA,CA-BC,Aldergrove,
21944,ME09,seaplane_base,Panther Pond Seaplane Base,43.93009949,-70.45310211,277.0,,US,US-ME,Raymond,
25631,WA34,heliport,Newhalem Office Heliport,48.671895,-121.252213,504.0,,US,US-WA,Newhalem,
41496,ID-0007,heliport,Malinau Heliport,3.55264,116.6256,86.0,AS,ID,ID-KU,Malinau-Borneo Island,
324368,AR-0618,small_airport,Timbo Airstrip,-31.8266,-59.0333,187.0,SA,AR,AR-E,Villaguay,
14923,8FL9,closed,Burnt Store Road Heliport,26.846631,-82.022228,9.0,,US,US-FL,Punta Gorda,
3847,KRIC,large_airport,Richmond International Airport,37.50519943,-77.31970215,167.0,,US,US-VA,Richmond,RIC
8896,22MA,heliport,Poole's Heliport,42.63619995,-70.61869812,45.0,,US,US-MA,Rockport,
28936,LFMW,small_airport,Aérodrome de Castelnaudary-Villeneuve,43.312199,1.92111,551.0,EU,FR,FR-OCC,Castelnaudary Villeneuve,
341429,US-3223,closed,Mexican Water Airport,36.95551,-109.64608,4918.0,,US,US-AZ,Mexican Water,
32126,SKOE,small_airport,Orocue Airport,4.79222,-71.3564,434.0,SA,CO,CO-CAS,Orocue,ORC
341517,JP-1552,closed,Manna Airfield,35.47055,140.25689,,AS,JP,JP-12,Nagara,
5714,RPSM,small_airport,Maasin Airport,10.18729973,124.7819977,328.0,AS,PH,PH-SLE,,
7180,0G0,small_airport,North Buffalo Suburban Airport,43.103199,-78.7033,588.0,,US,US-NY,Lockport,
339451,US-2753,heliport,Dos Cuadras Offshore Oil Platform C Helipad,34.33187,-119.6138,,,US,US-CA,Santa Barbara,
310097,64DE,heliport,Bayhealth Medical Center Heliport,39.151375,-75.524167,50.0,,US,US-DE,Dover,
351876,IR-0078,heliport,Valiasr Hospital Heliport,31.60766,55.41862,3271.0,AS,IR,IR-21,Bafgh,
344571,JP-2154,heliport,Kannai Central Building Helipad,35.44435,139.63692,,AS,JP,JP-14,Yokohama,
321098,CZ-0138,small_airport,Loučeň Airstrip,50.2787436,15.0610071,636.0,EU,CZ,CZ-ST,Loučeň,
9350,2CL5,heliport,Kovr Heliport,38.59159851,-121.5449982,20.0,,US,US-CA,West Sacramento,
8143,19LA,closed,Region 1 Headquarters-State Police Heliport,30.447701,-91.103104,70.0,,US,US-LA,Baton Rouge,
30486,EYMA,small_airport,Tirkšliai Airfield,56.230598,22.259399,259.0,EU,LT,LT-TE,Tirkšliai / Mažeikiai,
331824,NV92,heliport,Fly Sin City #2 Heliport,35.849294,-115.555275,3727.0,,US,US-NV,Sandy Valley,
3258,HTPE,medium_airport,Pemba Airport,-5.25726,39.811401,80.0,AF,TZ,TZ-25,Chake Chake,PMA
352409,JP-2924,heliport,Business Innovation Center Osaka Helipad,34.68411,135.50927,,AS,JP,JP-27,Osaka,
347752,US-5189,heliport,Quality Care ER Heliport,33.089336,-96.126506,547.0,,US,US-TX,Greenville,
331652,MX-1073,heliport,Torre Zentrum Heliport,19.358469,-99.273183,8980.0,,MX,MX-DIF,Cuajimalpa,
15291,90OK,closed,Stewart Farms Airport,36.500599,-98.501999,1460.0,,US,US-OK,Aline,
331500,GB-0458,closed,RAF Stoney Cross Air Base,50.9117206,-1.6548675,,EU,GB,GB-ENG,,
312504,CGG,small_airport,Casiguran Airport,16.1941,122.0651,48.0,AS,PH,PH-AUR,Casiguran,CGG
315304,DE-0191,small_airport,Aukrug Airfield,54.0647,9.7983,50.0,EU,DE,DE-SH,Aukrug,
316153,IT-0136,small_airport,Aviosuperficie Vigarolo,45.2175,9.466667,220.0,EU,IT,IT-25,Borghetto Lodigiano (LO),
39054,AR-0379,small_airport,Villa General Belgrano Airport,-31.96529961,-64.56439972,2755.0,SA,AR,AR-X,Villa General Belgrano,
312184,US-0248,small_airport,Santa Margarita Ranch Airport,35.3996501,-120.616037,987.0,,US,US-CA,Santa Margarita,
320159,IT-0411,small_airport,Campo di Volo Massimo Costa,43.092714,10.556267,111.0,EU,IT,IT-52,San Vincenzo (LI),
345250,US-4382,small_airport,B Miller Ranch Airport,31.35077,-98.64745,1245.0,,US,US-TX,San Saba,
42980,UESU,medium_airport,Zyryanka Airport,65.7485,150.8889,140.0,AS,RU,RU-SA,Zyryanka,ZKP
342216,UA-0148,closed,Oleksandrivka Airfield,46.3069,31.9753,3.0,EU,UA,UA-65,Oleksandrivka,
24285,PS49,small_airport,Pax-Terra Caelum Airport,39.8599647,-78.987701,2335.0,,US,US-PA,Meyersdale,
338096,JP-0668,heliport,Ohchi Hospital Helipad,34.89629,132.45394,,AS,JP,JP-32,Onan,
15569,98LA,heliport,LA State Police Troop L Heliport,30.40320015,-90.08869934,25.0,,US,US-LA,Covington,
334010,GB-0832,small_airport,Dalkeith Farm Airstrip,52.4151,-0.3886,,EU,GB,GB-ENG,Winwick,
42798,AR-0008,small_airport,Aeroclub Chaco Airport,-27.6311,-59.1797,164.0,SA,AR,AR-H,Resistencia,
21651,LS17,heliport,Jack Kent Heliport,30.06599998,-89.61889648,,,US,US-LA,Slidell,
42578,KE-6068,small_airport,Soy-Chemoset Airport,0.713889003,36.86750031,5130.0,AF,KE,KE-700,SOY-Chemoset,
39290,SCTP,small_airport,Río Pascua Airport,-48.22903,-73.299127,197.0,SA,CL,CL-AI,Tortel,
339922,JP-1112,heliport,Takahashi Heliport,34.87964,133.66235,,AS,JP,JP-33,Takahashi,
4214,LFRJ,medium_airport,Landivisiau Air Base,48.53030014,-4.151639938,348.0,EU,FR,FR-BRE,Landivisiau,LDV
11316,49WI,closed,Tri-Center Airport,43.3792,-90.015404,1225.0,,US,US-WI,Loganville,
13684,71GA,heliport,Piedmont Newton Hospital Heliport,33.601809,-83.848699,772.0,,US,US-GA,Covington,
323257,RK6X,small_airport,Nogok-ri Airfield (G-130),37.993567,126.919169,98.0,AS,KR,KR-41,Nogok-ri,
7409,0NJ3,heliport,Mount Holly Heliport,39.96680069,-74.79959869,45.0,,US,US-NJ,Mount Holly,
346303,JP-2355,heliport,Nagasaki Shinbun Heliport,32.76439,129.86306,,AS,JP,JP-42,Nagasaki,
319356,NO-0060,small_airport,Overhalla Airstrip,64.528154,11.989258,,EU,NO,NO-50,Overhalla,
36139,SINN,small_airport,Fazenda Nova Holanda Airport,-8.806944,-46.358891,1657.0,SA,BR,BR-MA,Balsas,
23945,OR95,small_airport,Vineyard Airport,45.04980087,-123.2350006,190.0,,US,US-OR,Mc Coy,
4420,LLMG,small_airport,Megiddo Airport,32.59730148,35.22880173,200.0,AS,IL,IL-Z,Afula,
341755,IN-0196,heliport,NTPC Kudgi Helipad,16.491748,75.833551,,AS,IN,IN-KA,Telgi,
329879,US-1025,small_airport,Maverick Field,45.654367,-87.955158,980.0,,US,US-WI,Pembine,
619,CAG3,small_airport,Chilko Lake (Tsylos Park Lodge) Airport,51.625797,-124.144478,3850.0,,CA,CA-BC,Chilko Lake,CJH
18122,IN53,small_airport,Miller Airport,39.29238,-86.824231,710.0,,US,US-IN,Spencer,
44666,RU-0199,small_airport,Dzhebariki-Khaya Airport,62.18999863,135.8650055,,EU,RU,RU-SA,Dzhebariki-Khaya,
10667,3NJ2,heliport,Educational Testing Heliport,40.34180069,-74.71630096,270.0,,US,US-NJ,Princeton,
324084,KR-0106,heliport,Joongang Heights Ville Helipad,37.658781,126.767984,,AS,KR,KR-41,Goyang,
344451,US-4115,heliport,Lacey Township Municipal Heliport,39.86253,-74.20683,,,US,US-NJ,Lacey Township,
30416,FDSM,small_airport,Simunye Airport,-26.20000076,31.93333244,673.0,AF,SZ,SZ-LU,Simunye,
20263,KK77,small_airport,Freedom Municipal Airport,36.758433,-99.102369,1517.0,,US,US-OK,Freedom,
8578,1OH3,small_airport,Mather Field,41.3891983,-82.76270294,640.0,,US,US-OH,Castalia,
42937,UHPX,small_airport,Nikolskoye Airport,55.17833328,166.0483398,49.0,AS,RU,RU-KAM,Nikolskoye,
43700,NL-0005,heliport,Ziekenhuis Rivierenland Heliport,51.88972092,5.413888931,16.0,EU,NL,NL-GE,Tiel,
21674,LS41,small_airport,Tater Patch Ultralightport,32.567101,-93.878899,240.0,,US,US-LA,Shreveport,
4202,LFQQ,medium_airport,Lille-Lesquin Airport,50.563332,3.086886,157.0,EU,FR,FR-HDF,Lille/Lesquin,LIL
334862,US-1457,closed,Deming Center Airport,32.25555,-107.94593,,,US,US-NM,Deming,
31331,FZCL,small_airport,Banza Lute Airport,-4.199999809,17.83300018,1476.0,AF,CD,CD-BN,Banza Lute,
31844,SKLP,small_airport,La Pedrera Airport,-1.32861,-69.5797,590.0,SA,CO,CO-AMA,La Pedrera,LPD
45403,39LL,small_airport,Sullivan Airport,40.401389,-91.303056,635.0,,US,US-IL,Hamilton,
18644,K33R,small_airport,Groveton Trinity County Airport,31.0848999,-95.16410065,340.0,,US,US-TX,Groveton,
45401,3LL6,small_airport,Bickel Airport,38.335,-89.769722,530.0,,US,US-IL,Lenzburg,
37150,SNKV,small_airport,Fazenda Campo Verde Airport,1.042780042,-50.51670074,49.0,SA,BR,BR-AP,Tartarugalzinho,
35352,AF-0001,small_airport,Ajrestan Airport,33.485298,67.144096,8324.0,AS,AF,AF-ORU,Ajrestan,
347093,US-5003,small_airport,Hall Farms Airport,41.347967,-94.121403,1160.0,,US,US-IA,Winterset,
27871,YORB,small_airport,Orbost Airport,-37.79000092,148.6100006,28.0,OC,AU,AU-VIC,,RBS
331842,SSBI,small_airport,Condomínio Irmãos Gatto Airport,-11.85146,-46.302258,2851.0,SA,BR,BR-BA,Barreiras,
338525,JP-0820,heliport,Shibuya Garden Tower Helipad,35.65398,139.69392,,AS,JP,JP-13,"Shibuya, Tokyo",
12561,5NK0,small_airport,Salubrious Point Airport,44.0442009,-76.14360046,295.0,,US,US-NY,Chaumont,
28336,CKT3,seaplane_base,Nestor Falls Seaplane Base,49.11669922,-93.91670227,1076.0,,CA,CA-ON,,
12806,61AK,heliport,Era Chulitna River Heliport,62.56760025,-150.2359924,960.0,,US,US-AK,Trapper Creek/Talkeetna,
343054,US-3619,closed,Alaskan RV Park Airstrip,32.31561,-109.45397,3724.0,,US,US-AZ,Bowie,
327952,BZ-0003,small_airport,San Felipe Airstrip,17.88531,-88.887286,52.0,,BZ,BZ-OW,San Felipe,
16222,AL30,closed,Mizell Memorial Hospital Heliport,31.2932,-86.254097,298.0,,US,US-AL,Opp,
328561,PL-0161,small_airport,Walendów,52.0805171,20.8530837,,EU,PL,PL-MZ,,
339064,US-2608,heliport,LA Grand Hotel Helipad,34.054353,-118.255763,,,US,US-CA,Los Angeles,
7722,11MA,small_airport,Bulljump Airport,41.80730057,-70.75839996,60.0,,US,US-MA,Wareham,
335767,SIUU,small_airport,Fazenda Santa Eulalia Airport,-16.518436,-57.041305,394.0,SA,BR,BR-MT,Poconé,
307893,GB-0082,closed,RAF Methold,52.5119377,0.548801422,,EU,GB,GB-ENG,,
311760,AYOX,small_airport,Moi Airstrip,-4.1615,141.2478,240.0,OC,PG,PG-SAN,Moi,
20110,KHYW,small_airport,Conway Horry County Airport,33.82849884,-79.12220001,35.0,,US,US-SC,Conway,
346400,US-4775,heliport,Sabine County Hospital Heliport,31.33436,-93.86316,291.0,,US,US-TX,Hemphill,
20902,KPYX,small_airport,Perryton Ochiltree County Airport,36.41289902,-100.7519989,2918.0,,US,US-TX,Perryton,
347198,TR-0108,heliport,Federal Border Guard No. 8 Helipad,36.743157,36.604418,,AS,TR,TR-31,Sugediği,
23649,OH86,closed,Deeds Field,39.648395,-82.539902,800.0,,US,US-OH,Sugar Grove,
40614,SK-064,small_airport,El Cairo Airport,6.064722,-71.204444,460.0,SA,CO,CO-CAS,Hato Corozal,
35552,SDHL,heliport,Lagoa Heliport,-22.97563553,-43.2179184,10.0,SA,BR,BR-RJ,Rio De Janeiro,
40318,SVTE,small_airport,Antabare Airport,6.483333111,-62.8833313,1204.0,SA,VE,VE-F,,
13843,75G,small_airport,Rossettie Airport,42.19499969,-84.03079987,1005.0,,US,US-MI,Manchester,
10090,34II,small_airport,Burk Personal Use Airport,40.050816,-85.602318,930.0,,US,US-IN,Anderson,
328316,US-0897,small_airport,Tracy Airport,39.2348,-96.473601,1272.0,,US,US-KS,Manhattan,
9664,2OA6,small_airport,Hilltop Airport,40.08649826,-81.58820343,1000.0,,US,US-OH,Cambridge,
22117,MN09,seaplane_base,Crystal Lake Seaplane Base,44.722198,-93.266899,935.0,,US,US-MN,Burnsville,
322553,MX-0382,heliport,Titanic Heliport,32.286711,-117.037815,16.0,,MX,MX-BCN,Rosarito,
336136,US-1640,small_airport,Tunnel Meadows Airstrip,36.379539,-118.267387,,,US,US-CA,Three Rivers,
19842,KF99,small_airport,Holdenville Municipal Airport,35.08589935,-96.41670227,861.0,,US,US-OK,Holdenville,
350298,35NK,small_airport,Tiger Paw Aerodrome,43.367099,-78.414026,295.0,,US,US-NY,Lyndonville,
326480,MX-0641,small_airport,Cerros Colorados Airport,25.792674,-104.330372,5840.0,,MX,MX-DUR,San Pedro del Gallo,
22794,NC52,small_airport,Silver Creek Airport,35.72850037,-81.72899628,1020.0,,US,US-NC,Morganton,
29261,ENHV,medium_airport,"Honningsvåg Airport, Valan",71.009697,25.983601,44.0,EU,NO,NO-54,Honningsvåg,HVG
349720,SE-0061,small_airport,Åkersberga Airfield,59.520106,18.239751,,EU,SE,SE-AB,Åkersberga,
332684,GB-0674,closed,Hendon Aerodrome,51.601,-0.245,,EU,GB,GB-ENG,,
12498,5MI9,heliport,Mc Phail Corporation Heliport,42.66030121,-83.15550232,770.0,,US,US-MI,Rochester,
39945,CA-0299,closed,Prophet River Airport,57.966667,-122.783333,1887.0,,CA,CA-BC,,
337048,BR-1181,heliport,Haras Larissa Heliport,-22.891473,-47.309396,2110.0,SA,BR,BR-SP,Sumaré,
43060,MMCC,small_airport,Ciudad Acuña New International Airport,29.333662,-101.100555,1410.0,,MX,MX-COA,Ciudad Acuña,ACN
349055,MX-1783,small_airport,Mineral de Polanco Airport,26.84161,-107.636951,4878.0,,MX,MX-CHH,Batopilas,
28473,EG64,small_airport,Rufforth West,53.94829,-1.185575,65.0,EU,GB,GB-ENG,York (Rufforth),
9173,27SC,heliport,Upair Heliport,34.22940063,-80.68219757,251.0,,US,US-SC,Lugoff,
10976,41TS,small_airport,Flying T Ranch Airport,33.3783989,-96.44830322,705.0,,US,US-TX,Westminster,
4015,LEJR,medium_airport,Jerez Airport,36.744598,-6.06011,93.0,EU,ES,ES-AN,Jerez de la Frontera,XRY
20445,KM59,small_airport,Richton Perry County Airport,31.31739998,-88.93499756,167.0,,US,US-MS,Richton,
324073,KMUU,closed,Huntingdon County Airport,40.329182,-77.862478,,,US,US-PA,,
314633,YSML,heliport,South Molle Island Helipad,-20.2622,148.8399,15.0,OC,AU,AU-QLD,South Molle Island Resort,SOI
20526,KMLT,small_airport,Millinocket Municipal Airport,45.64780045,-68.68560028,408.0,,US,US-ME,Millinocket,
315765,CZ-0056,small_airport,Český Dub,50.678056,14.999722,,EU,CZ,CZ-LI,,
335743,BR-1017,heliport,Berrini One Helipad,-23.598166,-46.690414,2831.0,SA,BR,BR-SP,São Paulo,
331401,BR-0420,heliport,Fazenda São João Heliport,-22.418673,-48.600434,1854.0,SA,BR,BR-SP,Jaú,
315638,RK1X,heliport,C 161 Heliport,37.79781,126.851741,280.0,AS,KR,KR-41,Kwang Tan,
26410,UWSS,closed,Saratov Central Airport,51.564999,46.0467,499.0,EU,RU,RU-SAR,Saratov,RTW
342691,MX-1610,small_airport,Las Mesas de Coluta Airstrip,25.10906,-106.75619,4318.0,,MX,MX-DUR,Tamazula,
32268,SCPZ,small_airport,Patriot Hills Airport,-80.3142,-81.39478,2900.0,AN,AQ,AQ-U-A,Patriot Hills Base Camp,
11299,49NJ,heliport,Bertino Heliport,39.63570023,-74.74900055,70.0,,US,US-NJ,Hammonton,
21062,KSGR,medium_airport,Sugar Land Regional Airport,29.62229919,-95.65650177,82.0,,US,US-TX,Houston,SGR
9719,2PN1,small_airport,Malco Airport,41.98339844,-77.52469635,1990.0,,US,US-PA,Westfield,
344260,CA-0744,closed,Woodhouse Airfield,49.99075,-113.44735,,,CA,CA-AB,Claresholm,
324541,AO-0049,small_airport,Mussuma Airport,-14.204202,21.909971,3477.0,AF,AO,AO-MOX,Mussuma,
328020,KR-0699,heliport,Seogyo Xi West Valley Apartments Heliports,37.551093,126.914065,,AS,KR,KR-11,Seoul,
355362,AU-0473,heliport,Jimna Cricket Oval HLS,-26.662833,152.462167,1685.0,OC,AU,AU-QLD,Jimna,
4645,MGPB,medium_airport,Puerto Barrios Airport,15.7309,-88.583801,33.0,,GT,GT-IZ,Puerto Barrios,PBR
324841,96MI,heliport,Dick Huvaere's Heliport,45.395581,-84.874333,675.0,,US,US-MI,Petoskey,
347108,EHU,closed,Ezhou Huahu Airport (under construction),30.341178,115.03926,86.0,AS,CN,CN-13,Ezhou,EHU
351610,BR-1628,heliport,Isogama Heliport,-25.633333,-49.161111,2976.0,SA,BR,BR-PR,São José dos Pinhais,
335945,US-1537,closed,Power Line Lake Bed Airstrip,39.143026,-119.397767,,,US,US-NV,Yerington,
344215,US-3962,small_airport,Reynosa Ranch Airport,28.15004,-99.29814,,,US,US-TX,Encinal,
9609,2NC8,small_airport,Goodnight's Airport,35.52539825,-80.63980103,740.0,,US,US-NC,Kannapolis,
28020,YUPG,small_airport,Urapunga Airport,-14.705199,134.562424,,OC,AU,AU-NT,,
12029,54WI,small_airport,Flyplassen Airport,44.96382,-92.29523,1300.0,,US,US-WI,Woodville,
299721,US-0168,small_airport,The 88 Airport,33.568942,-97.190577,820.0,,US,US-TX,Gainesville,
347205,TR-0115,heliport,Çalkaya Border Post Helipad,36.793147,36.834655,,AS,TR,TR-79,Çalkaya,
27197,ZGNN,large_airport,Nanning Wuxu Airport,22.608299,108.171997,421.0,AS,CN,CN-45,Nanning (Jiangnan),NNG
16867,CO13,closed,Heckendorf Ranches Airport,39.963299,-104.749003,5060.0,,US,US-CO,Brighton,
354853,IR-0093,heliport,Police Helipad,35.470064,51.014671,,AS,IR,IR-23,Teheran,
44710,PL-0074,small_airport,Kakolewo (former military),52.235001,16.243,,EU,PL,PL-WP,Kąkolewo,
23267,NM49,small_airport,J & M Farms Airport,34.58150101,-106.0749969,6135.0,,US,US-NM,Willard,
346720,US-4901,heliport,Three Rivers Hospital Heliport,36.076044,-87.792876,674.0,,US,US-TN,Waverly,
10853,3VG2,small_airport,Machipongo International Airport,37.38830185,-75.89250183,36.0,,US,US-VA,Machipongo,
332871,GB-0696,small_airport,Manor House Farm Airstrip UL,52.9726,-0.7157,,EU,GB,GB-ENG,Foston,
22187,MN83,heliport,International Falls Memorial Heliport,48.59550095,-93.43180084,1110.0,,US,US-MN,International Falls,
16298,AR04,closed,Gunem Field,36.261701,-94.248299,1214.0,,US,US-AR,Cave Springs,
335145,CA-0709,small_airport,Unknown Rural MB Airport,50.052196,-96.834781,771.0,,CA,CA-MB,East Selkirk,
28559,EDFY,small_airport,Elz Airport,50.42694473,8.011111259,699.0,EU,DE,DE-HE,Limburg an der Lahn,
13108,68IS,small_airport,Casa De Aero Park Airport,42.148605,-88.561965,860.0,,US,US-IL,Hampshire,
14796,88MO,small_airport,Howell Valley Airport,36.705837,-91.803441,950.0,,US,US-MO,West Plains,
42010,MSES,small_airport,Espiritu Santo Airport,13.21932411,-88.55404663,1.0,,SV,SV-US,Espíritu Santo,
338423,US-2308,closed,Sky Hi Pioneer Airport,33.6717,-112.00237,,,US,US-AZ,Phoenix,
40004,CA-0358,closed,Ste-Anne-De-Sorel Airport,46.06666565,-72.98332977,,,CA,CA-QC,,
2483,EGTK,medium_airport,Oxford (Kidlington) Airport,51.8368988,-1.320000052,270.0,EU,GB,GB-ENG,Kidlington,OXF
3395,KBDE,medium_airport,Baudette International Airport,48.72840118,-94.61219788,1086.0,,US,US-MN,Baudette,BDE
23674,OI25,small_airport,Ross Field,39.36529922,-83.35440063,960.0,,US,US-OH,Greenfield,
325046,US-0671,small_airport,Glass Ranch Airport,31.769777,-101.310836,2687.0,,US,US-TX,Garden City,
29637,NA-0068,small_airport,Wohlzufrieden Airport,-24.19059944,18.16110039,3960.0,AF,,NA-HA,,
317223,CN88,heliport,Kaiser Permanente Vacaville Heliport,38.3887,-121.9405,100.0,,US,US-CA,Vacaville,
42409,NA-0144,small_airport,Wilskrag Landing Site,-22.0,20.62778282,4094.0,AF,,NA-OH,,
46217,SWHU,small_airport,Fazenda Izaura - Usina Cocal Airport,-22.506667,-50.865278,1542.0,SA,BR,BR-SP,Racharia,
43835,LOIL,heliport,ÖAMTC Heliport,47.176579,10.612607,2513.0,EU,AT,AT-7,Zams,
333895,FR-0406,small_airport,Vallon des Bergons,43.020745,-0.178995,3445.0,EU,FR,FR-OCC,,
15348,92GE,small_airport,Midville International Airport,32.84529877,-82.27079773,265.0,,US,US-GA,Midville,
334196,IT-0551,small_airport,Aviosuperficie Club Ibis,43.022522,10.61157,49.0,EU,IT,IT-52,Campiglia Marittima (LI),
316396,GB-0208,small_airport,Thornborough Grounds Airstrip,52.005743,-0.935664,270.0,EU,GB,GB-ENG,Bourton,
345322,42IA,small_airport,Lakeport Farms Airport,42.261494,-96.289523,1077.0,,US,US-IA,Salix,
44081,GB-0006,small_airport,Draycott Farm,51.49340057,-1.743819952,498.0,EU,GB,GB-ENG,Swindon,
14702,85TE,small_airport,Old Kingsbury Aerodrome,29.63419914,-97.81169891,560.0,,US,US-TX,Kingsbury,
25369,VA36,closed,F. U. M. A. Airport,37.744598,-78.270302,400.0,,US,US-VA,Fork Union,
346728,US-4909,heliport,Hill Regional Hospital Heliport,32.0134,-97.0985,656.0,,US,US-TX,Hillsboro,
327302,KR-0430,heliport,Seung In Nobil Apartments Heliport,35.14869,129.060916,,AS,KR,KR-26,Busan,
321178,ES-0133,closed,Pista forestal Valdecebro,40.353799,-1.013488,3822.0,EU,ES,ES-TE,Valdecebro,
318402,NA-0163,closed,Susuwe Airport,-17.775984,23.278472,,AF,,NA-CA,Kongola,
35646,SDNN,heliport,Birmann 21 Helipad,-23.56557,-46.702237,2756.0,SA,BR,BR-SP,São Paulo,
43484,FR-0144,heliport,Donville-Les-Bains Heliport,48.86633301,-1.575721979,33.0,EU,FR,FR-NOR,Donville-Les-Bains,
38868,AR-0193,small_airport,Henderson Airport,-36.31470108,-61.74779892,492.0,SA,AR,AR-B,Henderson,
343277,BR-1522,small_airport,Fazenda Estrela Dalva Airport,-18.711222,-52.041314,2247.0,SA,BR,BR-GO,Aporé,
313093,AR-0505,small_airport,Cushamen Field,-42.17195981,-70.666176,,SA,AR,AR-U,,
6159,SKRH,medium_airport,Almirante Padilla Airport,11.5262,-72.926,43.0,SA,CO,CO-LAG,Riohacha,RCH
31995,AU-MYO,small_airport,Camballin Airport,-18.12470055,124.2720032,,OC,AU,AU-WA,Myroodah,MYO
309223,YXCH,heliport,Cherbourg Hospital Helipad,-26.29124,151.95742,1006.0,OC,AU,AU-QLD,Cherbourg,
338524,JP-0819,heliport,Cross Air Tower Helipad,35.65166,139.68835,,AS,JP,JP-13,"Meguro, Tokyo",
39824,CA-0178,small_airport,Kaskattama Airstrip,57.0415,-90.1126,30.0,,CA,CA-MB,Kaska Goose Lodge,
20090,KHSR,small_airport,Hot Springs Municipal Airport,43.366615,-103.390545,3150.0,,US,US-SD,Hot Springs,
340267,ZA-0186,small_airport,Stanley Island Airstrip,-34.0114,23.3992,,AF,ZA,ZA-WC,Keurboomstrand,
323620,SJYX,heliport,Foz do Chopim Heliport,-25.571833,-53.123084,1240.0,SA,BR,BR-PR,Cruzeiro do Iguaçu,
335725,SISV,small_airport,Fazenda Promissão Airport,-13.897372,-57.104208,1690.0,SA,BR,BR-MT,Diamantino,
35733,SDSV,small_airport,Fazenda Santa Cândida Airport,-21.32777786,-48.17111206,2080.0,SA,BR,BR-SP,Guariba,
341281,DZ-0008,heliport,Ain Naadja Military Hospital Helipad,36.72064,3.06608,,AF,DZ,DZ-16,Djasr Kasentina,
35637,SDNC,closed,Panco V Heliport,-23.03440094,-45.58810043,1945.0,SA,BR,BR-SP,Taubaté,
333491,MX-1143,heliport,Los Encinos Heliport,25.626964,-100.347812,2297.0,,MX,MX-NLE,San Pedro Garza Garcia,
44613,UWWS,small_airport,Smyshlyayevka Airport,53.24000168,50.375,131.0,EU,RU,RU-SAM,Samara,
339852,MX-1525,small_airport,La Vega del Oso Airstrip,25.344567,-106.731603,,,MX,MX-DUR,Topía,
301473,RK9R,heliport,N 205 Helipad,36.117753,125.980171,165.0,AS,KR,KR-45,Eoncheong Island,
8514,1NA8,small_airport,Preszler Airstrip,46.69049835,-100.0950012,1795.0,,US,US-ND,Braddock,
318265,AR-0534,small_airport,AeroSoluciones Airport,-24.74889,-64.235,1614.0,SA,AR,AR-A,Las Lajitas,
341076,US-3144,closed,Cherry Heights Airport,45.60148,-121.25013,,,US,US-OR,The Dalles,
13569,6TS6,small_airport,Wood Crest Ranch Airport,31.04159927,-96.20159912,410.0,,US,US-TX,Normangee,
350747,US-6184,closed,Skyridge Airport,38.88024,-121.07212,1450.0,,US,US-CA,Auburn,
44271,CN-0193,small_airport,Harbin Pingfang Airport,45.59886,126.65808,,AS,CN,CN-23,Harbin,
7526,0T3,closed,Ira Biffle Airfield,37.313901,-89.997299,421.0,,US,US-MO,Marble Hill,
13885,76CN,heliport,El Centro Regional Medical Center Heliport,32.779887,-115.568652,75.0,,US,US-CA,El Centro,
14407,US-0063,closed,Fairfield Airpark,35.519199,-86.418602,800.0,,US,US-TN,Shelbyville,
35071,RU-5259,small_airport,Saratov Sokol Airfield,51.54090118,45.8484993,945.0,EU,RU,RU-SAR,Saratov,
38234,YATY,small_airport,Atley Airport,-28.2166996,119.25,,OC,AU,AU-WA,,
9938,30PA,closed,Kings Airport,40.265741,-75.437837,290.0,,US,US-PA,Schwenksville,
27746,YLYK,small_airport,Lyndoch Airport,-34.61828,138.911362,,OC,AU,AU-SA,Lyndoch,
341795,MX-1605,small_airport,Aerofumigaciones Díaz Airstrip,25.823929,-108.644029,,,MX,MX-SIN,Sinaloa de Leyva,
40067,CA-0421,closed,Youngstown (E.C. Air) Airport,51.53333282,-111.1333313,,,CA,CA-AB,,
15762,9IS8,heliport,Gibson Community Hospital Heliport,40.479655,-88.369475,782.0,,US,US-IL,Gibson City,
317739,GB-0275,small_airport,Lydeway field,51.3309604,-1.9289392,,EU,GB,GB-ENG,,
336573,BR-1143,heliport,Haras Bella Vista Heliport,-22.632035,-47.843238,1739.0,SA,BR,BR-SP,São Pedro,
36295,SIUN,heliport,Uniban II Heliport,-23.64500046,-46.58000183,2429.0,SA,BR,BR-SP,São Bernardo Do Campo,
355296,IR-0104,heliport,Rowan Power Plant Heliport,35.133543,48.85354,,AS,IR,IR-13,Rowan,
43860,LOIQ,heliport,Dr. Schenk Heliport,47.27468109,9.591497421,1449.0,EU,AT,AT-8,Feldkirch,
9581,2MS6,heliport,Tgp Station 63 Heliport,34.29610062,-90.07219696,175.0,,US,US-MS,Batesville,
37812,SWCH,small_airport,Fazenda Charqueada Norte Airport,-10.00027847,-57.0672226,820.0,SA,BR,BR-MT,Alta Floresta,
2847,FAUP,medium_airport,Pierre Van Ryneveld Airport,-28.39909935,21.2602005,2782.0,AF,ZA,ZA-NC,Upington,UTN
337877,RU-0537,small_airport,Ozyornye Klyuchi (Lake Springs) Airfield,43.36795,132.1448,,EU,RU,RU-PRI,Artyom,
328271,MX-0723,heliport,Espacio Santa Fe Heliport,19.363028,-99.2815,9108.0,,MX,MX-DIF,Cuajimalpa,
40342,SVWA,small_airport,Mata de Agua Airport,7.31666708,-67.90833282,226.0,SA,VE,VE-C,Santa Bárbara,
15261,8XS2,closed,Rachal Airport,27.929701,-99.851196,600.0,,US,US-TX,Laredo,
38633,YWCM,small_airport,Wilson's Camp Airport,-20.10140038,129.1260071,,OC,AU,AU-NT,,
8881,22D,small_airport,Bandel Airport,40.1306,-80.096199,1210.0,,US,US-PA,Eighty Four,
30961,NVSE,small_airport,Siwo Airport,-17.09029961,168.3430023,7.0,OC,VU,VU-SEE,Emae Island,EAE
324310,MX-0560,small_airport,Santa Cruz Airport,28.216379,-101.876637,2572.0,,MX,MX-COA,Melchor Muzquiz,
335770,BR-1032,small_airport,Centúria Montana Airport,-11.294515,-46.028316,2644.0,SA,BR,BR-BA,Formosa do Rio Preto,
323812,EC-0011,small_airport,Sarayaku Airstrip,-1.739358,-77.485087,,SA,EC,EC-Y,Sarayaku,
27423,YBUX,small_airport,Bulleringa Airport,-17.64999962,143.8000031,,OC,AU,AU-QLD,,
336436,US-1794,heliport,Watermarke Tower Helipad,34.046246,-118.261583,,,US,US-CA,Los Angeles,
35974,SIGG,heliport,Auto Viação Reginas II Heliport,-22.66055679,-43.04722214,66.0,SA,BR,BR-RJ,Magé,
462,SSHX,small_airport,Fazenda Jatobá Airport,-23.92379951,-55.30189896,1335.0,SA,BR,BR-MS,Paranhos,
1404,CPF7,small_airport,Southampton Airport,44.4939003,-81.33529663,685.0,,CA,CA-ON,Southampton,
345031,NO-0092,small_airport,Skitnerød flyplass,58.98093,9.84491,3.0,EU,NO,NO-38,,
17353,FD85,heliport,DeSoto Memorial Hospital Heliport,27.227924,-81.849732,65.0,,US,US-FL,Arcadia,
44648,UUBN,small_airport,Zmeyevo Airfield,56.915001,35.935001,472.0,EU,RU,RU-TVE,Tver,
336106,FND,small_airport,Funadhoo Airport,6.162443,73.28752,,AS,MV,MV-24,Funadhoo,FND
337749,US-2092,small_airport,Superior Aero Estates Airport,46.93323,-92.31271,1384.0,,US,US-MN,Saginaw,
343546,MV-0009,seaplane_base,Kandima Island Resort Seaplane Base,2.7391,73.01475,,AS,MV,MV-17,Boduthakurufaanu Magu,
21049,KSEG,small_airport,Penn Valley Airport,40.8205986,-76.86389923,450.0,,US,US-PA,Selinsgrove,SEG
42856,AR-0434,small_airport,La Carlota Airport,-33.45000076,-63.34999847,505.0,SA,AR,AR-X,La Carlota,
328783,MX-0767,heliport,Torre Ejecutiva Pemex Heliport,19.438973,-99.174883,8071.0,,MX,MX-DIF,Miguel Hidalgo,
5152,OICS,medium_airport,Sanandaj Airport,35.2458992,47.00920105,4522.0,AS,IR,IR-12,,SDG
326604,MX-0660,heliport,Hospital General de Teziutlan Heliport,19.821944,-97.376916,6302.0,,MX,MX-PUE,Teziutlan,
333062,US-1178,closed,J D Milton Farm Airport,30.884769,-85.190048,110.0,,US,US-FL,Greenwood,
341421,JP-1517,heliport,Shiroyama Trust Tower Helipad,35.66482,139.7431,,AS,JP,JP-13,"Minato, Tokyo",
313407,BG-0021,closed,Gledka Airfield,41.5999,25.3857,962.0,EU,BG,BG-09,Kardzali,
323582,SWGC,small_airport,Agricenter Airport,-22.627129,-55.57916,2073.0,SA,BR,BR-MS,Ponta Porã,
325530,6AL8,heliport,Malbis Med Park-Infirmary Health Heliport,30.654636,-87.854252,195.0,,US,US-AL,Daphne,
35332,SA46,small_airport,Fiambala Airport,-27.6422,-67.624702,5029.0,SA,AR,AR-K,Fiambala,
6377,UTDK,medium_airport,Kulob Airport,37.98809814,69.80500031,2293.0,AS,TJ,TJ-KT,Kulyab,TJU
24791,TA84,small_airport,Miller Ranch Airport,28.35499954,-99.93319702,750.0,,US,US-TX,Carrizo Springs,
351738,AU-0286,small_airport,Wuyagiba Airport,-14.616433,135.489707,,OC,AU,AU-NT,Wuyagiba,
5756,OE49,small_airport,Mecca East Airport,21.4375,39.994202,1210.0,AS,SA,SA-02,Mecca,
14599,83IS,small_airport,Prairie Airport,38.42639923,-89.1312027,550.0,,US,US-IL,Irvington,
21059,KSFY,small_airport,Tri Township Airport,42.04579926,-90.10790253,616.0,,US,US-IL,Savanna,
35687,SDQF,closed,Ita Heliport,-23.7,-46.83,2638.0,SA,BR,BR-SP,Itapecerica Da Serra,
343684,JP-1860,heliport,Shin-Osaka Hankyu Building Helipad,34.734,135.50008,,AS,JP,JP-27,Osaka,
316027,DE-0322,small_airport,Musbach Airfield,48.5027,8.4786,2295.0,EU,DE,DE-BW,Freudenstadt,
349762,JP-2679,closed,Rokugo Airfield,39.42949,140.53671,120.0,AS,JP,JP-05,Misato,
342649,GB-0979,small_airport,Goldstone Farm Airstrip,51.266869,-0.377655,,EU,GB,GB-ENG,,
321194,IT-0502,small_airport,Campo di Volo Privato Curtatone,45.112207,10.705383,,EU,IT,IT-25,Curtatone (MN),
31082,FCMA,small_airport,Mavinza Airport,-2.450000048,11.64999962,509.0,AF,CG,CG-9,Mavinza,
16110,PALP,small_airport,Alpine Airstrip,70.344299,-150.945007,18.0,,US,US-AK,Nuiqsut,DQH
335971,AW-0001,closed,Savaneta Field,12.452124,-69.953427,,,AW,AW-U-A,Savaneta,
337063,BR-1187,small_airport,Santa Colomba Agropecuária Airport,-14.773731,-45.561182,2811.0,SA,BR,BR-BA,Cocos,
2135,DTTD,medium_airport,Remada Air Base,32.30619812,10.38210011,1004.0,AF,TN,TN-83,Remada,
5987,SBTS,medium_airport,Tiriós Airport,2.224537,-55.944711,1127.0,SA,BR,BR-PA,Aldeia Tiriós,
301249,US-0186,heliport,Watsontown / Helicopter 1 LLC Heliport,41.09405846,-76.85953885,524.0,,US,US-PA,,
15378,93B,small_airport,Stonington Municipal Airport,44.1731987,-68.68029785,30.0,,US,US-ME,Stonington,
353226,MX-1947,small_airport,El Tío Pancho Airport,30.42436,-107.97139,4662.0,,MX,MX-CHH,Nuevo Casas Grandes,
337711,JP-0614,heliport,Toyota Kosei Hospital Helipad,35.12008,137.13404,,AS,JP,JP-23,Toyota,
40068,CA-0422,closed,Yoyo Airport,58.9258,-121.473201,1950.0,,CA,CA-BC,Yoyo,
316530,GB-0234,small_airport,Laddingford Aerodrome,51.1908,0.4128,,EU,GB,GB-ENG,,
346538,US-4834,closed,Air-Topia Airport,33.39053,-112.14651,1043.0,,US,US-AZ,Phoenix,
340462,BR-1368,heliport,Sítio Baronesa Heliport,-22.718962,-45.615907,5728.0,SA,BR,BR-SP,Campos do Jordão,
320736,IT-0474,small_airport,Aviosuperficie Fiano Romano,42.1447222,12.6333333,98.0,EU,IT,IT-62,Fiano Romano (RM),
17501,GA27,closed,Mathis Airport,34.1012,-84.161003,1170.0,,US,US-GA,Cumming,
24025,PA55,small_airport,Neiderer Airport,40.219902,-77.118126,440.0,,US,US-PA,Carlisle,
1480,CPZ3,small_airport,Trenton / Mountain View Airport,44.06940079,-77.33809662,362.0,,CA,CA-ON,Prince Edward County,
340027,AR-0664,heliport,Heliplataforma Oceanic Champion,-52.833333,-66.416667,66.0,SA,AR,AR-V,Río Grande,
331742,LV-0047,closed,Zaicevas Airstrip,57.468352,27.508881,,EU,LV,LV-007,Pededze,
342781,US-3499,closed,Thompson Airport,33.564906,-117.239885,1132.0,,US,US-CA,Murrieta,
36832,SJRR,small_airport,Fazenda Barreiro Airport,-17.05416679,-50.92833328,2461.0,SA,BR,BR-GO,Paraúna,
24880,TE72,closed,Haven Field,32.327099,-96.840201,595.0,,US,US-TX,Waxahachie,
339158,HK-0024,heliport,Hau Tong Kai Helipad,22.44106,114.32785,,AS,HK,HK-U-A,"Tai Po, New Territories",
320916,SE-0023,small_airport,Baggböle Airstrip,62.1908112,17.2688212,,EU,SE,SE-Y,,
313845,LVB,closed,Santana do Livramento Airport,-30.8354,-55.62565,1094.0,SA,BR,BR-RS,Santana do Livramento,LVB
348752,AU-0208,small_airport,Chuulangun Airport,-13.11818,143.00533,456.0,OC,AU,AU-QLD,Lockhart River,
36655,SJKN,small_airport,Caracanã Airport,4.70472002,-60.26530075,1988.0,SA,BR,BR-RR,Uiramutã,
37117,SNID,heliport,Instituto Doutor Arnaldo Heliport,-23.55611038,-46.66777802,3038.0,SA,BR,BR-SP,São Paulo,
330405,SD-0006,small_airport,Songo Airstrip,9.774332,24.306231,1813.0,AF,SD,SD-11,Songo,
40214,SVMY,small_airport,Manapiare Airport,5.30833292,-66.05000305,656.0,SA,VE,VE-Z,,
339950,RU-0574,heliport,Pos'et Heliport,42.65686,130.78535,,EU,RU,RU-PRI,Pos'et,
353180,US-6625,closed,Old Sturgis Airport,44.419844,-103.394173,3289.0,,US,US-SD,Sturgis,
22502,MU05,heliport,Arch Heliport,38.61840057,-90.21730042,500.0,,US,US-MO,St Louis,
45509,MT18,small_airport,Torres Airport,48.287534,-114.183698,3078.0,,US,US-MT,Columbia Falls,
347487,US-5100,closed,Naval Air Station Richmond,25.61448,-80.3971,12.0,,US,US-FL,Miami,
13303,6IN5,small_airport,Foghorn Farms Airport,40.03279877,-85.78359985,870.0,,US,US-IN,Pendleton,
343827,US-3858,closed,Malabar Naval Outlying Landing Field,28.02123,-80.67993,24.0,,US,US-FL,Palm Bay,
353969,TR-0026,heliport,Delphin Heliport,36.865983,30.875364,7.0,AS,TR,TR-07,Antalya,
323623,SDXK,small_airport,Ticoça Airport,4.413334,-60.116667,486.0,SA,BR,BR-RR,Uiramutã,
315338,UNEA,heliport,Anzhero-Sudzhensk Heliport,56.1498,86.0538,748.0,EU,RU,RU-KAM,Anzhero-Sudzhensk,
29508,LSPH,small_airport,Winterthur Airport,47.51499939,8.771940231,1506.0,EU,CH,CH-ZH,Winterthur,
2879,FIMR,medium_airport,Sir Charles Gaetan Duval Airport,-19.7577,63.361,95.0,AF,MU,MU-VP,Port Mathurin,RRG
16629,CA99,heliport,Aero Long Beach 8 Helipad,33.807162,-118.144573,121.0,,US,US-CA,Long Beach,
338598,US-2326,closed,Paradox Heliport,35.318611,-76.700556,7.0,,US,US-NC,Aurora,
319216,IT-0256,small_airport,Aviosuperficie di Rubbiano,44.671947,10.060862,518.0,EU,IT,IT-45,Solignano,
31130,FKAB,small_airport,Banyo Airport,6.774990082,11.80700016,3642.0,AF,CM,CM-AD,Banyo,
18621,K2RR,small_airport,River Ranch Resort Airport,27.78219986,-81.20529938,55.0,,US,US-FL,River Ranch,
27158,YTNG,medium_airport,Thangool Airport,-24.494863,150.577967,644.0,OC,AU,AU-QLD,Biloela,THG
2445,EGNO,medium_airport,Warton Aerodrome,53.745098,-2.88306,55.0,EU,GB,GB-ENG,Warton,WRT
46160,RU-0330,closed,Mys Nizmenny Airport,64.801473,177.584424,461.0,EU,RU,RU-CHU,Ugolnye Kopi,
44876,NO-0012,small_airport,Frosta Airfield,63.57415771,10.7194376,50.0,EU,NO,NO-50,Frosta,
3668,KMCI,large_airport,Kansas City International Airport,39.2976,-94.713898,1026.0,,US,US-MO,Kansas City,MCI
344033,NO-0090,small_airport,Løten Forest Airstrip,60.81586,11.40666,,EU,NO,NO-34,,
16811,CL92,heliport,SCE Saddleback Service Center Heliport,33.655253,-117.705844,391.0,,US,US-CA,Irvine,
337524,JP-0564,heliport,Proud Tower Shinonome Canal Court Helipad,35.649602,139.804733,,AS,JP,JP-13,"Koto, Tokyo",
22712,NA30,small_airport,Behrens Airstrip,48.270577,-101.39788,1742.0,,US,US-ND,Burlington,
340138,IN-0137,heliport,Sriharikota Heliport,13.67567,80.19056,,AS,IN,IN-AP,Sriharikota,
18017,IL42,heliport,Centegra Hospital - Woodstock Heliport,42.276198,-88.402703,940.0,,US,US-IL,Woodstock,
44395,UA-0032,small_airport,Artsyz Air Base,45.945829,29.376832,,EU,UA,UA-51,Artsyz,
38647,YWLH,small_airport,Wallara Ranch Airport,-24.64999962,132.3170013,,OC,AU,AU-NT,,
340728,JP-1282,closed,Yawatahama - Kawanoishi Seaplane Base,33.473333,132.396944,,AS,JP,JP-38,Yawatahama,
350823,US-6215,small_airport,Simpson Flying Services Airport,35.79651,-90.07822,232.0,,US,US-AR,Manila,
18850,K4S2,small_airport,Ken Jernstedt Airfield,45.67259979,-121.5360031,631.0,,US,US-OR,Hood River,
9796,2TS0,small_airport,Myska Field,33.154709,-97.138817,595.0,,US,US-TX,Denton,
40299,SVSC,small_airport,San Carlos Río Negro Airport,1.916666985,-67.05000305,367.0,SA,VE,VE-Z,,
4444,LPCS,medium_airport,Cascais Airport,38.724998,-9.35523,325.0,EU,PT,PT-11,Cascais,CAT
2539,EIWF,medium_airport,Waterford Airport,52.18719864,-7.086959839,119.0,EU,IE,IE-WD,Waterford,WAT
35829,SDZB,heliport,ICS - Guarujá Heliport,-23.98555565,-46.2844429,5.0,SA,BR,BR-SP,Guarujá,
321270,PT-0048,heliport,Sardoal Heliport,39.54254,-8.160328,712.0,EU,PT,PT-14,Sardoal,
35328,TAPH,medium_airport,Codrington Airport,17.635799,-61.828602,15.0,,AG,AG-10,Codrington,BBQ
327731,KR-0591,heliport,Pyeongchang Service Area Heliport,37.605872,128.45403,,AS,KR,KR-42,Gyeonggang-ro,
30657,PG-ATP,small_airport,Tadji Airport,-3.198191804,142.4309635,33.0,OC,PG,PG-SAN,Aitape,TAJ
343347,FR-0478,small_airport,Aérodrome de Cossé le Vivien,47.97263,-0.91864,,EU,FR,FR-PDL,,
14220,7MD5,heliport,St. Mary's Hospital Heliport,38.30009842,-76.6371994,110.0,,US,US-MD,Leonardtown,
16791,CL72,heliport,Camp 8 Heliport,34.06200027,-118.6470032,1525.0,,US,US-CA,Malibu,
331523,MX-1055,heliport,Marina  Vallarta Heliport,20.653186,-105.244269,20.0,,MX,MX-JAL,Puerto Vallarta,
43819,LOLD,heliport,Europa 3 Heliport,48.40083313,13.44972229,1109.0,EU,AT,AT-4,Flugplatz Suben,
7660,10FL,heliport,Fishermen's Hospital Emergency Helistop,24.71039963,-81.09449768,5.0,,US,US-FL,Marathon,
41684,SISB,closed,Fazenda Eldorado - Agropecuária Paleana S/A Airport,-12.154167,-51.686943,1108.0,SA,BR,BR-MT,Bom Jesus Do Araguaia,
29952,LKHD,small_airport,Hodkovice Nad Mohelkou Airport,50.65719986,15.0777998,1480.0,EU,CZ,CZ-LI,Hodkovice Nad Mohelkou,
30074,LKLT,small_airport,Letňany Airfield,50.131401,14.5256,909.0,EU,CZ,CZ-PR,Letňany,
340841,US-3042,closed,Missouri River Ranch Airport,47.06065,-111.971604,3467.0,,US,US-MT,Craig,
42477,HTKB,small_airport,Kibondo Airport,-3.525979996,30.65040016,4262.0,AF,TZ,TZ-08,Kibondo,
37987,SWNT,small_airport,Fazenda Santo Antônio Airport,-18.96500015,-50.79861069,1493.0,SA,BR,BR-GO,Caçu,
28760,EDTW,small_airport,Flugplatz Winzeln-Schramberg,48.279167,8.428333,2310.0,EU,DE,DE-BW,Schramberg,
40346,SVYG,small_airport,El Yagual Airport,7.466667175,-68.44999695,262.0,SA,VE,VE-C,,
354416,SA-0047,heliport,Prince Muhammad bin Nasser Hospital Helipad,16.994556,42.620135,85.0,AS,SA,SA-09,,
355293,IR-0101,heliport,Khosravi Heliport,34.368632,45.488651,,AS,IR,IR-05,Khosravi,
327152,KR-0350,heliport,KNN Media Center Heliports,35.1726,129.128328,,AS,KR,KR-26,Busan,
341967,QA-0010,heliport,Al Rayyan Air Defense Base Helipad,25.281734,51.298514,148.0,AS,QA,QA-RA,Al Rayyan,
32063,NWWT,small_airport,Oua Tom Airport,-21.81970024,165.8609924,98.0,OC,NC,NC-U-A,La Foa,
42021,SV-0002,small_airport,Las Cachas Airport,13.466724,-89.191345,51.0,,SV,SV-LI,Cangrejera,
25859,WN64,small_airport,J K D Farms Airport,46.97430038,-120.461998,1575.0,,US,US-WA,Ellensburg,
312682,SAM,small_airport,Salamo Airport,-9.6701,150.7903,30.0,OC,PG,PG-MBA,Salamo,SAM
323599,SNEG,small_airport,Fazenda Netolândia Airport,-14.650115,-57.888688,1066.0,SA,BR,BR-MT,Tangará da Serra,
22849,ND16,small_airport,Frei Private Airport,47.44169998,-102.2419968,2100.0,,US,US-ND,Halliday,
30411,FBSW,small_airport,Shakawe Airport,-18.37389946,21.83259964,3379.0,AF,BW,BW-NW,Shakawe,SWX
35001,ULMK,small_airport,Kirovsk-Apatity Airport,67.46330261,33.5882988,515.0,EU,RU,RU-MUR,Apatity,KVK
338416,US-2301,closed,Lake Pleasant Landing Field,33.82957,-112.26871,1558.0,,US,US-AZ,Peoria,
15787,9LA8,heliport,Cornerstone Chemical Company Helistop,29.958504,-90.274551,9.0,,US,US-LA,South Kenner,
11555,4MN2,small_airport,Coot Landing Airport,46.66379929,-96.2417984,1325.0,,US,US-MN,Barnsville,
299694,DE-0003,small_airport,August-Euler Flugplatz,49.853757,8.586243,,EU,DE,DE-HE,Griesheim,
319403,MX-0224,small_airport,Nuevo Temalacaco Airport,22.287539,-98.613067,236.0,,MX,MX-SLP,Ebano,
36731,SJNQ,small_airport,Destilaria Medasa Airport,-17.491096,-40.156317,656.0,SA,BR,BR-BA,Medeiros Neto,
19066,K7L8,small_airport,Post-Air Airport,39.75,-86.01390076,861.0,,US,US-IN,Indianapolis,
42907,AR-0485,small_airport,San Patricio Airport,-34.0403,-59.6944,147.0,SA,AR,AR-B,Capitán Sarmiento,
337723,JP-0621,heliport,Kazo Helipark,36.18105,139.61476,,AS,JP,JP-11,Kazo,
38324,YDME,small_airport,Mount Dimer Airport,-30.40169907,119.8300018,,OC,AU,AU-WA,,
325903,UY-0012,heliport,Carmelo Park Hyatt Heliport,-33.95582,-58.335986,,SA,UY,UY-CO,Carmelo,
44433,UKKT,closed,Svyatoshyn Airport,50.478224,30.384631,582.0,EU,UA,UA-32,Svyatoshyn,
1744,CYGL,medium_airport,La Grande Rivière Airport,53.62530136,-77.70420074,639.0,,CA,CA-QC,La Grande Rivière,YGL
341219,JP-1431,heliport,Osaka Mitsui Bussan Building Helipad,34.693738,135.497306,,AS,JP,JP-27,Osaka,
323529,SNIL,small_airport,Fazenda Santo Antônio Airport,-3.900002,-48.881387,243.0,SA,BR,BR-PA,Goianésia do Pará,
353935,US-6794,small_airport,Buckle L Ranch East Airport,34.278988,-100.092557,1710.0,,US,US-TX,Paducah,
323214,RU-0464,small_airport,Eldikan Airstrip,60.747856,135.128137,,EU,RU,RU-SA,Eldikan,
46561,IN-0038,heliport,Upper Tadong Indian Army Helipad,27.30671667,88.59965,,AS,IN,IN-SK,Upper Tadong,
327959,KR-0677,heliport,T Tower Heliport,37.554245,126.975612,,AS,KR,KR-11,Seoul,
9430,2IA3,heliport,Medical Heliport,40.9620018,-91.55989838,734.0,,US,US-IA,Mount Pleasant,
32585,VLSV,small_airport,Saravane Airport,15.70943921,106.4106989,574.0,AS,LA,LA-SL,Saravane,VNA
341274,AZ-0023,heliport,Çilov Heliport,40.32581,50.60284,,AS,AZ,AZ-BA,Çilov,
322311,CM-0007,small_airport,Ngola Airport,3.494501,15.332236,,AF,CM,CM-ES,Ngola,
43244,LECC,heliport,Cas Curredó Heliport,38.92910004,1.466330051,278.0,EU,ES,ES-PM,Ibiza Island,
10821,3TS2,heliport,West Hospital Authority Heliport,31.81640053,-97.09279633,650.0,,US,US-TX,West,
315694,RU-0445,small_airport,Aerodrom Tsherskaia,57.633923,28.223795,164.0,EU,RU,RU-PSK,,
45764,06PN,heliport,Schiavoni Heliport,40.382733,-76.772533,727.0,,US,US-PA,Harrisburg,
15595,98WY,heliport,Hmhs Heliport,43.30149841,-110.776001,5886.0,,US,US-WY,Jackson,
28617,EDTK,closed,Karlsruhe-Forchheim Airport,48.9843,8.3355,381.0,EU,DE,DE-BW,Karlsruhe,
329141,IT-0535,heliport,Eliporto di Lanusei,39.890822,9.50585,,EU,IT,IT-88,,
22376,MS75,small_airport,Lewis Airport,33.01399994,-91.03900146,112.0,,US,US-MS,Glen Allan,
40246,SVPG,small_airport,El Progreso Airport,7.133333206,-68.58333588,984.0,SA,VE,VE-C,,
45534,20NJ,heliport,Liberty National Golf Club Heliport,40.698194,-74.072417,45.0,,US,US-NJ,Jersey City,
43374,FR-0034,heliport,Centre Hospitalier Heliport,47.80444336,3.557777882,528.0,EU,FR,FR-BFC,Auxerre,
38869,AR-0194,heliport,Hospital De Milagro Heliport,-24.7731,-65.4156,4068.0,SA,AR,AR-A,Salta,
352943,BY-0038,small_airport,Voirovka East Airfield,53.62221,27.56414,604.0,EU,BY,BY-MI,Voirovka,
