Secondary Organization,Primary Organization,Date,Expense Summary,Expense Category,Vendor,Transaction number,Amount
HMRC,HMRC,01/03/2011,Website Development & Maintenance,Business Customer Unit,Serco Assurance,5100097685,2483026.09
HMRC,HMRC,01/03/2011,Website Development & Maintenance,Business Customer Unit,Serco Assurance,5100097837,30722.09
HMRC,HMRC,02/03/2011,Website Development & Maintenance,Business Customer Unit,Serco Assurance,5100098345,336612.74
HMRC,HMRC,02/03/2011,Website Development & Maintenance,Business Customer Unit,Serco Assurance,5100098348,88861.33
HMRC,HMRC,09/03/2011,Mail and Fulfilment Services,Business Customer Unit,BSS Scotland Ltd,5100101211,62106.3
HMRC,HMRC,18/03/2011,Website Development & Maintenance,Business Customer Unit,Serco Assurance,5100104753,1919023.09
HMRC,HMRC,18/03/2011,Website Development & Maintenance,Business Customer Unit,Serco Assurance,5100104757,525764.46
HMRC,HMRC,18/03/2011,Website Development & Maintenance,Business Customer Unit,Serco Assurance,5100104782,147031.88
HMRC,HMRC,29/03/2011,Research (VAT recoverable),Business Customer Unit,Quadrangle Group LLP,5100107524,44250.0
HMRC,HMRC,29/03/2011,Research (VAT recoverable),Business Customer Unit,Quadrangle Group LLP,5100107527,29500.0
HMRC,HMRC,29/03/2011,Research (VAT recoverable),Business Customer Unit,GFK NOP Ltd,5100107798,29173.0
HMRC,HMRC,29/03/2011,Government departments services,Business International,Government Actuary's Department,5100107800,30000.0
HMRC,HMRC,04/03/2011,Government departments services,Central Policy,Cabinet Office,5100099782,820032.0
HMRC,HMRC,16/03/2011,Temporary clerical or administrative assistance,Charities Assets & Residence,MacLellan International Limited,5100103231,4383.02
HMRC,HMRC,16/03/2011,Temporary clerical or administrative assistance,Charities Assets & Residence,MacLellan International Limited,5100103231,3854.99
HMRC,HMRC,30/03/2011,Project administration or planning,Charities Assets & Residence,Ministry Of Justice,5100108294,45075.0
HMRC,HMRC,03/03/2011,Specialty envelopes,Commercial Directorate,Banner Business Services Ltd,5100097403,33104.4
HMRC,HMRC,02/03/2011,Specialty envelopes,Commercial Directorate,Banner Business Services Ltd,5100097419,95310.0
HMRC,HMRC,02/03/2011,Departmental Booklets and Leaflets - Stock (Zero VAT),Commercial Directorate,Adare Halcyon Limited,5100098467,32886.0
HMRC,HMRC,03/03/2011,Diesel fuel,Commercial Directorate,Arval BNP Paribas Group,5100099229,57199.81
HMRC,HMRC,04/03/2011,Diesel fuel,Commercial Directorate,Arval BNP Paribas Group,5100099825,41749.45
HMRC,HMRC,07/03/2011,Mailing or mail pick up or delivery services ,Commercial Directorate,DWP,5100099872,38367.28
HMRC,HMRC,08/03/2011,Franking or postage machines,Commercial Directorate,Pitney Bowes Finance Ltd (Lease),5100100535,25218.16
HMRC,HMRC,10/03/2011,Vehicle leasing,Commercial Directorate,Inchcape Fleet Solutions,5100101538,160841.6
HMRC,HMRC,10/03/2011,Vehicle leasing,Commercial Directorate,Inchcape Fleet Solutions,5100101538,309.75
HMRC,HMRC,10/03/2011,Vehicle servicing maintenance & repairs,Commercial Directorate,Inchcape Fleet Solutions,5100101593,13402.6
HMRC,HMRC,10/03/2011,Vehicle servicing maintenance & repairs,Commercial Directorate,Inchcape Fleet Solutions,5100101593,13368.77
HMRC,HMRC,10/03/2011,Vehicle servicing maintenance & repairs,Commercial Directorate,Inchcape Fleet Solutions,5100101593,1034.24
HMRC,HMRC,10/03/2011,Vehicle leasing,Commercial Directorate,Inchcape Fleet Solutions,5100101699,67704.64
HMRC,HMRC,10/03/2011,Vehicle servicing maintenance & repairs,Commercial Directorate,Inchcape Fleet Solutions,5100101718,73038.9
HMRC,HMRC,10/03/2011,National postal delivery services,Commercial Directorate,TNT Post UK Ltd,5100101728,72678.86
HMRC,HMRC,10/03/2011,National postal delivery services,Commercial Directorate,TNT Post UK Ltd,5100101728,0.02
HMRC,HMRC,10/03/2011,Vehicle leasing,Commercial Directorate,Inchcape Fleet Solutions,5100101729,38675.94
HMRC,HMRC,10/03/2011,National postal delivery services,Commercial Directorate,TNT Post UK Ltd,5100101731,80217.95
HMRC,HMRC,10/03/2011,National postal delivery services,Commercial Directorate,TNT Post UK Ltd,5100101731,0.03
HMRC,HMRC,10/03/2011,Vehicle leasing,Commercial Directorate,Inchcape Fleet Solutions,5100101757,29939.5
HMRC,HMRC,10/03/2011,Vehicle servicing maintenance & repairs,Commercial Directorate,Inchcape Fleet Solutions,5100101761,70685.18
HMRC,HMRC,10/03/2011,Vehicle servicing maintenance & repairs,Commercial Directorate,Inchcape Fleet Solutions,5100101761,41522.95
HMRC,HMRC,10/03/2011,Vehicle servicing maintenance & repairs,Commercial Directorate,Inchcape Fleet Solutions,5100101761,4114.2
HMRC,HMRC,10/03/2011,National postal delivery services,Commercial Directorate,Royal Mail Wholesale,5100101864,2956373.21
HMRC,HMRC,22/03/2011,Departmental Forms - Stock,Commercial Directorate,St Ives Direct,5100103051,9720.14
HMRC,HMRC,22/03/2011,Departmental Forms - Stock,Commercial Directorate,St Ives Direct,5100103051,9238.32
HMRC,HMRC,22/03/2011,Departmental Forms - Stock,Commercial Directorate,St Ives Direct,5100103051,4233.6
HMRC,HMRC,22/03/2011,Departmental Forms - Stock,Commercial Directorate,St Ives Direct,5100103051,3024.0
HMRC,HMRC,17/03/2011,Mailing or mail pick up or delivery services ,Commercial Directorate,G3 Worldwide (UK) Ltd,5100104044,68546.75
HMRC,HMRC,17/03/2011,Mailing or mail pick up or delivery services ,Commercial Directorate,G3 Worldwide (UK) Ltd,5100104044,26456.2
HMRC,HMRC,17/03/2011,Diesel fuel,Commercial Directorate,Arval BNP Paribas Group,5100104124,46146.29
HMRC,HMRC,18/03/2011,Diesel fuel,Commercial Directorate,Arval BNP Paribas Group,5100104318,64243.66
HMRC,HMRC,21/03/2011,Mailing or mail pick up or delivery services ,Commercial Directorate,DWP,5100105003,51839.7
HMRC,HMRC,23/03/2011,Departmental Booklets and Leaflets - Stock (Zero VAT),Commercial Directorate,Adare Halcyon Limited,5100105833,46224.0
HMRC,HMRC,30/03/2011,Departmental Booklets and Leaflets - Non-Stock (Zero VAT),Commercial Directorate,Adare Halcyon Limited,5100106623,27240.6
HMRC,HMRC,28/03/2011,National postal delivery services,Commercial Directorate,Royal Mail,5100107838,862812.0
HMRC,HMRC,29/03/2011,External Database Information Sources,Commercial Directorate,Specialist Computer Ctr,5100107875,270497.06
HMRC,HMRC,29/03/2011,Specialty envelopes,Commercial Directorate,Banner Business Services Ltd,5100107981,59379.84
HMRC,HMRC,30/03/2011,Diesel fuel,Commercial Directorate,Arval BNP Paribas Group,5100108218,47975.6
HMRC,HMRC,07/03/2011,Employee education,Communications & Marketing,Chartered Institute of Public,5100099824,58449.44
HMRC,HMRC,21/03/2011,Marketing Promotion,Communications & Marketing,COI - COI Trading Fund/GNN,5100105028,59707.4
HMRC,HMRC,02/03/2011,CSP Information Requests,Criminal Investigations,Home Office Immigration & Nationali,5100098721,39654.39
HMRC,HMRC,02/03/2011,Forensic Services,Criminal Investigations,CCL Forensics Limited,5100098811,116165.71
HMRC,HMRC,09/03/2011,Forensic Services,Criminal Investigations,Forensic Science Service,5100101325,64266.71
HMRC,HMRC,16/03/2011,Forensic Services,Criminal Investigations,Forensic Science Service,5100103628,46719.66
HMRC,HMRC,24/03/2011,CSP Information Requests,Criminal Investigations,Home Office Immigration & Nationali,5100106486,37588.38
HMRC,HMRC,28/03/2011,Forensic Services,Criminal Investigations,Forensic Science Service,5100107342,58869.07
HMRC,HMRC,30/03/2011,Legal Services; Agencies,Criminal Investigations,Independent Police Complaints,5100108213,248794.64
HMRC,HMRC,30/03/2011,Government departments services,Criminal Investigations,Independent Police Complaints,5100108216,93579.0
HMRC,HMRC,16/03/2011,Interpretation,Customer Contact,Thebigword Interpreting Services Lt,5100103564,85199.3
HMRC,HMRC,16/03/2011,Interpretation,Customer Contact,Thebigword Interpreting Services Lt,5100103568,35764.39
HMRC,HMRC,16/03/2011,Interpretation,Customer Contact,Thebigword Interpreting Services Lt,5100103569,41602.18
HMRC,HMRC,16/03/2011,Interpretation,Customer Contact,Thebigword Interpreting Services Lt,5100103571,37800.83
HMRC,HMRC,16/03/2011,Interpretation,Customer Contact,Thebigword Interpreting Services Lt,5100103572,66759.2
HMRC,HMRC,16/03/2011,Temporary clerical or administrative assistance,Customer Operations PSA & NICEO,MacLellan International Limited,5100103231,2691.34
HMRC,HMRC,16/03/2011,Temporary clerical or administrative assistance,Customer Operations PSA & NICEO,MacLellan International Limited,5100103231,2488.07
HMRC,HMRC,08/03/2011,Court Fees,Debt Management & Banking,RBSG Central 10000607,1900222448,40000.0
HMRC,HMRC,16/03/2011,Court Fees,Debt Management & Banking,RBSG Central 10000607,1900227448,40000.0
HMRC,HMRC,24/03/2011,Court Fees,Debt Management & Banking,RBSG Central 10000607,1900232901,40000.0
HMRC,HMRC,28/03/2011,Court Fees,Debt Management & Banking,RBSG Central 10000607,1900237966,40000.0
HMRC,HMRC,03/03/2011,Crown Solicitors Office N. Ireland Cost Recovery,Debt Management & Banking,Crown Solicitors Office,5100099138,75000.0
HMRC,HMRC,03/03/2011,Legal Information Services,Debt Management & Banking,Call Credit,5100099413,38400.0
HMRC,HMRC,07/03/2011,Crown Solicitors Office N. Ireland Cost Recovery,Debt Management & Banking,Northern Ireland Office,5100099894,75000.0
HMRC,HMRC,09/03/2011,Commission Fees,Debt Management & Banking,iQor holdings Limited,5100101251,168439.84
HMRC,HMRC,09/03/2011,Court Fees,Debt Management & Banking,The Insolvency Service,5100101255,81630.0
HMRC,HMRC,10/03/2011,Commission Fees,Debt Management & Banking,Credit Solutions,5100101506,58046.56
HMRC,HMRC,10/03/2011,Commission Fees,Debt Management & Banking,Commercial Collection Services,5100101599,54006.77
HMRC,HMRC,10/03/2011,County Court Proceedings,Debt Management & Banking,Her Majesty's Court Service,5100101860,71465.0
HMRC,HMRC,16/03/2011,Commission Fees,Debt Management & Banking,Fairfax Solicitors Limited,5100103459,235752.65
HMRC,HMRC,22/03/2011,Court Fees,Debt Management & Banking,The Insolvency Service,5100105519,283090.0
HMRC,HMRC,29/03/2011,Crown Solicitors Office N. Ireland Cost Recovery,Debt Management & Banking,Crown Solicitors Office,5100107803,49289.65
HMRC,HMRC,14/03/2011,Government auditing services,E & C Central Services,Home Office Immigration & Nationali,5100102517,62500.0
HMRC,HMRC,16/03/2011,Temporary clerical or administrative assistance,E & C Central Services,MacLellan International Limited,5100103231,2435.01
HMRC,HMRC,01/03/2011,STEPS Facility Payments (FUP) ,Estates & Support Services,Mapeley Steps Limited,1700119492,152018.3
HMRC,HMRC,01/03/2011,STEPS Facility Payments (FUP) ,Estates & Support Services,Mapeley Steps Limited,1700119492,16553.77
HMRC,HMRC,01/03/2011,100 PS Service Charg,Estates & Support Services,Exchequer Partnership Plc,5100097799,1630223.95
HMRC,HMRC,01/03/2011,STEPS Facility Payments (FUP),Estates & Support Services,Mapeley Steps Limited,5100097819,17686206.55
HMRC,HMRC,03/03/2011,Filtered Mains Drinking Water,Estates & Support Services,Mapeley Steps Limited,5100098292,31455.34
HMRC,HMRC,02/03/2011,OGD costs (IR Minor Tenant),Estates & Support Services,DWP,5100098317,29197.09
HMRC,HMRC,03/03/2011,Rent,Estates & Support Services,Mapeley Steps Limited,5100098388,56000.0
HMRC,HMRC,03/03/2011,Rent,Estates & Support Services,Mapeley Steps Limited,5100098388,53996.14
HMRC,HMRC,02/03/2011,Landlord Service Charge,Estates & Support Services,Lambert Smith Hampton Group Ltd,5100098395,27815.7
HMRC,HMRC,03/03/2011,Rent,Estates & Support Services,Mapeley Steps Limited,5100098402,30810.7
HMRC,HMRC,03/03/2011,Rent,Estates & Support Services,Mapeley Steps Limited,5100098402,27231.99
HMRC,HMRC,03/03/2011,Rent,Estates & Support Services,Mapeley Steps Limited,5100098409,24622.27
HMRC,HMRC,03/03/2011,Rent,Estates & Support Services,Mapeley Steps Limited,5100098409,20126.51
HMRC,HMRC,02/03/2011,Storage (non Enforcement),Estates & Support Services,Serco Integrated Services,5100098831,27884.47
HMRC,HMRC,02/03/2011,Rent,Estates & Support Services,NB Real Estate Property,5100099122,249408.0
HMRC,HMRC,03/03/2011,Major Accommodation Works (non-structural VAT recoverable),Estates & Support Services,Mapeley Steps Limited,5100099384,271862.4
HMRC,HMRC,03/03/2011,Rent,Estates & Support Services,2001/02 Balliol No 2 Syndicate,5100099389,275804.1
HMRC,HMRC,03/03/2011,Dilapidations,Estates & Support Services,The Elmley Foundation,5100099391,42223.2
HMRC,HMRC,03/03/2011,Rent,Estates & Support Services,West Cumbria Development Agency,5100099393,95220.0
HMRC,HMRC,03/03/2011,Non PFI Services (VAT Recvrbl),Estates & Support Services,MacLellan International Limited,5100099395,43442.05
HMRC,HMRC,03/03/2011,Major Accommodation Works (structural non- VAT recoverable),Estates & Support Services,Mapeley Steps Limited,5100099397,475296.35
HMRC,HMRC,03/03/2011,Major Accommodation Works (structural non- VAT recoverable),Estates & Support Services,Mapeley Steps Limited,5100099403,40336.66
HMRC,HMRC,04/03/2011,Electricity,Estates & Support Services,EDF Energy,5100099622,271636.01
HMRC,HMRC,04/03/2011,Business Rates,Estates & Support Services,Solihull MBC,5100099775,28287.86
HMRC,HMRC,07/03/2011,Document destruction services,Estates & Support Services,Banner Business Services Ltd,5100100123,34088.96
HMRC,HMRC,07/03/2011,Document destruction services,Estates & Support Services,Banner Business Services Ltd,5100100125,73015.7
HMRC,HMRC,07/03/2011,Electricity,Estates & Support Services,Mapeley Steps Limited,5100100522,1906654.38
HMRC,HMRC,07/03/2011,Electricity,Estates & Support Services,Mapeley Steps Limited,5100100522,1007936.77
HMRC,HMRC,07/03/2011,Electricity,Estates & Support Services,Mapeley Steps Limited,5100100522,279111.77
HMRC,HMRC,07/03/2011,Electricity,Estates & Support Services,Mapeley Steps Limited,5100100522,269396.48
HMRC,HMRC,07/03/2011,Electricity,Estates & Support Services,Mapeley Steps Limited,5100100522,212809.23
HMRC,HMRC,07/03/2011,Electricity,Estates & Support Services,Mapeley Steps Limited,5100100522,198421.36
HMRC,HMRC,07/03/2011,Electricity,Estates & Support Services,Mapeley Steps Limited,5100100522,40886.71
HMRC,HMRC,07/03/2011,Electricity,Estates & Support Services,Mapeley Steps Limited,5100100522,10102.42
HMRC,HMRC,07/03/2011,Electricity,Estates & Support Services,Mapeley Steps Limited,5100100522,4081.24
HMRC,HMRC,07/03/2011,Electricity,Estates & Support Services,Mapeley Steps Limited,5100100522,1177.3
HMRC,HMRC,07/03/2011,Electricity,Estates & Support Services,Mapeley Steps Limited,5100100522,325.66
HMRC,HMRC,10/03/2011,Major Accommodation Works (structural non- VAT recoverable),Estates & Support Services,Mapeley Steps Limited,5100101592,39915.52
HMRC,HMRC,10/03/2011,Major Accommodation Works (structural non- VAT recoverable),Estates & Support Services,Mapeley Steps Limited,5100101594,78187.53
HMRC,HMRC,10/03/2011,Dilapidations,Estates & Support Services,TELFORD & WREKIN COUNCIL,5100101678,125000.0
HMRC,HMRC,10/03/2011,Dilapidations,Estates & Support Services,TELFORD & WREKIN COUNCIL,5100101678,4800.0
HMRC,HMRC,14/03/2011,Rent,Estates & Support Services,JGW CO 178 LTD,5100102515,39600.0
HMRC,HMRC,14/03/2011,Rent,Estates & Support Services,Mapeley Steps Limited,5100102520,120000.0
HMRC,HMRC,14/03/2011,Rent,Estates & Support Services,Cheval Properties Ltd,5100102549,35093.26
HMRC,HMRC,16/03/2011,Rent,Estates & Support Services,GVA Grimley LLP,5100103009,213079.5
HMRC,HMRC,16/03/2011,Rent,Estates & Support Services,GVA Grimley LLP,5100103009,80434.8
HMRC,HMRC,16/03/2011,Rent,Estates & Support Services,GVA Grimley LLP,5100103009,5400.0
HMRC,HMRC,15/03/2011,Major Accommodation Works (non-structural VAT recoverable),Estates & Support Services,Mapeley Steps Limited,5100103029,54255.5
HMRC,HMRC,15/03/2011,Storage (non Enforcement),Estates & Support Services,Iron Mountain (UK) Ltd,5100103031,76211.14
HMRC,HMRC,16/03/2011,Rent,Estates & Support Services,David Fitzmarice,5100103499,34500.0
HMRC,HMRC,16/03/2011,Other PFI Unitary Charges,Estates & Support Services,LR (Manchester) Limited,5100103501,704484.42
HMRC,HMRC,16/03/2011,Other PFI Unitary Charges,Estates & Support Services,Cochrane Square S P V LTD,5100103502,139433.68
HMRC,HMRC,16/03/2011,Other PFI Unitary Charges,Estates & Support Services,Haymarket SPV Ltd,5100103503,136446.26
HMRC,HMRC,17/03/2011,Gas,Estates & Support Services,Corona Energy,5100104140,58693.43
HMRC,HMRC,17/03/2011,Gas,Estates & Support Services,Corona Energy,5100104142,25988.72
HMRC,HMRC,17/03/2011,Rent,Estates & Support Services,Cheval Properties Ltd,5100104302,30577.5
HMRC,HMRC,18/03/2011,Rent,Estates & Support Services,Windsor Life Assurance Co,5100104697,27619.2
HMRC,HMRC,18/03/2011,Rent,Estates & Support Services,Land Securities Trillium,5100104698,53055.0
HMRC,HMRC,18/03/2011,Rent,Estates & Support Services,Land Securities Trillium,5100104698,8659.2
HMRC,HMRC,18/03/2011,Rent,Estates & Support Services,Vail Williams,5100104699,192184.5
HMRC,HMRC,18/03/2011,Other PFI Unitary Charges,Estates & Support Services,LR Stockport Ltd,5100104710,139356.67
HMRC,HMRC,18/03/2011,Rent,Estates & Support Services,Windsor Life Assurance Co,5100104712,27831.6
HMRC,HMRC,18/03/2011,Rent,Estates & Support Services,Windsor Life Assurance Co,5100104713,30204.0
HMRC,HMRC,18/03/2011,Rent,Estates & Support Services,Mapeley Estates Ltd,5100104714,50341.2
HMRC,HMRC,18/03/2011,Rent,Estates & Support Services,Mapeley Estates Ltd,5100104719,37443.9
HMRC,HMRC,18/03/2011,Major Accommodation Works (non-structural VAT recoverable),Estates & Support Services,Mapeley Steps Limited,5100104729,32818.6
HMRC,HMRC,18/03/2011,Non PFI Services (VAT Recvrbl),Estates & Support Services,MacLellan International Limited,5100104745,356846.52
HMRC,HMRC,22/03/2011,Domestic consumables,Estates & Support Services,Mapeley STEPS Contractor Ltd  Compo,5100105209,48124.45
HMRC,HMRC,22/03/2011,Rent,Estates & Support Services,Corporate Administration,5100105522,160380.0
HMRC,HMRC,22/03/2011,Landlord Service Charge,Estates & Support Services,Mapeley Steps Limited,5100105524,25470.65
HMRC,HMRC,22/03/2011,Rent,Estates & Support Services,Jaymar Estates Ltd,5100105569,102300.0
HMRC,HMRC,22/03/2011,Rent,Estates & Support Services,Cording Asset Management LLP,5100105570,78798.54
HMRC,HMRC,22/03/2011,Rent,Estates & Support Services,Mapeley Steps Limited,5100105573,86635.31
HMRC,HMRC,22/03/2011,Rent,Estates & Support Services,Mapeley Steps Limited,5100105574,40094.47
HMRC,HMRC,22/03/2011,Electricity,Estates & Support Services,EDF Energy,5100105609,251697.19
HMRC,HMRC,22/03/2011,Electricity,Estates & Support Services,EDF Energy,5100105609,130.39
HMRC,HMRC,24/03/2011,Rent,Estates & Support Services,Kier Property Developments Ltd,5100106542,141000.0
HMRC,HMRC,24/03/2011,PRIME Costs (IR Minor Tenant),Estates & Support Services,DWP,5100106569,47475.7
HMRC,HMRC,25/03/2011,PRIME Costs (IR Minor Tenant),Estates & Support Services,DWP,5100106578,47475.7
HMRC,HMRC,25/03/2011,PRIME Costs (IR Minor Tenant),Estates & Support Services,DWP,5100106579,661372.45
HMRC,HMRC,25/03/2011,Non PFI Services (VAT Recvrbl),Estates & Support Services,MacLellan International Limited,5100106789,43442.05
HMRC,HMRC,25/03/2011,Rent,Estates & Support Services,Property Income & Reversion Trust L,5100107068,83025.0
HMRC,HMRC,25/03/2011,Rent,Estates & Support Services,Colliers Cre,5100107080,63450.0
HMRC,HMRC,28/03/2011,Business Rates,Estates & Support Services,London Borough of Hillingdon,5100107097,34694.4
HMRC,HMRC,25/03/2011,PRIME Costs (IR Minor Tenant),Estates & Support Services,DWP,5100107268,25648.04
HMRC,HMRC,28/03/2011,Business Rates,Estates & Support Services,London Borough of Hillingdon,5100107278,26780.34
HMRC,HMRC,28/03/2011,Rent,Estates & Support Services,Mapeley Steps Limited,5100107339,40094.47
HMRC,HMRC,28/03/2011,Rent,Estates & Support Services,Eddisons,5100107340,236481.9
HMRC,HMRC,28/03/2011,Rent,Estates & Support Services,Mapeley Steps Limited,5100107343,30810.7
HMRC,HMRC,28/03/2011,Rent,Estates & Support Services,Mapeley Steps Limited,5100107343,27231.99
HMRC,HMRC,28/03/2011,Other PFI Unitary Charges,Estates & Support Services,Bootle PFI Solutions 1998 (2) Ltd,5100107349,739986.6
HMRC,HMRC,28/03/2011,Rent,Estates & Support Services,Mapeley Steps Limited,5100107358,86635.31
HMRC,HMRC,28/03/2011,Other PFI Unitary Charges,Estates & Support Services,Newcastle Estate Partnership,5100107446,3034797.41
HMRC,HMRC,29/03/2011,Security services (VAT recoverable),Estates & Support Services,Mapeley Steps Limited,5100107537,66196.24
HMRC,HMRC,29/03/2011,STEPS Facility Pymt (FUP) VAT Recvbl,Estates & Support Services,Mapeley Steps Limited,5100107539,465900.52
HMRC,HMRC,29/03/2011,STEPS Facility Pymt (FUP) VAT Recvbl,Estates & Support Services,Mapeley Steps Limited,5100107539,214166.6
HMRC,HMRC,28/03/2011,Rent,Estates & Support Services,Somerset House Trust,5100107548,713868.0
HMRC,HMRC,28/03/2011,Rent,Estates & Support Services,Somerset House Trust,5100107548,345327.44
HMRC,HMRC,29/03/2011,PRIME Costs (IR Minor Tenant),Estates & Support Services,DWP,5100107850,42773.97
HMRC,HMRC,29/03/2011,PRIME Costs (IR Minor Tenant),Estates & Support Services,DWP,5100107851,73335.93
HMRC,HMRC,29/03/2011,OGD costs (IR Minor Tenant),Estates & Support Services,Department of Finance & Personnel,5100107852,30305.07
HMRC,HMRC,29/03/2011,OGD costs (IR Minor Tenant),Estates & Support Services,Department of Finance & Personnel,5100107856,73013.93
HMRC,HMRC,28/03/2011,PRIME Costs (IR Minor Tenant),Estates & Support Services,DWP,5100107865,153335.14
HMRC,HMRC,29/03/2011,Domestic consumables,Estates & Support Services,Mapeley STEPS Contractor Ltd  Compo,5100107889,35461.08
HMRC,HMRC,11/03/2011,High Cost Bank Charges Cash Cheques,Finance & Internal Audit,Alliance and Leicester,5100102138,30984.81
HMRC,HMRC,11/03/2011,High Cost Bank Charges Cash Cheques,Finance & Internal Audit,Alliance and Leicester,5100102141,46788.28
HMRC,HMRC,14/03/2011,Government Banking Service Charges,Finance & Internal Audit,RBS - Natwest,5100102683,258541.87
HMRC,HMRC,15/03/2011,Government Banking Service Charges,Finance & Internal Audit,RBS - Natwest,5100102951,274392.87
HMRC,HMRC,17/03/2011,High Cost Bank Charges Post Office Card Account,Finance & Internal Audit,Post Office Limited,5100104273,1122284.29
HMRC,HMRC,30/03/2011,Government Banking Service Charges,Finance & Internal Audit,RBS - Natwest,5100108224,214082.22
HMRC,HMRC,02/03/2011,Grant in Aid Funding,Individuals Customer Directorate,Child Poverty Action Group,5100098723,44483.55
HMRC,HMRC,07/03/2011,Grant in Aid Funding,Individuals Customer Directorate,One Parent Families,5100100310,36968.0
HMRC,HMRC,23/03/2011,Grant in Aid Funding,Individuals Customer Directorate,TaxAid,5100106036,33750.0
HMRC,HMRC,23/03/2011,Grant in Aid Funding,Individuals Customer Directorate,Age UK,5100106047,40507.25
HMRC,HMRC,24/03/2011,Grant in Aid Funding,Individuals Customer Directorate,TaxAid,5100106392,45300.0
HMRC,HMRC,01/03/2011,Data output production,Information Management Solutions,Aspire,5100097849,59002463.15
HMRC,HMRC,01/03/2011,Data output production,Information Management Solutions,Aspire,5100097849,17699943.6
HMRC,HMRC,01/03/2011,Data output production,Information Management Solutions,Aspire,5100097849,32712.84
HMRC,HMRC,01/03/2011,Data output production,Information Management Solutions,Aspire,5100097849,16577.94
HMRC,HMRC,01/03/2011,Data output production,Information Management Solutions,Aspire,5100097849,2626.8
HMRC,HMRC,01/03/2011,Data output production,Information Management Solutions,Aspire,5100097849,481.78
HMRC,HMRC,01/03/2011,Data output production,Information Management Solutions,Aspire,5100097849,46.67
HMRC,HMRC,01/03/2011,Data output production,Information Management Solutions,Aspire,5100097849,46.67
HMRC,HMRC,01/03/2011,Data output production,Information Management Solutions,Aspire,5100097849,46.66
HMRC,HMRC,14/03/2011,External Database Information Sources,Information Management Solutions,Specialist Computer Ctr,5100099634,36243.23
HMRC,HMRC,08/03/2011,Child Benefit S/W and H/W,Information Management Solutions,DWP,5100100733,164535.1
HMRC,HMRC,08/03/2011,NI and NTC S/W and H/W,Information Management Solutions,DWP,5100100733,22515.49
HMRC,HMRC,08/03/2011,Child Benefit S/W and H/W,Information Management Solutions,DWP,5100100733,1311.06
HMRC,HMRC,08/03/2011,NI and NTC S/W and H/W,Information Management Solutions,DWP,5100100733,1192.33
HMRC,HMRC,08/03/2011,Child Benefit S/W and H/W,Information Management Solutions,DWP,5100100733,217.69
HMRC,HMRC,08/03/2011,NI and NTC S/W and H/W,Information Management Solutions,DWP,5100100733,137.63
HMRC,HMRC,08/03/2011,Child Benefit S/W and H/W,Information Management Solutions,DWP,5100100751,62293.2
HMRC,HMRC,08/03/2011,NI and NTC S/W and H/W,Information Management Solutions,DWP,5100100751,3471.39
HMRC,HMRC,08/03/2011,Child Benefit S/W and H/W,Information Management Solutions,DWP,5100100751,633.8
HMRC,HMRC,09/03/2011,Child Benefit S/W and H/W,Information Management Solutions,DWP,5100100948,173871.42
HMRC,HMRC,09/03/2011,NI and NTC S/W and H/W,Information Management Solutions,DWP,5100100948,23387.14
HMRC,HMRC,09/03/2011,NI and NTC S/W and H/W,Information Management Solutions,DWP,5100100948,3482.58
HMRC,HMRC,09/03/2011,Child Benefit S/W and H/W,Information Management Solutions,DWP,5100100948,2254.14
HMRC,HMRC,09/03/2011,Child Benefit S/W and H/W,Information Management Solutions,DWP,5100100948,635.85
HMRC,HMRC,09/03/2011,NI and NTC S/W and H/W,Information Management Solutions,DWP,5100100948,137.46
HMRC,HMRC,09/03/2011,Child Benefit S/W and H/W,Information Management Solutions,DWP,5100100961,168112.24
HMRC,HMRC,09/03/2011,NI and NTC S/W and H/W,Information Management Solutions,DWP,5100100961,29125.21
HMRC,HMRC,09/03/2011,NI and NTC S/W and H/W,Information Management Solutions,DWP,5100100961,4392.44
HMRC,HMRC,09/03/2011,Child Benefit S/W and H/W,Information Management Solutions,DWP,5100100961,2793.66
HMRC,HMRC,09/03/2011,Child Benefit S/W and H/W,Information Management Solutions,DWP,5100100961,801.97
HMRC,HMRC,09/03/2011,NI and NTC S/W and H/W,Information Management Solutions,DWP,5100100961,137.23
HMRC,HMRC,09/03/2011,Child Benefit S/W and H/W,Information Management Solutions,DWP,5100100995,249168.66
HMRC,HMRC,09/03/2011,NI and NTC S/W and H/W,Information Management Solutions,DWP,5100100995,59871.62
HMRC,HMRC,09/03/2011,NI and NTC S/W and H/W,Information Management Solutions,DWP,5100100995,4204.81
HMRC,HMRC,09/03/2011,Child Benefit S/W and H/W,Information Management Solutions,DWP,5100100995,767.71
HMRC,HMRC,09/03/2011,NI and NTC S/W and H/W,Information Management Solutions,DWP,5100100995,201.44
HMRC,HMRC,09/03/2011,Child Benefit S/W and H/W,Information Management Solutions,DWP,5100100995,29.74
HMRC,HMRC,09/03/2011,Child Benefit S/W and H/W,Information Management Solutions,DWP,5100101002,184969.79
HMRC,HMRC,09/03/2011,NI and NTC S/W and H/W,Information Management Solutions,DWP,5100101002,27972.16
HMRC,HMRC,09/03/2011,Child Benefit S/W and H/W,Information Management Solutions,DWP,5100101002,4277.17
HMRC,HMRC,09/03/2011,NI and NTC S/W and H/W,Information Management Solutions,DWP,5100101002,3801.12
HMRC,HMRC,09/03/2011,Child Benefit S/W and H/W,Information Management Solutions,DWP,5100101002,694.01
HMRC,HMRC,09/03/2011,NI and NTC S/W and H/W,Information Management Solutions,DWP,5100101002,137.79
HMRC,HMRC,09/03/2011,Maintenance or support fees,Information Management Solutions,Accenture (UK) Limited,5100101246,542298.66
HMRC,HMRC,10/03/2011,Child Benefit S/W and H/W,Information Management Solutions,DWP,5100101345,251990.37
HMRC,HMRC,10/03/2011,NI and NTC S/W and H/W,Information Management Solutions,DWP,5100101345,64385.07
HMRC,HMRC,10/03/2011,NI and NTC S/W and H/W,Information Management Solutions,DWP,5100101345,4875.57
HMRC,HMRC,10/03/2011,Child Benefit S/W and H/W,Information Management Solutions,DWP,5100101345,1223.16
HMRC,HMRC,10/03/2011,Child Benefit S/W and H/W,Information Management Solutions,DWP,5100101345,890.18
HMRC,HMRC,10/03/2011,NI and NTC S/W and H/W,Information Management Solutions,DWP,5100101345,201.64
HMRC,HMRC,10/03/2011,Child Benefit S/W and H/W,Information Management Solutions,DWP,5100101347,262387.35
HMRC,HMRC,10/03/2011,NI and NTC S/W and H/W,Information Management Solutions,DWP,5100101347,62347.64
HMRC,HMRC,10/03/2011,NI and NTC S/W and H/W,Information Management Solutions,DWP,5100101347,4231.48
HMRC,HMRC,10/03/2011,Child Benefit S/W and H/W,Information Management Solutions,DWP,5100101347,772.58
HMRC,HMRC,10/03/2011,NI and NTC S/W and H/W,Information Management Solutions,DWP,5100101347,203.19
HMRC,HMRC,10/03/2011,Child Benefit S/W and H/W,Information Management Solutions,DWP,5100101347,35.18
HMRC,HMRC,10/03/2011,IT Configuration & Installation Services,Information Management Solutions,Foreign and Commonwealth,5100101653,36942.0
HMRC,HMRC,11/03/2011,Computer hardware maintenance or support,Information Management Solutions,CapGemini UK Plc - PeoplePoint,5100102323,928349.39
HMRC,HMRC,15/03/2011,Child Benefit S/W and H/W,Information Management Solutions,DWP,5100103422,253028.99
HMRC,HMRC,15/03/2011,NI and NTC S/W and H/W,Information Management Solutions,DWP,5100103422,27752.48
HMRC,HMRC,15/03/2011,NI and NTC S/W and H/W,Information Management Solutions,DWP,5100103422,4460.43
HMRC,HMRC,15/03/2011,Child Benefit S/W and H/W,Information Management Solutions,DWP,5100103422,3201.7
HMRC,HMRC,15/03/2011,Child Benefit S/W and H/W,Information Management Solutions,DWP,5100103422,814.38
HMRC,HMRC,15/03/2011,NI and NTC S/W and H/W,Information Management Solutions,DWP,5100103422,136.83
HMRC,HMRC,24/03/2011,IT Configuration & Installation Services,Information Management Solutions,DWP,5100106193,85396.14
HMRC,HMRC,24/03/2011,IT Configuration & Installation Services,Information Management Solutions,DWP,5100106196,59564.94
HMRC,HMRC,24/03/2011,IT Project Development,Information Management Solutions,Accenture (UK) Limited,5100106501,15700.0
HMRC,HMRC,24/03/2011,IT Project Development,Information Management Solutions,Accenture (UK) Limited,5100106501,11775.0
HMRC,HMRC,24/03/2011,IT Project Development,Information Management Solutions,Accenture (UK) Limited,5100106501,9420.0
HMRC,HMRC,24/03/2011,IT Project Development,Information Management Solutions,Accenture (UK) Limited,5100106501,9270.0
HMRC,HMRC,24/03/2011,IT Project Development,Information Management Solutions,Accenture (UK) Limited,5100106501,9027.5
HMRC,HMRC,24/03/2011,IT Project Development,Information Management Solutions,Accenture (UK) Limited,5100106502,35471.0
HMRC,HMRC,24/03/2011,IT Project Development,Information Management Solutions,Accenture (UK) Limited,5100106504,12560.0
HMRC,HMRC,24/03/2011,IT Project Development,Information Management Solutions,Accenture (UK) Limited,5100106504,9812.5
HMRC,HMRC,24/03/2011,IT Project Development,Information Management Solutions,Accenture (UK) Limited,5100106504,8755.0
HMRC,HMRC,24/03/2011,IT Project Development,Information Management Solutions,Accenture (UK) Limited,5100106504,8635.0
HMRC,HMRC,28/03/2011,Telecommunications Services,Information Management Solutions,Government Communications Bureau,5100106865,112500.0
HMRC,HMRC,28/03/2011,Telecommunications Services,Information Management Solutions,Government Communications Bureau,5100106865,112500.0
HMRC,HMRC,25/03/2011,IT Configuration & Installation Services,Information Management Solutions,DWP,5100107310,155088.96
HMRC,HMRC,02/03/2011,Research (VAT recoverable),Knowledge Analysis & Intelligence,TNS-BMRB,5100098790,112241.0
HMRC,HMRC,02/03/2011,Research (VAT recoverable),Knowledge Analysis & Intelligence,TNS-BMRB,5100098790,18425.0
HMRC,HMRC,16/03/2011,Temporary clerical or administrative assistance,Large Business Service,MacLellan International Limited,5100103231,7305.03
HMRC,HMRC,18/03/2011,Research (VAT recoverable),Money Laundering Regulations,Quadrangle Group LLP,5100104661,196488.0
HMRC,HMRC,09/03/2011,Payroll accounting services,People Function,Department for Work & Pension,5100101573,129793.0
HMRC,HMRC,11/03/2011,Government departments services,People Function,Right Corecare,5100101901,119224.27
HMRC,HMRC,14/03/2011,Occupational health or safety services,People Function,Capita Health Solutions Limited,5100102694,29176.49
HMRC,HMRC,15/03/2011,Occupational health or safety services,People Function,Capita Health Solutions Limited,5100102707,148485.03
HMRC,HMRC,16/03/2011,Temporary clerical or administrative assistance,People Function,MacLellan International Limited,5100103231,7561.37
HMRC,HMRC,22/03/2011,Business Consultancy,People Function,Deloitte M C S Ltd,5100105585,92509.17
HMRC,HMRC,24/03/2011,Employee education,People Function,ILX Group plc,5100106189,50500.0
HMRC,HMRC,25/03/2011,Recruitment services,People Function,Cabinet Office,5100107088,71250.0
HMRC,HMRC,01/03/2011,Government departments services,Risk & Intelligence,Foreign and Commonwealth Office,5100097717,180304.0
HMRC,HMRC,01/03/2011,Government departments services,Risk & Intelligence,Foreign and Commonwealth Office,5100097725,93649.65
HMRC,HMRC,14/03/2011,Government departments services,Risk & Intelligence,Foreign and Commonwealth Office,5100102592,75363.36
HMRC,HMRC,15/03/2011,Valuation Services,Risk & Intelligence,Valuation Office Agency,5100103199,878085.0
HMRC,HMRC,03/03/2011,Min AW non-struc VAT,Solicitors Office,Mapeley Steps Limited,5100098902,48101.4
HMRC,HMRC,11/03/2011,Prof bodies Subs,Solicitors Office,The General Council of the Bar,5100102098,32882.73
HMRC,HMRC,02/03/2011,Sampling and Analytical,Specialist Investigations (SI),L G C Ltd,5100098356,39308.4
HMRC,HMRC,16/03/2011,Temporary clerical or administrative assistance,Specialist Investigations (SI),MacLellan International Limited,5100103231,4383.02
HMRC,HMRC,23/03/2011,Storage of Seized Goods,Specialist Investigations (SI),TNT UK Limited,5100106003,128339.54
HMRC,HMRC,28/03/2011,Disposal of Seized Goods,Specialist Investigations (SI),Thamesdown Recycling,5100107100,45228.86
HMRC,HMRC,10/03/2011,Affinity Data Centre,Information Management Solutions,DWP,5100101526,-262387.35
HMRC,HMRC,10/03/2011,Affinity mgmt charge,Information Management Solutions,DWP,5100101526,-64385.07
HMRC,HMRC,10/03/2011,Affinity mgmt charge,Information Management Solutions,DWP,5100101526,-62347.64
HMRC,HMRC,10/03/2011,Affinity Data Centre,Information Management Solutions,DWP,5100101526,-29866.65
HMRC,HMRC,10/03/2011,Aff/Metro Supp Tel,Information Management Solutions,DWP,5100101526,-4875.57
HMRC,HMRC,10/03/2011,Aff/Metro Supp Tel,Information Management Solutions,DWP,5100101526,-4231.48
HMRC,HMRC,10/03/2011,Affinity mgmt charge,Information Management Solutions,DWP,5100101526,-1223.16
HMRC,HMRC,10/03/2011,Aff/Metro Supp Tel,Information Management Solutions,DWP,5100101526,-890.18
HMRC,HMRC,10/03/2011,Aff/Metro Supp Tel,Information Management Solutions,DWP,5100101526,-772.58
HMRC,HMRC,10/03/2011,Affinity Data Centre,Information Management Solutions,DWP,5100101526,-203.19
HMRC,HMRC,10/03/2011,Affinity Data Centre,Information Management Solutions,DWP,5100101526,-201.64
HMRC,HMRC,10/03/2011,Affinity mgmt charge,Information Management Solutions,DWP,5100101526,-35.18
