Date,Expense type,Expense area,Vendor Name,Transaction number
1/6/2010,Eyecare,Business Support Directorate,Personal expenses name witheld,48032
1/6/2010,Int Co-operation,International Policy Directorate,Personal expenses name witheld,48037
1/6/2010,Int Co-operation,International Policy Directorate,Personal expenses name witheld,48038
1/6/2010,IT Contractors,Business Support Directorate,LA International Computer Consultants Ltd,LA147059
1/6/2010,IT Contractors,Business Support Directorate,LA International Computer Consultants Ltd,LA147060
1/6/2010,Minor Building Works & Maintenance,Business Support Directorate,ZIP Heaters (UK) Ltd,195156
1/6/2010,Minor Building Works & Maintenance,Business Support Directorate,WG Evans Grounds Maintenance  Ltd,15428
1/6/2010,Postage,Business Support Directorate,Royal Mail,9029348408
1/6/2010,Security Guards,Business Support Directorate,Insolvency Service,595/2010
1/6/2010,Security Guards,Business Support Directorate,Insolvency Service,594/2010
1/6/2010,Telephone Rentals and Call Charges,Business Support Directorate,Vodafone Corporate Ltd,55189571
1/6/2010,Training,Business Support Directorate,Certitec Ltd,9286
1/6/2010,Training,Business Support Directorate,Certitec Ltd,9286
1/6/2010,Travel and subsistence Overseas,Patents Directorate,Personal expenses name witheld,48033
1/6/2010,Travel and subsistence UK,Copyright and IP Enforcement Directorate,Personal expenses name witheld,48036
1/6/2010,Travel and subsistence UK,Business Support Directorate,Personal expenses name witheld,48040
1/6/2010,Travel and subsistence UK,Copyright and IP Enforcement Directorate,Personal expenses name witheld,48039
1/6/2010,Travel and subsistence UK,Innovation Directorate,Personal expenses name witheld,48035
2/6/2010,Agency Staff,International Policy Directorate,Adecco UK Ltd,25316168
2/6/2010,Agency Staff,International Policy Directorate,Adecco UK Ltd,25316166
2/6/2010,Agency Staff,International Policy Directorate,Adecco UK Ltd,25316167
2/6/2010,Entertainment,SABIP,Personal expenses name witheld,48049
2/6/2010,Furniture & Fittings,Business Support Directorate,Healthy Workstations Ltd,18938
2/6/2010,Law Reporting,Trade Marks Directorate,Mendip Media Group Ltd,48451
2/6/2010,Law Reporting,Patents Directorate,Mendip Media Group Ltd,48450
2/6/2010,Law Reporting,Trade Marks Directorate,Mendip Media Group Ltd,48452
2/6/2010,Machinery hire and maintenance,Business Support Directorate,Xerox (UK) Ltd,AF208745
2/6/2010,Machinery hire and maintenance,Business Support Directorate,Xerox (UK) Ltd,AF208741
2/6/2010,Machinery hire and maintenance,Business Support Directorate,Xerox (UK) Ltd,AF208740
2/6/2010,Machinery hire and maintenance,Business Support Directorate,Xerox (UK) Ltd,AF208742
2/6/2010,Machinery hire and maintenance,Business Support Directorate,Xerox (UK) Ltd,AF208742
2/6/2010,Machinery hire and maintenance,Business Support Directorate,Xerox (UK) Ltd,AF208996
2/6/2010,Machinery hire and maintenance,Business Support Directorate,Xerox (UK) Ltd,AF208996
2/6/2010,Machinery hire and maintenance,Business Support Directorate,Xerox (UK) Ltd,AF209955
2/6/2010,Machinery hire and maintenance,Business Support Directorate,Xerox (UK) Ltd,AF209954
2/6/2010,Machinery hire and maintenance,Business Support Directorate,Xerox (UK) Ltd,AF191915
2/6/2010,Machinery hire and maintenance,Business Support Directorate,Xerox (UK) Ltd,AF208964
2/6/2010,Marketing and Publicity ,Innovation Directorate,Aardman Animations Ltd,20678
2/6/2010,Marketing and Publicity ,Innovation Directorate,Aardman Animations Ltd,20679
2/6/2010,Minor Building Works & Maintenance,Business Support Directorate,Total Security Protection Ltd,15618
2/6/2010,Other,Business Support Directorate,PJE Solicitors,PJ/AJ/NE0006/1
2/6/2010,Paper,Finance Directorate,James McNaughton Paper Merchants Ltd,JR9203439
2/6/2010,Paper,Finance Directorate,James McNaughton Paper Merchants Ltd,JR9223072
2/6/2010,Subscription to Professional bodies,Business Support Directorate,Personal expenses name witheld,48050
2/6/2010,Subscription to Professional bodies,Business Support Directorate,Personal expenses name witheld,48047
2/6/2010,Training,Business Support Directorate,Hands On Technology Transfer Inc,10093/10140CN
2/6/2010,Training,SABIP,Dod's Parliamentary Communications,PK041687
2/6/2010,Training,International Policy Directorate,Leap Languages,IPO/FRE/SOPINN/CC/2010-02
2/6/2010,Training,Business Support Directorate,SQS Group Ltd,UT74991
2/6/2010,Training,Trade Marks Directorate,Eventus Training & Events Ltd,1870
2/6/2010,Training,Innovation Directorate,National School of Government,F438770
2/6/2010,Travel and subsistence Overseas,Trade Marks Directorate,Leasedrive Velo Rental Management Ltd,CRD00041586
2/6/2010,Travel and subsistence UK,Business Support Directorate,Personal expenses name witheld,48031
2/6/2010,Travel and subsistence UK,Innovation Directorate,Personal expenses name witheld,48045
2/6/2010,Travel and subsistence UK,Trade Marks Directorate,Personal expenses name witheld,48044
2/6/2010,Travel and subsistence UK,Business Support Directorate,Personal expenses name witheld,48046
2/6/2010,Travel and subsistence UK,SABIP,Personal expenses name witheld,48049
2/6/2010,Travel and subsistence UK,Copyright and IP Enforcement Directorate,Leasedrive Velo Rental Management Ltd,RHI00395631
2/6/2010,Travel and subsistence UK,Innovation Directorate,Personal expenses name witheld,48042
2/6/2010,Travel and subsistence UK,Innovation Directorate,Personal expenses name witheld,48048
2/6/2010,Travel and subsistence UK,Innovation Directorate,Leasedrive Velo Rental Management Ltd,RHI00397358
2/6/2010,Travel and subsistence UK,Trade Marks Directorate,Personal expenses name witheld,48043
2/6/2010,Travel and subsistence UK,Business Support Directorate,Personal expenses name witheld,48041
2/6/2010,Travel and subsistence UK,Patents Directorate,Personal expenses name witheld,48041
3/6/2010,Books  Newspapers & Publications,Business Support Directorate,Menzies Distribution Ltd t/a Jones Yarrell,INV102745
3/6/2010,Computer hardware and software,Business Support Directorate,Specialist Computer Centres Plc,OP/L153829
3/6/2010,Computer hardware and software,Business Support Directorate,Specialist Computer Centres Plc,OP/L153830
3/6/2010,Healthcare,Business Support Directorate,Connaught Compliance Services Ltd,OP/I271212
3/6/2010,Int Co-operation,International Policy Directorate,Personal expenses name witheld,48056
3/6/2010,Machinery hire and maintenance,Business Support Directorate,Neopost Ltd,90851595
3/6/2010,Machinery hire and maintenance,Business Support Directorate,Danwood Group Ltd,2471122
3/6/2010,Maintenance of computers,Business Support Directorate,Open Text AG,91181731
3/6/2010,Maintenance of computers,Business Support Directorate,Specialist Computer Centres Plc,OP/L154774
3/6/2010,Maintenance of computers,Business Support Directorate,Westpoint Peripherals Ltd,8345
3/6/2010,Maintenance of computers,Business Support Directorate,Virgin Media,908251/08/05/10
3/6/2010,Marketing and Publicity ,Innovation Directorate,Advanstar Communications (UK) Ltd,55092
3/6/2010,Minor Building Works & Maintenance,Business Support Directorate,Ian Williams Ltd,100936
3/6/2010,Office Cleaning,Business Support Directorate,Thomas Waste Management Ltd,66328
3/6/2010,Office Cleaning,Business Support Directorate,Gremer Chemicals(UK) Ltd,211231
3/6/2010,Other Stationery & General Supplies,Finance Directorate,James McNaughton Paper Merchants Ltd,JR9246583
3/6/2010,Other Stationery & General Supplies,Finance Directorate,Banner  Business Supplies Ltd,A-21886087
3/6/2010,Other Stationery & General Supplies,Finance Directorate,Banner  Business Supplies Ltd,A-21997096
3/6/2010,Paper,Finance Directorate,James McNaughton Paper Merchants Ltd,JR9246583
3/6/2010,Paper,Finance Directorate,James McNaughton Paper Merchants Ltd,JR9254204
3/6/2010,Payroll Costs,Business Support Directorate,LogicaCMG UK Ltd,HRS112720
3/6/2010,Relocation Removals & Excess Fare,Business Support Directorate,Personal expenses name witheld,48053
3/6/2010,Telephone Rentals and Call Charges,Business Support Directorate,Virgin Media,251241-038
3/6/2010,Telephone Rentals and Call Charges,Business Support Directorate,Virgin Media,254232-033
3/6/2010,Telephone Rentals and Call Charges,Business Support Directorate,Virgin Media,903917-017
3/6/2010,Telephone Rentals and Call Charges,Business Support Directorate,Virgin Media,251241/08/02/10
3/6/2010,Telephone Rentals and Call Charges,Business Support Directorate,Virgin Media,254232-026
3/6/2010,Telephone Rentals and Call Charges,Business Support Directorate,Virgin Media,908251/08/05/10
3/6/2010,Telephone Rentals and Call Charges,Business Support Directorate,Virgin Media,251241-036
3/6/2010,Training,Innovation Directorate,National School of Government,F438900
3/6/2010,Training,Finance Directorate,Palladium Training & Consultancy,67/10
3/6/2010,Training,Innovation Directorate,National School of Government,F438898
3/6/2010,Training,Chief Executive's Office,Praesta Partners LLP,HD165
3/6/2010,Travel and subsistence UK,Business Support Directorate,Personal expenses name witheld,48057
3/6/2010,Travel and subsistence UK,Finance Directorate,Personal expenses name witheld,48052
3/6/2010,Travel and subsistence UK,Copyright and IP Enforcement Directorate,Personal expenses name witheld,48058
3/6/2010,Travel and subsistence UK,Innovation Directorate,Personal expenses name witheld,48054
3/6/2010,Travel and subsistence UK,Trade Marks Directorate,Personal expenses name witheld,48055
4/6/2010,Books  Newspapers & Publications,Copyright and IP Enforcement Directorate,Amazon,SGILES
4/6/2010,Books  Newspapers & Publications,Copyright and IP Enforcement Directorate,Amazon,SGILES
4/6/2010,Books  Newspapers & Publications,Copyright and IP Enforcement Directorate,Amazon,SGILES
4/6/2010,Books  Newspapers & Publications,Copyright and IP Enforcement Directorate,Amazon,SGILES
4/6/2010,Books  Newspapers & Publications,Business Support Directorate,Amazon,ss005
4/6/2010,Books  Newspapers & Publications,Business Support Directorate,Amazon,ss004
4/6/2010,Books  Newspapers & Publications,Patents Directorate,Amazon,HHART02
4/6/2010,Books  Newspapers & Publications,Business Support Directorate,Amazon,ss003
4/6/2010,Books  Newspapers & Publications,Copyright and IP Enforcement Directorate,OECD book shop,Fduts
4/6/2010,Books  Newspapers & Publications,Patents Directorate,amazon,HHART01
4/6/2010,Books  Newspapers & Publications,International Policy Directorate,Amazon,RGRE007
4/6/2010,Books  Newspapers & Publications,Business Support Directorate,Book Depository,ROMOU240
4/6/2010,Books  Newspapers & Publications,Business Support Directorate,Training Library,ss006
4/6/2010,Books  Newspapers & Publications,Business Support Directorate,Personal expenses name witheld,ss007
4/6/2010,Computer hardware and software,Business Support Directorate,Amazon,TTHOM0908
4/6/2010,Computer hardware and software,Business Support Directorate,Websitepulse,ROMOU244
4/6/2010,Computer hardware and software,Business Support Directorate,Amazon,TTHOM0904
4/6/2010,Computer hardware and software,Business Support Directorate,enomcentral,ROMOU243
4/6/2010,Computer hardware and software,Business Support Directorate,Misco,TTHOM0907
4/6/2010,Computer hardware and software,Business Support Directorate,Play.com,TTHOM0903
4/6/2010,Computer hardware and software,Business Support Directorate,Meeting Zone,ROMOU247
4/6/2010,Computer hardware and software,Business Support Directorate,Circle Systems,ROMOU245
4/6/2010,Computer hardware and software,Innovation Directorate,FedEx,ROMOU248
4/6/2010,Computer hardware and software,Business Support Directorate,SightandSound.co.uk,TTHOM0905
4/6/2010,Computer hardware and software,Business Support Directorate,GeoTrust,TTHOM0906
4/6/2010,Computer hardware and software,Innovation Directorate,Statacorp,cmaye001
4/6/2010,Entertainment,Business Support Directorate,Personal expenses name witheld,48062
4/6/2010,Entertainment,Business Support Directorate,(Refresh.shop)Coinadrink,ethib220
4/6/2010,Entertainment,Trade Marks Directorate,TESCO,MHAMB02
4/6/2010,Entertainment,Trade Marks Directorate,Celtic Manor,MHUMP16
4/6/2010,Entertainment,Trade Marks Directorate,Celtic Manor,MHUMP17
4/6/2010,Entertainment,Trade Marks Directorate,Celtic Manor,MHUMP18
4/6/2010,Entertainment,Trade Marks Directorate,Celtic Manor,MHUMP19
4/6/2010,Entertainment,Trade Marks Directorate,Celtic Manor,MHUMP20
4/6/2010,Furniture & Fittings,Business Support Directorate,Senator International Ltd,S00909019
4/6/2010,Furniture & Fittings,Business Support Directorate,Senator International Ltd,S00909018
4/6/2010,Healthcare,Business Support Directorate,Connaught Compliance Services Ltd,OP/I270996
4/6/2010,IT Contractors,Business Support Directorate,Capgemini UK Plc,2.60E+13
4/6/2010,Machinery hire and maintenance,Business Support Directorate,Xerox (UK) Ltd,AF210743
4/6/2010,Maintenance of computers,Business Support Directorate,Bradmark Technologies UK Ltd,60308
4/6/2010,Minor Building Works & Maintenance,Business Support Directorate,Newey & Eyre,Maurice 302
4/6/2010,Minor Building Works & Maintenance,Business Support Directorate,Newey & Eyre,Maurice 399
4/6/2010,Minor Building Works & Maintenance,Business Support Directorate,Screwfix,yjohn340
4/6/2010,Minor Building Works & Maintenance,Business Support Directorate,Part Centre,Maurice 388
4/6/2010,Minor Building Works & Maintenance,Business Support Directorate,Griffith Signs,Maurice 370
4/6/2010,Minor Building Works & Maintenance,Business Support Directorate,Newey & eyre,Maurice 392
4/6/2010,Minor Building Works & Maintenance,Business Support Directorate,Newey&Eyre,ethib219
4/6/2010,Minor Building Works & Maintenance,Business Support Directorate,Newey&Eyre,ethib218
4/6/2010,Minor Building Works & Maintenance,Business Support Directorate,Bathrooms & showers direct.co.uk,Maurice 396
4/6/2010,Minor Building Works & Maintenance,Business Support Directorate,Newey&Eyre,ethib221
4/6/2010,Minor Building Works & Maintenance,Business Support Directorate,Newey & Eyre,yjohn339
4/6/2010,Minor Building Works & Maintenance,Business Support Directorate,Climate Centre,ethib217
4/6/2010,Minor Building Works & Maintenance,Business Support Directorate,Newey & Eyre,yjohn337
4/6/2010,Minor Building Works & Maintenance,Business Support Directorate,Newey&Eyre,ethib223
4/6/2010,Minor Building Works & Maintenance,Business Support Directorate,Newey & Eyre,yjohn336
4/6/2010,Minor Building Works & Maintenance,Business Support Directorate,Newey&Eyre,ethib214
4/6/2010,Minor Building Works & Maintenance,Business Support Directorate,Control Centre,Maurice 387
4/6/2010,Minor Building Works & Maintenance,Business Support Directorate,Acorn Glass,Maurice 390
4/6/2010,Minor Building Works & Maintenance,Business Support Directorate,CPD,yjohn338
4/6/2010,Minor Building Works & Maintenance,Business Support Directorate,Screwfix,yjohn333
4/6/2010,Minor Building Works & Maintenance,Business Support Directorate,Newey & Eyre,yjohn335
4/6/2010,Minor Building Works & Maintenance,,Newey & Eyre,Maurice 394
4/6/2010,Minor Building Works & Maintenance,Business Support Directorate,CPD ,Maurice 389
4/6/2010,Minor Building Works & Maintenance,Business Support Directorate,CPD ,Maurice 398
4/6/2010,Minor Building Works & Maintenance,Business Support Directorate,Newey & Eyre,yjohn332
4/6/2010,Non - IT Consultants,Business Support Directorate,Rhomco Consulting Ltd,RCL552
4/6/2010,Office Supplies,Business Support Directorate,Halfords,Maurice 391
4/6/2010,Office Supplies,Business Support Directorate,Personal expenses name witheld,ethib211
4/6/2010,Office Supplies,Business Support Directorate,Personal expenses name witheld,ethib213
4/6/2010,Office Supplies,Business Support Directorate,Liscombe,Maurice 397
4/6/2010,Office Supplies,Business Support Directorate,PAT,Maurice 393
4/6/2010,Office Supplies,Business Support Directorate,Staffords Ltd,Maurice 395
4/6/2010,Office Supplies,Business Support Directorate,Office 2 Me,yjohn331
4/6/2010,Office Supplies,Patents Directorate,Notetop,yjohn322
4/6/2010,Office Supplies,Business Support Directorate,Personal expenses name witheld,ethib215
4/6/2010,Office Supplies,Business Support Directorate,Personal expenses name witheld,ethib216
4/6/2010,Other,Business Support Directorate,Karlu.com,ROMOU241
4/6/2010,Other Stationery & General Supplies,Finance Directorate,Personal expenses name witheld,10000251/ED/00100
4/6/2010,Other Stationery & General Supplies,Finance Directorate,Calculators Online,ANBEC122
4/6/2010,Other Stationery & General Supplies,Finance Directorate,Amazon.co.uk,ROMOU242
4/6/2010,Other Stationery & General Supplies,Finance Directorate,Stamps Direct,CA301188
4/6/2010,Other Stationery & General Supplies,Business Support Directorate,The Packaging Store,ANBEC120
4/6/2010,Other Stationery & General Supplies,Finance Directorate,Label Planet,ANBEC119
4/6/2010,Other Stationery & General Supplies,Innovation Directorate,Amazon,ANBEC121
4/6/2010,Other Stationery & General Supplies,Finance Directorate,Personal expenses name witheld,189090
4/6/2010,Other Stationery & General Supplies,Finance Directorate,Personal expenses name witheld,N-000902522
4/6/2010,Other Stationery & General Supplies,Finance Directorate,Personal expenses name witheld,189018
4/6/2010,Other Stationery & General Supplies,Finance Directorate,Computacenter,RMOUL
4/6/2010,Overseas Patent Specifications,Patents Directorate,JWS*Wiley Publishers,ECALL01
4/6/2010,Paper,Finance Directorate,Xerox Office Supplies Ltd,15000930/32
4/6/2010,Payroll Costs,Business Support Directorate,LogicaCMG UK Ltd,HRS113027
4/6/2010,Research Projects,Chief Executive's Office,Meeting Zone,ROMOU246
4/6/2010,SABIP Research,SABIP,Post Office Ltd,DHUMPH
4/6/2010,Training,Business Support Directorate,Staples,TARTH039
4/6/2010,Training,Business Support Directorate,Staples,TARTH040
4/6/2010,Training,International Policy Directorate,CCTV & AV Solutions,JPTAK
4/6/2010,Training,Patents Directorate,Business Language Services Ltd,9781
4/6/2010,Training,Patents Directorate,Business Language Services Ltd,9781
4/6/2010,Training,Finance Directorate,CIPFA ,MHUMP25
4/6/2010,Training,Business Support Directorate,Celtic manor,TARTH038
4/6/2010,Training,Business Support Directorate,McNeil  Robertson Associates,118
4/6/2010,Travel and subsistence Overseas,Business Support Directorate,KLM,TARTH037
4/6/2010,Travel and subsistence Overseas,Copyright and IP Enforcement Directorate,Crowne Plaza Europe Hotel,QASALV0092
4/6/2010,Travel and subsistence Overseas,Finance Directorate,Holiday Extra,MHUMP22
4/6/2010,Travel and subsistence Overseas,Patents Directorate,National Express,HHART03
4/6/2010,Travel and subsistence Overseas,Copyright and IP Enforcement Directorate,Personal expenses name witheld,48060
4/6/2010,Travel and subsistence Overseas,Trade Marks Directorate,Easyjet,CMUND040
4/6/2010,Travel and subsistence Overseas,Trade Marks Directorate,Easy Jet,SLURV017
4/6/2010,Travel and subsistence Overseas,Finance Directorate,Easyjet,MHUMP24
4/6/2010,Travel and subsistence Overseas,International Policy Directorate,TRYP Park Brasilia,RGRE006
4/6/2010,Travel and subsistence Overseas,Finance Directorate,Easyjet,MHUMP23
4/6/2010,Travel and subsistence Overseas,Copyright and IP Enforcement Directorate,Crowne Plaza Europe Hotel,QASALV0091
4/6/2010,Travel and subsistence Overseas,Copyright and IP Enforcement Directorate,Crowne Plaza Europa,SGILES
4/6/2010,Travel and subsistence Overseas,Trade Marks Directorate,Easyjet,CMUND039
4/6/2010,Travel and subsistence Overseas,Patents Directorate,Eurostar,JWILL43
4/6/2010,Travel and subsistence Overseas,Patents Directorate,Eurostar,JWILL
4/6/2010,Travel and subsistence Overseas,Innovation Directorate,Brussels airlines,NI2
4/6/2010,Travel and subsistence Overseas,Finance Directorate,Expotel,MHUMP26
4/6/2010,Travel and subsistence UK,Business Support Directorate,Personal expenses name witheld,47172CN
4/6/2010,Travel and subsistence UK,Business Support Directorate,Personal expenses name witheld,48065
4/6/2010,Travel and subsistence UK,Business Support Directorate,BAA Enterprises,MHUMP21
4/6/2010,Travel and subsistence UK,Finance Directorate,Gatwick Express,MHUMP27
4/6/2010,Travel and subsistence UK,Copyright and IP Enforcement Directorate,Personal expenses name witheld,48063
4/6/2010,Travel and subsistence UK,Trade Marks Directorate,De Vere Venues ,MHUMP15
4/6/2010,Travel and subsistence UK,International Policy Directorate,Personal expenses name witheld,48061
4/6/2010,Travel and subsistence UK,Innovation Directorate,Easyjet,NI3
4/6/2010,Travel and subsistence UK,Copyright and IP Enforcement Directorate,Personal expenses name witheld,48060
4/6/2010,Travel and subsistence UK,Patents Directorate,Pagasus of Cardiff,KLAYT02
4/6/2010,Travel and subsistence UK,Innovation Directorate,Flybe.com,NIILE34
4/6/2010,Travel and subsistence UK,Copyright and IP Enforcement Directorate,Personal expenses name witheld,48064
4/6/2010,Travel and subsistence UK,Copyright and IP Enforcement Directorate,Leasedrive Velo Rental Management Ltd,RHI00398805
7/6/2010,Books  Newspapers & Publications,Chief Executive's Office,ESS European Subscription Service,2514755CN
7/6/2010,Courier service,Innovation Directorate,Glasgow Science Centre,GSC2284
7/6/2010,Fuel &Utilities,Business Support Directorate,EDF Energy 1 Ltd,11555683-0092
7/6/2010,Innovation support,Copyright and IP Enforcement Directorate,Broom Incentives,IV20967
7/6/2010,IT Contractors,Business Support Directorate,Actica Consulting Ltd,2859
7/6/2010,Office Cleaning,Business Support Directorate,Biffa Waste Services Ltd,247C10342
7/6/2010,Office Cleaning,Business Support Directorate,Biffa Waste Services Ltd,512C05951
7/6/2010,Office Cleaning,Business Support Directorate,Biffa Waste Services Ltd,512C05950
7/6/2010,Overseas Patent Specifications,Patents Directorate,British Library,139611004
7/6/2010,Overseas Patent Specifications,Patents Directorate,British Library,139611005
7/6/2010,Training,Copyright and IP Enforcement Directorate,National School of Government,F439053
7/6/2010,Travel and subsistence Overseas,Patents Directorate,Dragon Taxis (Newport) Ltd,5235
7/6/2010,Travel and subsistence Overseas,Patents Directorate,Personal expenses name witheld,48070
7/6/2010,Travel and subsistence Overseas,Chief Executive's Office,Personal expenses name witheld,48071
7/6/2010,Travel and subsistence UK,Finance Directorate,Dragon Taxis (Newport) Ltd,260
7/6/2010,Travel and subsistence UK,Finance Directorate,Dragon Taxis (Newport) Ltd,5235
7/6/2010,Travel and subsistence UK,Patents Directorate,Dragon Taxis (Newport) Ltd,5235
7/6/2010,Travel and subsistence UK,Innovation Directorate,Dragon Taxis (Newport) Ltd,5235
7/6/2010,Travel and subsistence UK,Innovation Directorate,Dragon Taxis (Newport) Ltd,5235
7/6/2010,Travel and subsistence UK,Trade Marks Directorate,Dragon Taxis (Newport) Ltd,5235
7/6/2010,Travel and subsistence UK,Chief Executive's Office,Dragon Taxis (Newport) Ltd,5235
7/6/2010,Travel and subsistence UK,Business Support Directorate,Dragon Taxis (Newport) Ltd,5235
7/6/2010,Travel and subsistence UK,Business Support Directorate,Personal expenses name witheld,48069
7/6/2010,Travel and subsistence UK,Copyright and IP Enforcement Directorate,Dragon Taxis (Newport) Ltd,5235
7/6/2010,Travel and subsistence UK,Patents Directorate,Personal expenses name witheld,48073
7/6/2010,Travel and subsistence UK,Business Support Directorate,Personal expenses name witheld,48073
7/6/2010,Travel and subsistence UK,Trade Marks Directorate,Dragon Taxis (Newport) Ltd,5235
7/6/2010,Travel and subsistence UK,Copyright and IP Enforcement Directorate,Dragon Taxis (Newport) Ltd,5235
7/6/2010,Travel and subsistence UK,International Policy Directorate,Dragon Taxis (Newport) Ltd,5235
7/6/2010,Travel and subsistence UK,Business Support Directorate,Personal expenses name witheld,48072
7/6/2010,Travel and subsistence UK,Copyright and IP Enforcement Directorate,Personal expenses name witheld,48068
7/6/2010,Travel and subsistence UK,Innovation Directorate,Personal expenses name witheld,48067
7/6/2010,Travel and subsistence UK,Chief Executive's Office,Personal expenses name witheld,48066
8/6/2010,Aardman project,Innovation Directorate,Rainbow Productions Ltd,26287
8/6/2010,Computer hardware and software,Business Support Directorate,2e2 UK Limited,PR018374
8/6/2010,Online Bureau Charges,Patents Directorate,European Patent Office,40184793
8/6/2010,Overseas Patent Specifications,Patents Directorate,Thomson Reuters (Scientific) Ltd,R912950-639158
8/6/2010,Travel and subsistence Overseas,Copyright and IP Enforcement Directorate,Personal expenses name witheld,48086
8/6/2010,Travel and subsistence UK,Innovation Directorate,Personal expenses name witheld,48080
8/6/2010,Travel and subsistence UK,Trade Marks Directorate,Personal expenses name witheld,48075
8/6/2010,Travel and subsistence UK,Business Support Directorate,Personal expenses name witheld,48078
8/6/2010,Travel and subsistence UK,Innovation Directorate,ARVAL PHH Business Solutions Ltd,1014222377
8/6/2010,Travel and subsistence UK,Innovation Directorate,Personal expenses name witheld,48077
8/6/2010,Travel and subsistence UK,Trade Marks Directorate,Personal expenses name witheld,48076
8/6/2010,Travel and subsistence UK,Copyright and IP Enforcement Directorate,Personal expenses name witheld,48079
8/6/2010,Travel and subsistence UK,Copyright and IP Enforcement Directorate,Personal expenses name witheld,48083
8/6/2010,Travel and subsistence UK,Copyright and IP Enforcement Directorate,Personal expenses name witheld,48085
8/6/2010,Van Delivery Service,Business Support Directorate,ARVAL PHH Business Solutions Ltd,1014222377
9/6/2010,Books  Newspapers & Publications,Patents Directorate,Mitie Facilities Services Ltd,100/90140000
9/6/2010,Books  Newspapers & Publications,Business Support Directorate,Mitie Facilities Services Ltd,100/90140000
9/6/2010,Books  Newspapers & Publications,Innovation Directorate,Mitie Facilities Services Ltd,100/90140000
9/6/2010,Computer hardware and software,Business Support Directorate,XMA Ltd,S0/I121602
9/6/2010,Courier service,Business Support Directorate,DHL International (UK) Ltd,NPR5801975
9/6/2010,Courier service,Business Support Directorate,DHL International (UK) Ltd,NPR5850213
9/6/2010,Entertainment,Patents Directorate,Mitie Facilities Services Ltd,100/90140000
9/6/2010,Entertainment,Business Support Directorate,Mitie Facilities Services Ltd,100/90140000
9/6/2010,Entertainment,Innovation Directorate,Mitie Facilities Services Ltd,100/90140000
9/6/2010,Entertainment,Patents Directorate,Mitie Facilities Services Ltd,100/90140000
9/6/2010,Entertainment,Chief Executive's Office,Mitie Facilities Services Ltd,100/90140000
9/6/2010,Entertainment,Finance Directorate,Mitie Facilities Services Ltd,100/90140000
9/6/2010,Entertainment,Business Support Directorate,Mitie Facilities Services Ltd,100/90140000
9/6/2010,Entertainment,Trade Marks Directorate,Mitie Facilities Services Ltd,100/90140000
9/6/2010,Entertainment,Innovation Directorate,Mitie Facilities Services Ltd,100/90140000
9/6/2010,Entertainment,Business Support Directorate,Mitie Facilities Services Ltd,100/90140000
9/6/2010,Entertainment,Finance Directorate,Mitie Facilities Services Ltd,100/90140000
9/6/2010,Entertainment,Copyright and IP Enforcement Directorate,Mitie Facilities Services Ltd,100/90140000
9/6/2010,IT Contractors,Business Support Directorate,LA International Computer Consultants Ltd,LA147360
9/6/2010,IT Contractors,Business Support Directorate,LA International Computer Consultants Ltd,LA147362
9/6/2010,IT Contractors,Business Support Directorate,LA International Computer Consultants Ltd,LA147361
9/6/2010,IT Contractors,Trade Marks Directorate,Capgemini UK Plc,2.60E+13
9/6/2010,Minor Building Works & Maintenance,Business Support Directorate,BOC Ltd,3002028292
9/6/2010,Minor Building Works & Maintenance,Business Support Directorate,Geze UK Ltd,88043172
9/6/2010,Minor Building Works & Maintenance,Business Support Directorate,WG Evans Grounds Maintenance  Ltd,15483
9/6/2010,Minor Building Works & Maintenance,Business Support Directorate,Overbury plc,115145
9/6/2010,Non - IT Consultants,Business Support Directorate,OutSec Ltd,1003160
9/6/2010,Non - IT Consultants,Business Support Directorate,OutSec Ltd,1004153
9/6/2010,Relocation Removals & Excess Fare,Business Support Directorate,Personal expenses name witheld,48092
9/6/2010,Staff Suggestion Scheme,Business Support Directorate,Personal expenses name witheld,48087
9/6/2010,Staff Suggestion Scheme,Business Support Directorate,Personal expenses name witheld,48088
9/6/2010,Staff Suggestion Scheme,Business Support Directorate,Personal expenses name witheld,48089
9/6/2010,Telephone Rentals and Call Charges,Business Support Directorate,O2 UK Ltd,14802325
9/6/2010,Telephone Rentals and Call Charges,Business Support Directorate,O2 UK Ltd,14978658
9/6/2010,Telephone Rentals and Call Charges,Business Support Directorate,O2 UK Ltd,14977155
9/6/2010,Training,Business Support Directorate,Personal expenses name witheld,48090
9/6/2010,Travel and subsistence Overseas,Copyright and IP Enforcement Directorate,Personal expenses name witheld,48060A
9/6/2010,Travel and subsistence Overseas,Trade Marks Directorate,Personal expenses name witheld,48093
9/6/2010,Travel and subsistence UK,Copyright and IP Enforcement Directorate,Personal expenses name witheld,48084
9/6/2010,Travel and subsistence UK,Copyright and IP Enforcement Directorate,Personal expenses name witheld,48091
10/6/2010,Marketing and Publicity ,Innovation Directorate,BHP Information Solutions Ltd,5732
10/6/2010,Minor Building Works & Maintenance,Business Support Directorate,Balfour Beatty WorkPlace Ltd,M103490
10/6/2010,Minor Building Works & Maintenance,Business Support Directorate,Balfour Beatty WorkPlace Ltd,M103491
10/6/2010,Minor Building Works & Maintenance,Business Support Directorate,Balfour Beatty WorkPlace Ltd,M103487
10/6/2010,Minor Building Works & Maintenance,Business Support Directorate,Balfour Beatty WorkPlace Ltd,M103492
10/6/2010,Minor Building Works & Maintenance,Business Support Directorate,Balfour Beatty WorkPlace Ltd,M103489
10/6/2010,Minor Building Works & Maintenance,Business Support Directorate,Balfour Beatty WorkPlace Ltd,M103497
10/6/2010,Minor Building Works & Maintenance,Business Support Directorate,Balfour Beatty WorkPlace Ltd,M103488
10/6/2010,Minor Building Works & Maintenance,Business Support Directorate,Balfour Beatty WorkPlace Ltd,M103486
10/6/2010,Minor Building Works & Maintenance,Business Support Directorate,Balfour Beatty WorkPlace Ltd,M103493
10/6/2010,Office Cleaning,Business Support Directorate,OCS Group UK Ltd,CN17319959
10/6/2010,Office Cleaning,Business Support Directorate,Wastesavers Ltd,5861
10/6/2010,Office Cleaning,Business Support Directorate,OCS Group UK Ltd,CN17319958
10/6/2010,Office Cleaning,Business Support Directorate,Gremer Chemicals(UK) Ltd,211327
10/6/2010,SABIP,SABIP,Personal expenses name witheld,EDERCKLAYE07/06/10
10/6/2010,SABIP Research,SABIP,Personal expenses name witheld,EDERCKLAYE07/06/10
10/6/2010,Subscription to Professional bodies,Business Support Directorate,Personal expenses name witheld,48096
10/6/2010,Subscription to Professional bodies,Business Support Directorate,Personal expenses name witheld,48097
10/6/2010,Training,Trade Marks Directorate,Now You're Talking Business,790M
10/6/2010,Training,Copyright and IP Enforcement Directorate,Now You're Talking Business,791M
10/6/2010,Training,Business Support Directorate,Testing Solutions GroupLtd,7817
10/6/2010,Travel and subsistence UK,Trade Marks Directorate,Personal expenses name witheld,48098
10/6/2010,Travel and subsistence UK,Business Support Directorate,Personal expenses name witheld,48095
10/6/2010,Travel and subsistence UK,Copyright and IP Enforcement Directorate,Leasedrive Velo Rental Management Ltd,RHI00400408
11/6/2010,Accommodation charges,Business Support Directorate,Caerphilly County Borough Council,Dec-00
11/6/2010,Entertainment,Chief Executive's Office,Earls Caterers Ltd,25815
11/6/2010,Maintenance of computers,Business Support Directorate,ION Technologies,3306
11/6/2010,Postage,Business Support Directorate,Parcelforce Worldwide,9029503081
11/6/2010,Telephone Rentals and Call Charges,Business Support Directorate,Virgin Media,414781801/07/06/10
11/6/2010,Telephone Rentals and Call Charges,Business Support Directorate,Virgin Media,414673601/07/06/10
11/6/2010,Telephone Rentals and Call Charges,Business Support Directorate,Virgin Media,409092102/07/06/10
11/6/2010,Telephone Rentals and Call Charges,Business Support Directorate,British  Telecom,IP/C/1002/0029
11/6/2010,Telephone Rentals and Call Charges,Business Support Directorate,British  Telecom,IPLC/1003/0030
11/6/2010,Telephone Rentals and Call Charges,Business Support Directorate,British  Telecom,IPLC/1004/0204
11/6/2010,Telephone Rentals and Call Charges,Business Support Directorate,British  Telecom,IPLC/1004/0204
11/6/2010,Training,Business Support Directorate,City & Guilds Institute,801405723
11/6/2010,Training,Business Support Directorate,City & Guilds Institute,801422964
11/6/2010,Training,Business Support Directorate,City & Guilds Institute,801425768
11/6/2010,Training,Copyright and IP Enforcement Directorate,RISC,T/1322
11/6/2010,Travel and subsistence Overseas,Innovation Directorate,Personal expenses name witheld,48102
11/6/2010,Travel and subsistence Overseas,Patents Directorate,Personal expenses name witheld,48103
11/6/2010,Travel and subsistence Overseas,Patents Directorate,Personal expenses name witheld,48101
11/6/2010,Travel and subsistence UK,Innovation Directorate,ARVAL PHH Business Solutions Ltd,1014230147
11/6/2010,Travel and subsistence UK,Patents Directorate,Personal expenses name witheld,48106
11/6/2010,Travel and subsistence UK,Innovation Directorate,Personal expenses name witheld,48104
11/6/2010,Travel and subsistence UK,Copyright and IP Enforcement Directorate,Personal expenses name witheld,48105
11/6/2010,Treasury Solicitors,Business Support Directorate,Treasury Solicitors,100795
11/6/2010,Treasury Solicitors,Business Support Directorate,Treasury Solicitors,99916
11/6/2010,Van Delivery Service,Business Support Directorate,ARVAL PHH Business Solutions Ltd,1014230147
14/06/2010,Accommodation charges,Business Support Directorate,Insolvency Service,610/2010
14/06/2010,Accommodation charges,Business Support Directorate,Insolvency Service,609/2010
14/06/2010,Childcare costs,Business Support Directorate,Computershare  Voucher Services,932090
14/06/2010,Entertainment,Chief Executive's Office,Personal expenses name witheld,48119
14/06/2010,Fuel &Utilities,Business Support Directorate,Insolvency Service,610/2010
14/06/2010,Fuel &Utilities,Business Support Directorate,Insolvency Service,609/2010
14/06/2010,Furniture & Fittings,Business Support Directorate,Senator International Ltd,S00910162
14/06/2010,IT Contractors,Business Support Directorate,LA International Computer Consultants Ltd,LA147988
14/06/2010,IT Contractors,Business Support Directorate,LA International Computer Consultants Ltd,LA147989
14/06/2010,IT Contractors,Business Support Directorate,LA International Computer Consultants Ltd,LA148210
14/06/2010,Minor Building Works & Maintenance,Business Support Directorate,Balfour Beatty WorkPlace Ltd,B165901
14/06/2010,Minor Building Works & Maintenance,Business Support Directorate,Balfour Beatty WorkPlace Ltd,M103496
14/06/2010,Minor Building Works & Maintenance,Business Support Directorate,Balfour Beatty WorkPlace Ltd,M103498
14/06/2010,Minor Building Works & Maintenance,Business Support Directorate,Balfour Beatty WorkPlace Ltd,B165900
14/06/2010,Minor Building Works & Maintenance,Business Support Directorate,Balfour Beatty WorkPlace Ltd,B165899
14/06/2010,Minor Building Works & Maintenance,Business Support Directorate,Balfour Beatty WorkPlace Ltd,M103494
14/06/2010,Minor Building Works & Maintenance,Business Support Directorate,Balfour Beatty WorkPlace Ltd,M103495
14/06/2010,Minor Building Works & Maintenance,Business Support Directorate,Insolvency Service,610/2010
14/06/2010,Minor Building Works & Maintenance,Business Support Directorate,Insolvency Service,609/2010
14/06/2010,Non - IT Consultants,Copyright and IP Enforcement Directorate,Experian Ltd,HEX3000267173
14/06/2010,Office Cleaning,Business Support Directorate,Insolvency Service,610/2010
14/06/2010,Office Cleaning,Business Support Directorate,Insolvency Service,609/2010
14/06/2010,Postage,Business Support Directorate,Royal Mail,9029532108
14/06/2010,Postage,Business Support Directorate,Royal Mail,9029534116
14/06/2010,Relocation Removals & Excess Fare,Business Support Directorate,Personal expenses name witheld,48119
14/06/2010,Relocation Removals & Excess Fare,Business Support Directorate,Personal expenses name witheld,48109
14/06/2010,Relocation Removals & Excess Fare,Business Support Directorate,Personal expenses name witheld,48117
14/06/2010,SABIP,SABIP,Personal expenses name witheld,48108
14/06/2010,SABIP,SABIP,Personal expenses name witheld,48107
14/06/2010,SABIP Research,SABIP,Personal expenses name witheld,RTOWSE04/06/10
14/06/2010,Security Guards,Business Support Directorate,Insolvency Service,610/2010
14/06/2010,Security Guards,Business Support Directorate,Insolvency Service,609/2010
14/06/2010,Training,Innovation Directorate,Leap Languages,IPO/FRE/JTHOMP/GK/2010-03
14/06/2010,Training,International Policy Directorate,Leap Languages,IPO/FRE/SH/LPU/2010-01
14/06/2010,Training,International Policy Directorate,Leap Languages,IPO/BUSINENG/JPTK/AWEA/2010-03
14/06/2010,Training,Finance Directorate,iTrain Consulting Ltd,702152
14/06/2010,Travel and subsistence UK,Patents Directorate,Personal expenses name witheld,48116
14/06/2010,Travel and subsistence UK,Trade Marks Directorate,Personal expenses name witheld,48111
14/06/2010,Travel and subsistence UK,Patents Directorate,Personal expenses name witheld,48115
14/06/2010,Travel and subsistence UK,Business Support Directorate,Personal expenses name witheld,48110
14/06/2010,Travel and subsistence UK,Chief Executive's Office,Personal expenses name witheld,48119
14/06/2010,Travel and subsistence UK,Patents Directorate,Personal expenses name witheld,48115
14/06/2010,Travel and subsistence UK,Copyright and IP Enforcement Directorate,Leasedrive Velo Rental Management Ltd,RHI00401573
14/06/2010,Travel and subsistence UK,Copyright and IP Enforcement Directorate,Personal expenses name witheld,48118
14/06/2010,Travel and subsistence UK,Copyright and IP Enforcement Directorate,Personal expenses name witheld,48112
14/06/2010,Treasury Solicitors,Business Support Directorate,Capital Law LLP,20013356
14/06/2010,Treasury Solicitors,Business Support Directorate,Capital Law LLP,20013353
14/06/2010,Treasury Solicitors,Business Support Directorate,Capital Law LLP,20013349
15/06/2010,BIS Solicitors,Finance Directorate,Treasury Solicitors,A1195
15/06/2010,BIS Solicitors,Finance Directorate,Treasury Solicitors,A1196
15/06/2010,Computer hardware and software,Business Support Directorate,Janet(UK),OP/I034399
15/06/2010,Computer hardware and software,Business Support Directorate,CESG,78697
15/06/2010,Innovation support,Copyright and IP Enforcement Directorate,Companies House,165094498
15/06/2010,Minor Building Works & Maintenance,Business Support Directorate,Geze UK Ltd,88044168
15/06/2010,Paper,Finance Directorate,James McNaughton Paper Merchants Ltd,JR9274562
15/06/2010,Relocation Removals & Excess Fare,Business Support Directorate,Personal expenses name witheld,48124
15/06/2010,Telephone Rentals and Call Charges,Business Support Directorate,Virgin Media,414853701
15/06/2010,Telephone Rentals and Call Charges,Business Support Directorate,Virgin Media,414650701/09/06/10
15/06/2010,Training,Business Support Directorate,SQS Group Ltd,UT75021
15/06/2010,Travel and subsistence Overseas,Patents Directorate,Personal expenses name witheld,48127
15/06/2010,Travel and subsistence UK,Business Support Directorate,Personal expenses name witheld,48121
15/06/2010,Travel and subsistence UK,Innovation Directorate,Personal expenses name witheld,48120
15/06/2010,Travel and subsistence UK,Business Support Directorate,Personal expenses name witheld,48125
15/06/2010,Travel and subsistence UK,Business Support Directorate,Personal expenses name witheld,48126
15/06/2010,Travel and subsistence UK,Business Support Directorate,Leasedrive Velo Rental Management Ltd,RHI00401572
15/06/2010,Travel and subsistence UK,Patents Directorate,Personal expenses name witheld,48122
15/06/2010,Travel and subsistence UK,Business Support Directorate,Personal expenses name witheld,48122
15/06/2010,Travel and subsistence UK,Innovation Directorate,Personal expenses name witheld,48123
15/06/2010,Treasury Solicitors,Patents Directorate,Treasury Solicitors,98799
15/06/2010,Treasury Solicitors,Trade Marks Directorate,Treasury Solicitors,99998
15/06/2010,Treasury Solicitors,Patents Directorate,Treasury Solicitors,99998
15/06/2010,Treasury Solicitors,Trade Marks Directorate,Treasury Solicitors,98799
16/06/2010,Accommodation charges,Business Support Directorate,Caerphilly County Borough Council,82812268
16/06/2010,Agency Staff,International Policy Directorate,Adecco UK Ltd,25323153
16/06/2010,Agency Staff,International Policy Directorate,Adecco UK Ltd,25316169
16/06/2010,Bank charges,Finance Directorate,G4S Cash Services (UK) Ltd,1288938
16/06/2010,BIS Solicitors,Finance Directorate,Department For Business Innovation & Skills,10029308
16/06/2010,Computer hardware and software,Copyright and IP Enforcement Directorate,BOM Group Ltd,SIN013210
16/06/2010,Eyecare,Business Support Directorate,Personal expenses name witheld,48138
16/06/2010,Int Co-operation,International Policy Directorate,Carlson Wagonlit,4527656
16/06/2010,Int Co-operation,International Policy Directorate,Carlson Wagonlit,4526582
16/06/2010,Int Co-operation,International Policy Directorate,Carlson Wagonlit,4527650
16/06/2010,Int Co-operation,International Policy Directorate,Carlson Wagonlit,4525775
16/06/2010,Internal Audit,Trade Marks Directorate,Department For Business Innovation & Skills,10028882
16/06/2010,Internal Audit,Finance Directorate,Department For Business Innovation & Skills,10028882
16/06/2010,Internal Audit,Finance Directorate,Department For Business Innovation & Skills,10028901
16/06/2010,Internal Audit,Finance Directorate,Department For Business Innovation & Skills,10028863
16/06/2010,Internal Audit,Finance Directorate,Department For Business Innovation & Skills,10028733
16/06/2010,Internal Audit,Trade Marks Directorate,Department For Business Innovation & Skills,10028733
16/06/2010,IT Contractors,Trade Marks Directorate,Department For Business Innovation & Skills,10028882
16/06/2010,IT Contractors,Trade Marks Directorate,Department For Business Innovation & Skills,10028901
16/06/2010,IT Contractors,Trade Marks Directorate,Department For Business Innovation & Skills,10028863
16/06/2010,IT Contractors,Trade Marks Directorate,Department For Business Innovation & Skills,10028733
16/06/2010,IT Contractors,Trade Marks Directorate,IBM UK Ltd,5805102513
16/06/2010,Marketing and Publicity ,Innovation Directorate,Aardman Animations Ltd,20734
16/06/2010,Minor Building Works & Maintenance,Business Support Directorate,Pressure Coolers Ltd,85089
16/06/2010,Minor Building Works & Maintenance,Business Support Directorate,Geze UK Ltd,88043988
16/06/2010,Minor Building Works & Maintenance,Business Support Directorate,Tony Team Ltd,42503
16/06/2010,Minor Building Works & Maintenance,Business Support Directorate,Pressure Coolers Ltd,83015
16/06/2010,Non - IT Consultants,Innovation Directorate,Personal expenses name witheld,DEVANS28/05/10
16/06/2010,Office Cleaning,Business Support Directorate,Gremer Chemicals(UK) Ltd,211428
16/06/2010,Office Cleaning,Business Support Directorate,Caerphilly County Borough Council,82812268
16/06/2010,Online Bureau Charges,Innovation Directorate,STN International,9340187692
16/06/2010,Online Bureau Charges,Patents Directorate,STN International,9340187150
16/06/2010,Printing ,Patents Directorate,Xerox Business Services,900068209
16/06/2010,Steering Board,Business Support Directorate,Personal expenses name witheld,48131
16/06/2010,Steering Board,Business Support Directorate,Personal expenses name witheld,48130
16/06/2010,Training,Business Support Directorate,Personal expenses name witheld,48134
16/06/2010,Training,Business Support Directorate,Carlson Wagonlit,4530094
16/06/2010,Training,Business Support Directorate,Carlson Wagonlit,4526611
16/06/2010,Training,Trade Marks Directorate,Whitehall & Industry Group,2100321
16/06/2010,Travel and subsistence Overseas,International Policy Directorate,Carlson Wagonlit,4535376
16/06/2010,Travel and subsistence Overseas,Chief Executive's Office,Carlson Wagonlit,4531299
16/06/2010,Travel and subsistence Overseas,Patents Directorate,Carlson Wagonlit,4532573
16/06/2010,Travel and subsistence Overseas,Copyright and IP Enforcement Directorate,Carlson Wagonlit,4530105
16/06/2010,Travel and subsistence Overseas,Copyright and IP Enforcement Directorate,Carlson Wagonlit,4530102
16/06/2010,Travel and subsistence Overseas,Patents Directorate,Carlson Wagonlit,4523808
16/06/2010,Travel and subsistence Overseas,Patents Directorate,Carlson Wagonlit,4524958
16/06/2010,Travel and subsistence Overseas,Patents Directorate,Carlson Wagonlit,4524973
16/06/2010,Travel and subsistence Overseas,Patents Directorate,Carlson Wagonlit,634061
16/06/2010,Travel and subsistence Overseas,Copyright and IP Enforcement Directorate,Carlson Wagonlit,4529900
16/06/2010,Travel and subsistence Overseas,Copyright and IP Enforcement Directorate,Carlson Wagonlit,4531151
16/06/2010,Travel and subsistence Overseas,Copyright and IP Enforcement Directorate,Carlson Wagonlit,4531156
16/06/2010,Travel and subsistence Overseas,Business Support Directorate,Carlson Wagonlit,4530094
16/06/2010,Travel and subsistence Overseas,Patents Directorate,Carlson Wagonlit,625343
16/06/2010,Travel and subsistence Overseas,International Policy Directorate,Carlson Wagonlit,4531234
16/06/2010,Travel and subsistence Overseas,Patents Directorate,Carlson Wagonlit,635119
16/06/2010,Travel and subsistence Overseas,Patents Directorate,Carlson Wagonlit,615201
16/06/2010,Travel and subsistence Overseas,Patents Directorate,Carlson Wagonlit,4528702
16/06/2010,Travel and subsistence Overseas,Copyright and IP Enforcement Directorate,Carlson Wagonlit,4524470
16/06/2010,Travel and subsistence Overseas,Patents Directorate,Carlson Wagonlit,618279
16/06/2010,Travel and subsistence Overseas,Copyright and IP Enforcement Directorate,Carlson Wagonlit,4526099
16/06/2010,Travel and subsistence Overseas,Copyright and IP Enforcement Directorate,Carlson Wagonlit,4526927
16/06/2010,Travel and subsistence Overseas,Copyright and IP Enforcement Directorate,Carlson Wagonlit,4528034
16/06/2010,Travel and subsistence Overseas,Copyright and IP Enforcement Directorate,Carlson Wagonlit,4525050
16/06/2010,Travel and subsistence Overseas,Trade Marks Directorate,Personal expenses name witheld,48133
16/06/2010,Travel and subsistence Overseas,Copyright and IP Enforcement Directorate,Carlson Wagonlit,4528640
16/06/2010,Travel and subsistence Overseas,Copyright and IP Enforcement Directorate,Carlson Wagonlit,4524385
16/06/2010,Travel and subsistence Overseas,Copyright and IP Enforcement Directorate,Carlson Wagonlit,4524423
16/06/2010,Travel and subsistence Overseas,Copyright and IP Enforcement Directorate,Carlson Wagonlit,4528210
16/06/2010,Travel and subsistence Overseas,Trade Marks Directorate,Carlson Wagonlit,4531482
16/06/2010,Travel and subsistence Overseas,International Policy Directorate,UK Airport Solution Chauffeurs Ltd,EXE00256
16/06/2010,Travel and subsistence Overseas,International Policy Directorate,Carlson Wagonlit,4531028
16/06/2010,Travel and subsistence Overseas,Copyright and IP Enforcement Directorate,Carlson Wagonlit,4533029
16/06/2010,Travel and subsistence Overseas,Patents Directorate,Carlson Wagonlit,4524023
16/06/2010,Travel and subsistence Overseas,Copyright and IP Enforcement Directorate,Carlson Wagonlit,4530316
16/06/2010,Travel and subsistence Overseas,Patents Directorate,Carlson Wagonlit,9782851
16/06/2010,Travel and subsistence Overseas,Business Support Directorate,Carlson Wagonlit,4526611
16/06/2010,Travel and subsistence Overseas,Copyright and IP Enforcement Directorate,Carlson Wagonlit,4524377
16/06/2010,Travel and subsistence Overseas,International Policy Directorate,Carlson Wagonlit,4525477
16/06/2010,Travel and subsistence Overseas,International Policy Directorate,Carlson Wagonlit,4533126
16/06/2010,Travel and subsistence Overseas,Patents Directorate,Carlson Wagonlit,4529843
16/06/2010,Travel and subsistence Overseas,International Policy Directorate,Carlson Wagonlit,4534867
16/06/2010,Travel and subsistence Overseas,Patents Directorate,Carlson Wagonlit,4528699
16/06/2010,Travel and subsistence Overseas,Copyright and IP Enforcement Directorate,Carlson Wagonlit,4529332
16/06/2010,Travel and subsistence Overseas,Chief Executive's Office,Carlson Wagonlit,4531949
16/06/2010,Travel and subsistence Overseas,Trade Marks Directorate,Personal expenses name witheld,48135
16/06/2010,Travel and subsistence Overseas,Copyright and IP Enforcement Directorate,Personal expenses name witheld,48140
16/06/2010,Travel and subsistence Overseas,Chief Executive's Office,Carlson Wagonlit,4531948
16/06/2010,Travel and subsistence Overseas,Patents Directorate,Carlson Wagonlit,4527025
16/06/2010,Travel and subsistence Overseas,Patents Directorate,Carlson Wagonlit,4524472
16/06/2010,Travel and subsistence Overseas,Patents Directorate,Carlson Wagonlit,4524333
16/06/2010,Travel and subsistence UK,Patents Directorate,Carlson Wagonlit,619467
16/06/2010,Travel and subsistence UK,Patents Directorate,Carlson Wagonlit,619468
16/06/2010,Travel and subsistence UK,Business Support Directorate,Carlson Wagonlit,622307
16/06/2010,Travel and subsistence UK,Innovation Directorate,Carlson Wagonlit,614783
16/06/2010,Travel and subsistence UK,Innovation Directorate,Carlson Wagonlit,614804
16/06/2010,Travel and subsistence UK,International Policy Directorate,Carlson Wagonlit,623179
16/06/2010,Travel and subsistence UK,Copyright and IP Enforcement Directorate,Carlson Wagonlit,634329
16/06/2010,Travel and subsistence UK,Copyright and IP Enforcement Directorate,Carlson Wagonlit,612953
16/06/2010,Travel and subsistence UK,Copyright and IP Enforcement Directorate,Carlson Wagonlit,612954
16/06/2010,Travel and subsistence UK,International Policy Directorate,Carlson Wagonlit,620507
16/06/2010,Travel and subsistence UK,International Policy Directorate,Carlson Wagonlit,621077
16/06/2010,Travel and subsistence UK,Innovation Directorate,Carlson Wagonlit,632003
16/06/2010,Travel and subsistence UK,Copyright and IP Enforcement Directorate,Carlson Wagonlit,630401
16/06/2010,Travel and subsistence UK,Copyright and IP Enforcement Directorate,Carlson Wagonlit,636006
16/06/2010,Travel and subsistence UK,Business Support Directorate,Carlson Wagonlit,612697
16/06/2010,Travel and subsistence UK,Innovation Directorate,Carlson Wagonlit,614285
16/06/2010,Travel and subsistence UK,Innovation Directorate,Carlson Wagonlit,613947
16/06/2010,Travel and subsistence UK,International Policy Directorate,Carlson Wagonlit,620503
16/06/2010,Travel and subsistence UK,Copyright and IP Enforcement Directorate,Carlson Wagonlit,637537
16/06/2010,Travel and subsistence UK,Business Support Directorate,Carlson Wagonlit,616611
16/06/2010,Travel and subsistence UK,Business Support Directorate,Carlson Wagonlit,616439
16/06/2010,Travel and subsistence UK,Innovation Directorate,Carlson Wagonlit,620449
16/06/2010,Travel and subsistence UK,Innovation Directorate,Carlson Wagonlit,629438
16/06/2010,Travel and subsistence UK,Copyright and IP Enforcement Directorate,Carlson Wagonlit,4529164
16/06/2010,Travel and subsistence UK,Patents Directorate,Carlson Wagonlit,622937
16/06/2010,Travel and subsistence UK,Patents Directorate,Carlson Wagonlit,634061
16/06/2010,Travel and subsistence UK,Innovation Directorate,Carlson Wagonlit,622856
16/06/2010,Travel and subsistence UK,Copyright and IP Enforcement Directorate,Carlson Wagonlit,4528202
16/06/2010,Travel and subsistence UK,Copyright and IP Enforcement Directorate,Carlson Wagonlit,619897
16/06/2010,Travel and subsistence UK,Patents Directorate,Carlson Wagonlit,622940
16/06/2010,Travel and subsistence UK,Innovation Directorate,Carlson Wagonlit,629439
16/06/2010,Travel and subsistence UK,Patents Directorate,Carlson Wagonlit,625343
16/06/2010,Travel and subsistence UK,Business Support Directorate,Carlson Wagonlit,617781
16/06/2010,Travel and subsistence UK,Patents Directorate,Carlson Wagonlit,617781
16/06/2010,Travel and subsistence UK,Business Support Directorate,Carlson Wagonlit,625000
16/06/2010,Travel and subsistence UK,Patents Directorate,Carlson Wagonlit,625000
16/06/2010,Travel and subsistence UK,Copyright and IP Enforcement Directorate,Carlson Wagonlit,619901
16/06/2010,Travel and subsistence UK,Trade Marks Directorate,Carlson Wagonlit,606914
16/06/2010,Travel and subsistence UK,Copyright and IP Enforcement Directorate,Carlson Wagonlit,610992
16/06/2010,Travel and subsistence UK,Copyright and IP Enforcement Directorate,Carlson Wagonlit,627193
16/06/2010,Travel and subsistence UK,Patents Directorate,Carlson Wagonlit,622942
16/06/2010,Travel and subsistence UK,Copyright and IP Enforcement Directorate,Carlson Wagonlit,619899
16/06/2010,Travel and subsistence UK,Trade Marks Directorate,Carlson Wagonlit,632840
16/06/2010,Travel and subsistence UK,Business Support Directorate,Personal expenses name witheld,48137
16/06/2010,Travel and subsistence UK,Innovation Directorate,Carlson Wagonlit,639922
16/06/2010,Travel and subsistence UK,Trade Marks Directorate,Carlson Wagonlit,612815
16/06/2010,Travel and subsistence UK,Business Support Directorate,Carlson Wagonlit,610015
16/06/2010,Travel and subsistence UK,Innovation Directorate,Carlson Wagonlit,617043
16/06/2010,Travel and subsistence UK,Innovation Directorate,Carlson Wagonlit,621184
16/06/2010,Travel and subsistence UK,Copyright and IP Enforcement Directorate,Carlson Wagonlit,629372
16/06/2010,Travel and subsistence UK,SABIP,Carlson Wagonlit,638543
16/06/2010,Travel and subsistence UK,Trade Marks Directorate,Carlson Wagonlit,616622
16/06/2010,Travel and subsistence UK,Patents Directorate,Carlson Wagonlit,609702
16/06/2010,Travel and subsistence UK,Patents Directorate,Carlson Wagonlit,632088
16/06/2010,Travel and subsistence UK,Trade Marks Directorate,Carlson Wagonlit,616616
16/06/2010,Travel and subsistence UK,Business Support Directorate,Carlson Wagonlit,637707
16/06/2010,Travel and subsistence UK,Business Support Directorate,Carlson Wagonlit,606925
16/06/2010,Travel and subsistence UK,Business Support Directorate,Carlson Wagonlit,608396
16/06/2010,Travel and subsistence UK,Copyright and IP Enforcement Directorate,Carlson Wagonlit,632094
16/06/2010,Travel and subsistence UK,Innovation Directorate,Carlson Wagonlit,629362
16/06/2010,Travel and subsistence UK,International Policy Directorate,Carlson Wagonlit,641357
16/06/2010,Travel and subsistence UK,Trade Marks Directorate,Carlson Wagonlit,606913
16/06/2010,Travel and subsistence UK,Patents Directorate,Carlson Wagonlit,635119
16/06/2010,Travel and subsistence UK,Innovation Directorate,Carlson Wagonlit,607114
16/06/2010,Travel and subsistence UK,Innovation Directorate,Carlson Wagonlit,639726
16/06/2010,Travel and subsistence UK,Copyright and IP Enforcement Directorate,Carlson Wagonlit,636153
16/06/2010,Travel and subsistence UK,Innovation Directorate,Carlson Wagonlit,621400
16/06/2010,Travel and subsistence UK,Innovation Directorate,Carlson Wagonlit,626372
16/06/2010,Travel and subsistence UK,Innovation Directorate,Carlson Wagonlit,634066
16/06/2010,Travel and subsistence UK,Innovation Directorate,Carlson Wagonlit,634069
16/06/2010,Travel and subsistence UK,International Policy Directorate,Carlson Wagonlit,641472
16/06/2010,Travel and subsistence UK,Business Support Directorate,Carlson Wagonlit,636682
16/06/2010,Travel and subsistence UK,International Policy Directorate,Carlson Wagonlit,624015
16/06/2010,Travel and subsistence UK,Patents Directorate,Carlson Wagonlit,615201
16/06/2010,Travel and subsistence UK,Copyright and IP Enforcement Directorate,Carlson Wagonlit,628373
16/06/2010,Travel and subsistence UK,Business Support Directorate,Carlson Wagonlit,607599
16/06/2010,Travel and subsistence UK,Business Support Directorate,Carlson Wagonlit,638170
16/06/2010,Travel and subsistence UK,Copyright and IP Enforcement Directorate,Carlson Wagonlit,608422
16/06/2010,Travel and subsistence UK,Copyright and IP Enforcement Directorate,Carlson Wagonlit,608568
16/06/2010,Travel and subsistence UK,Copyright and IP Enforcement Directorate,Carlson Wagonlit,609183
16/06/2010,Travel and subsistence UK,Copyright and IP Enforcement Directorate,Carlson Wagonlit,609196
16/06/2010,Travel and subsistence UK,Copyright and IP Enforcement Directorate,Carlson Wagonlit,619902
16/06/2010,Travel and subsistence UK,Finance Directorate,Carlson Wagonlit,634101
16/06/2010,Travel and subsistence UK,Business Support Directorate,Carlson Wagonlit,637708
16/06/2010,Travel and subsistence UK,International Policy Directorate,Carlson Wagonlit,624007
16/06/2010,Travel and subsistence UK,International Policy Directorate,Carlson Wagonlit,637265
16/06/2010,Travel and subsistence UK,Copyright and IP Enforcement Directorate,Carlson Wagonlit,628374
16/06/2010,Travel and subsistence UK,Business Support Directorate,Carlson Wagonlit,608270
16/06/2010,Travel and subsistence UK,International Policy Directorate,Carlson Wagonlit,624855
16/06/2010,Travel and subsistence UK,Business Support Directorate,Carlson Wagonlit,618303
16/06/2010,Travel and subsistence UK,Finance Directorate,Carlson Wagonlit,636555
16/06/2010,Travel and subsistence UK,Copyright and IP Enforcement Directorate,Carlson Wagonlit,614250
16/06/2010,Travel and subsistence UK,Copyright and IP Enforcement Directorate,Carlson Wagonlit,634590
16/06/2010,Travel and subsistence UK,Copyright and IP Enforcement Directorate,Carlson Wagonlit,622960
16/06/2010,Travel and subsistence UK,Copyright and IP Enforcement Directorate,Carlson Wagonlit,638532
16/06/2010,Travel and subsistence UK,Copyright and IP Enforcement Directorate,Carlson Wagonlit,610990
16/06/2010,Travel and subsistence UK,Innovation Directorate,Carlson Wagonlit,627440
16/06/2010,Travel and subsistence UK,Innovation Directorate,Carlson Wagonlit,629363
16/06/2010,Travel and subsistence UK,Innovation Directorate,Carlson Wagonlit,629428
16/06/2010,Travel and subsistence UK,Copyright and IP Enforcement Directorate,Carlson Wagonlit,616103
16/06/2010,Travel and subsistence UK,Innovation Directorate,Carlson Wagonlit,629427
16/06/2010,Travel and subsistence UK,Business Support Directorate,Carlson Wagonlit,607604
16/06/2010,Travel and subsistence UK,Patents Directorate,Carlson Wagonlit,607604
16/06/2010,Travel and subsistence UK,Patents Directorate,Carlson Wagonlit,619928
16/06/2010,Travel and subsistence UK,Business Support Directorate,Carlson Wagonlit,635091
16/06/2010,Travel and subsistence UK,Patents Directorate,Carlson Wagonlit,635091
16/06/2010,Travel and subsistence UK,Patents Directorate,Carlson Wagonlit,618279
16/06/2010,Travel and subsistence UK,Copyright and IP Enforcement Directorate,Carlson Wagonlit,616402
16/06/2010,Travel and subsistence UK,Business Support Directorate,Carlson Wagonlit,616369
16/06/2010,Travel and subsistence UK,Business Support Directorate,Carlson Wagonlit,616339
16/06/2010,Travel and subsistence UK,Business Support Directorate,Carlson Wagonlit,617644
16/06/2010,Travel and subsistence UK,Patents Directorate,Carlson Wagonlit,4531635
16/06/2010,Travel and subsistence UK,Copyright and IP Enforcement Directorate,Carlson Wagonlit,614230
16/06/2010,Travel and subsistence UK,Innovation Directorate,Carlson Wagonlit,606473
16/06/2010,Travel and subsistence UK,Trade Marks Directorate,Carlson Wagonlit,612814
16/06/2010,Travel and subsistence UK,Copyright and IP Enforcement Directorate,Carlson Wagonlit,629445
16/06/2010,Travel and subsistence UK,International Policy Directorate,Carlson Wagonlit,622857
16/06/2010,Travel and subsistence UK,Copyright and IP Enforcement Directorate,Carlson Wagonlit,4526628
16/06/2010,Travel and subsistence UK,Innovation Directorate,Carlson Wagonlit,613086
16/06/2010,Travel and subsistence UK,Innovation Directorate,Carlson Wagonlit,622969
16/06/2010,Travel and subsistence UK,Innovation Directorate,Carlson Wagonlit,627438
16/06/2010,Travel and subsistence UK,Patents Directorate,Carlson Wagonlit,622974
16/06/2010,Travel and subsistence UK,Business Support Directorate,Carlson Wagonlit,629514
16/06/2010,Travel and subsistence UK,Patents Directorate,Carlson Wagonlit,625350
16/06/2010,Travel and subsistence UK,Copyright and IP Enforcement Directorate,Carlson Wagonlit,627697
16/06/2010,Travel and subsistence UK,Copyright and IP Enforcement Directorate,Carlson Wagonlit,609149
16/06/2010,Travel and subsistence UK,Innovation Directorate,Carlson Wagonlit,619447
16/06/2010,Travel and subsistence UK,International Policy Directorate,Carlson Wagonlit,629217
16/06/2010,Travel and subsistence UK,Innovation Directorate,Carlson Wagonlit,626942
16/06/2010,Travel and subsistence UK,International Policy Directorate,Carlson Wagonlit,620894
16/06/2010,Travel and subsistence UK,International Policy Directorate,Carlson Wagonlit,626374
16/06/2010,Travel and subsistence UK,Copyright and IP Enforcement Directorate,Carlson Wagonlit,619663
16/06/2010,Travel and subsistence UK,Copyright and IP Enforcement Directorate,Carlson Wagonlit,634591
16/06/2010,Travel and subsistence UK,Copyright and IP Enforcement Directorate,Carlson Wagonlit,609048
16/06/2010,Travel and subsistence UK,Copyright and IP Enforcement Directorate,Carlson Wagonlit,631306
16/06/2010,Travel and subsistence UK,Business Support Directorate,Carlson Wagonlit,607348
16/06/2010,Travel and subsistence UK,Copyright and IP Enforcement Directorate,Carlson Wagonlit,607603
16/06/2010,Travel and subsistence UK,Business Support Directorate,Carlson Wagonlit,609751
16/06/2010,Travel and subsistence UK,Copyright and IP Enforcement Directorate,Carlson Wagonlit,619932
16/06/2010,Travel and subsistence UK,Copyright and IP Enforcement Directorate,Carlson Wagonlit,636633
16/06/2010,Travel and subsistence UK,Business Support Directorate,Carlson Wagonlit,620995
16/06/2010,Travel and subsistence UK,Business Support Directorate,Carlson Wagonlit,611470
16/06/2010,Travel and subsistence UK,Trade Marks Directorate,Carlson Wagonlit,606791
16/06/2010,Travel and subsistence UK,Trade Marks Directorate,Carlson Wagonlit,622972
16/06/2010,Travel and subsistence UK,Trade Marks Directorate,Carlson Wagonlit,635115
16/06/2010,Travel and subsistence UK,Finance Directorate,Carlson Wagonlit,631710
16/06/2010,Travel and subsistence UK,Copyright and IP Enforcement Directorate,Carlson Wagonlit,622966
16/06/2010,Travel and subsistence UK,Innovation Directorate,Carlson Wagonlit,619664
16/06/2010,Travel and subsistence UK,Business Support Directorate,Carlson Wagonlit,624009
16/06/2010,Travel and subsistence UK,Business Support Directorate,Carlson Wagonlit,638175
16/06/2010,Travel and subsistence UK,Business Support Directorate,Carlson Wagonlit,612802
16/06/2010,Travel and subsistence UK,Copyright and IP Enforcement Directorate,Carlson Wagonlit,608561
16/06/2010,Travel and subsistence UK,Trade Marks Directorate,Carlson Wagonlit,631164
16/06/2010,Travel and subsistence UK,Innovation Directorate,Carlson Wagonlit,616620
16/06/2010,Travel and subsistence UK,Innovation Directorate,Carlson Wagonlit,616613
16/06/2010,Travel and subsistence UK,Innovation Directorate,Carlson Wagonlit,613074
16/06/2010,Travel and subsistence UK,Copyright and IP Enforcement Directorate,Carlson Wagonlit,607601
16/06/2010,Travel and subsistence UK,Copyright and IP Enforcement Directorate,Carlson Wagonlit,618734
16/06/2010,Travel and subsistence UK,Innovation Directorate,Carlson Wagonlit,611409
16/06/2010,Travel and subsistence UK,Patents Directorate,Carlson Wagonlit,641364
16/06/2010,Travel and subsistence UK,Patents Directorate,Carlson Wagonlit,639731
16/06/2010,Travel and subsistence UK,Patents Directorate,Carlson Wagonlit,626941
16/06/2010,Travel and subsistence UK,Patents Directorate,Carlson Wagonlit,632068
16/06/2010,Travel and subsistence UK,Patents Directorate,Carlson Wagonlit,632727
16/06/2010,Travel and subsistence UK,Copyright and IP Enforcement Directorate,Carlson Wagonlit,614699
16/06/2010,Travel and subsistence UK,Copyright and IP Enforcement Directorate,Carlson Wagonlit,626135
16/06/2010,Travel and subsistence UK,Copyright and IP Enforcement Directorate,Carlson Wagonlit,619900
16/06/2010,Travel and subsistence UK,Patents Directorate,Carlson Wagonlit,639925
16/06/2010,Travel and subsistence UK,Innovation Directorate,Carlson Wagonlit,613678
16/06/2010,Travel and subsistence UK,Copyright and IP Enforcement Directorate,Carlson Wagonlit,635666
16/06/2010,Travel and subsistence UK,Patents Directorate,Carlson Wagonlit,639923
16/06/2010,Travel and subsistence UK,Copyright and IP Enforcement Directorate,Carlson Wagonlit,614746
16/06/2010,Travel and subsistence UK,Innovation Directorate,Personal expenses name witheld,48132
16/06/2010,Travel and subsistence UK,Copyright and IP Enforcement Directorate,Carlson Wagonlit,609110
16/06/2010,Travel and subsistence UK,International Policy Directorate,Carlson Wagonlit,632206
16/06/2010,Travel and subsistence UK,Business Support Directorate,Carlson Wagonlit,606470
16/06/2010,Travel and subsistence UK,Business Support Directorate,Carlson Wagonlit,615716
16/06/2010,Travel and subsistence UK,Business Support Directorate,Carlson Wagonlit,629150
16/06/2010,Travel and subsistence UK,Business Support Directorate,Carlson Wagonlit,629158
16/06/2010,Travel and subsistence UK,Business Support Directorate,Carlson Wagonlit,637706
16/06/2010,Travel and subsistence UK,Copyright and IP Enforcement Directorate,Carlson Wagonlit,609109
16/06/2010,Travel and subsistence UK,Copyright and IP Enforcement Directorate,Carlson Wagonlit,616386
16/06/2010,Travel and subsistence UK,Copyright and IP Enforcement Directorate,Carlson Wagonlit,616403
16/06/2010,Travel and subsistence UK,Copyright and IP Enforcement Directorate,Carlson Wagonlit,616404
16/06/2010,Travel and subsistence UK,Innovation Directorate,Personal expenses name witheld,48139
16/06/2010,Travel and subsistence UK,Copyright and IP Enforcement Directorate,Carlson Wagonlit,4532614
16/06/2010,Travel and subsistence UK,Business Support Directorate,Carlson Wagonlit,626072
16/06/2010,Travel and subsistence UK,Copyright and IP Enforcement Directorate,Carlson Wagonlit,614358
16/06/2010,Travel and subsistence UK,Business Support Directorate,Carlson Wagonlit,616422
16/06/2010,Travel and subsistence UK,Copyright and IP Enforcement Directorate,Carlson Wagonlit,624013
16/06/2010,Travel and subsistence UK,Innovation Directorate,Leasedrive Velo Rental Management Ltd,RHI00403353
16/06/2010,Treasury Solicitors,Trade Marks Directorate,Treasury Solicitors,100767
16/06/2010,Treasury Solicitors,Patents Directorate,Treasury Solicitors,100767
17/06/2010,Childcare costs,Business Support Directorate,Childcare Vouchers Ltd,IN029573421
17/06/2010,Postage,Business Support Directorate,Neopost Ltd,FRANKINGMACHINE16/06/10
17/06/2010,SABIP,SABIP,Personal expenses name witheld,48149
17/06/2010,SABIP,SABIP,Personal expenses name witheld,48151
17/06/2010,SABIP Research,SABIP,Personal expenses name witheld,48149
17/06/2010,Subscription to Professional bodies,Business Support Directorate,Personal expenses name witheld,48142
17/06/2010,Training,Patents Directorate,Personal expenses name witheld,48150
17/06/2010,Training,Patents Directorate,University of Wales Newport,10034
17/06/2010,Training,Trade Marks Directorate,Mezo Ltd,168
17/06/2010,Training,Patents Directorate,University of Wales Newport,10034
17/06/2010,Training,Patents Directorate,University of Wales Newport,10034
17/06/2010,Travel and subsistence UK,Business Support Directorate,Personal expenses name witheld,48144
17/06/2010,Travel and subsistence UK,Patents Directorate,Personal expenses name witheld,48150
17/06/2010,Travel and subsistence UK,Innovation Directorate,Personal expenses name witheld,48148
17/06/2010,Travel and subsistence UK,Copyright and IP Enforcement Directorate,Leasedrive Velo Rental Management Ltd,RHI00403352
17/06/2010,Travel and subsistence UK,Business Support Directorate,Personal expenses name witheld,48141
17/06/2010,Travel and subsistence UK,Business Support Directorate,Personal expenses name witheld,48145
17/06/2010,Travel and subsistence UK,Innovation Directorate,Personal expenses name witheld,48147
17/06/2010,Travel and subsistence UK,Innovation Directorate,Personal expenses name witheld,48146
18/06/2010,Fuel &Utilities,Business Support Directorate,EDF Energy 1 Ltd,17445580-0002
18/06/2010,Fuel &Utilities,Business Support Directorate,EDF Energy 1 Ltd,17448736-0004
18/06/2010,Marketing and Publicity ,Innovation Directorate,D4 Projekt Ltd,13104
18/06/2010,Other,Business Support Directorate,TV Licensing,1389106452/14/05/10CN
18/06/2010,Paper,Finance Directorate,James McNaughton Paper Merchants Ltd,JR9293012
18/06/2010,Postage,Business Support Directorate,Royal Mail,9029569045
18/06/2010,Postage,Business Support Directorate,Royal Mail,9029022359
18/06/2010,Telephone Rentals and Call Charges,Business Support Directorate,British  Telecom,346370
18/06/2010,Telephone Rentals and Call Charges,Business Support Directorate,British  Telecom,SW14347978Q010J6
18/06/2010,Telephone Rentals and Call Charges,Business Support Directorate,British  Telecom,25022316Q009
18/06/2010,Training,SABIP,Centre for Parliamentary Studies,CPS-422
18/06/2010,Training,Copyright and IP Enforcement Directorate,Centre for Parliamentary Studies,CPS-422
18/06/2010,Training,SABIP,Centre for Parliamentary Studies,CPS-419
18/06/2010,Training,Innovation Directorate,Centre for Parliamentary Studies,CPS-419
18/06/2010,Training,Innovation Directorate,Centre for Parliamentary Studies,CPS-419
18/06/2010,Training,Copyright and IP Enforcement Directorate,Centre for Parliamentary Studies,CPS-419
18/06/2010,Training,SABIP,Centre for Parliamentary Studies,CPS-421
18/06/2010,Training,Innovation Directorate,Centre for Parliamentary Studies,CPS-421
18/06/2010,Training,Innovation Directorate,Centre for Parliamentary Studies,CPS-421
18/06/2010,Training,Copyright and IP Enforcement Directorate,Centre for Parliamentary Studies,CPS-421
18/06/2010,Training,Innovation Directorate,Centre for Parliamentary Studies,CPS-422
18/06/2010,Training,Copyright and IP Enforcement Directorate,Centre for Parliamentary Studies,CPS-422
18/06/2010,Training,International Policy Directorate,Centre for Parliamentary Studies,CPS-422
18/06/2010,Training,Trade Marks Directorate,Central Law Training Ltd,3958002
18/06/2010,Training,Innovation Directorate,Centre for Parliamentary Studies,CPS-422
18/06/2010,Training,International Policy Directorate,Centre for Parliamentary Studies,CPS-421
18/06/2010,Training,International Policy Directorate,Centre for Parliamentary Studies,CPS-419
18/06/2010,Training,Copyright and IP Enforcement Directorate,Centre for Parliamentary Studies,CPS-419
18/06/2010,Training,Copyright and IP Enforcement Directorate,Centre for Parliamentary Studies,CPS-421
18/06/2010,Travel and subsistence Overseas,Copyright and IP Enforcement Directorate,Personal expenses name witheld,48059
18/06/2010,Travel and subsistence UK,Innovation Directorate,ARVAL PHH Business Solutions Ltd,101430411
18/06/2010,Van Delivery Service,Business Support Directorate,ARVAL PHH Business Solutions Ltd,101430411
21/06/2010,Books  Newspapers & Publications,Patents Directorate,Swets Information Services,67250049501
21/06/2010,Books  Newspapers & Publications,Business Support Directorate,Lexis-Nexis UK,SC5786889
21/06/2010,Books  Newspapers & Publications,Business Support Directorate,Lexis-Nexis UK,SU0H37623
21/06/2010,Books  Newspapers & Publications,Patents Directorate,Swets Information Services,6700186566
21/06/2010,Computer hardware and software,Business Support Directorate,Computacenter (UK) ltd,7149874
21/06/2010,Computer hardware and software,Patents Directorate,Specialist Computer Centres Plc,OP/L162338
21/06/2010,Fuel &Utilities,Business Support Directorate,Corona Energy,V4824214
21/06/2010,Furniture & Fittings,Business Support Directorate,Carpet Services (Cardiff) Ltd,556006
21/06/2010,IT Contractors,Business Support Directorate,LA International Computer Consultants Ltd,LA148446
21/06/2010,IT Contractors,Business Support Directorate,LA International Computer Consultants Ltd,LA148445
21/06/2010,IT Contractors,Trade Marks Directorate,LA International Computer Consultants Ltd,LA148610
21/06/2010,IT Contractors,Business Support Directorate,LA International Computer Consultants Ltd,LA148444
21/06/2010,Marketing and Publicity ,Innovation Directorate,Emap Public Sector Ltd,LG241153
21/06/2010,Office Cleaning,Business Support Directorate,OCS Group UK Ltd,OC00650429
21/06/2010,Office Supplies,Business Support Directorate,Sims Group UK Ltd,SWI0063279
21/06/2010,Online Bureau Charges,Patents Directorate,Lexis-Nexis UK,1005059190
21/06/2010,Telephone Rentals and Call Charges,Business Support Directorate,British  Telecom,VP02239170M10101
21/06/2010,Training,Business Support Directorate,Eliesha Training Ltd,23865
21/06/2010,Training,Business Support Directorate,Business in the  Community,SIN034036
21/06/2010,Travel and subsistence UK,Copyright and IP Enforcement Directorate,Leasedrive Velo Rental Management Ltd,RHI00404575
22/06/2010,Accommodation charges,Business Support Directorate,Pulse 24 Ltd,SI0000409
22/06/2010,Entertainment,Innovation Directorate,Earls Caterers Ltd,25754
22/06/2010,Fuel &Utilities,Business Support Directorate,Pulse 24 Ltd,SI0000409
22/06/2010,Fuel &Utilities,Business Support Directorate,Corona Energy,V4816070
22/06/2010,Fuel &Utilities,Business Support Directorate,Corona Energy,V4816077
22/06/2010,Machinery hire and maintenance,Business Support Directorate,Total Print Finishing Services Ltd,30765
22/06/2010,Machinery hire and maintenance,Business Support Directorate,Total Print Finishing Services Ltd,31006
22/06/2010,Marketing and Publicity ,Innovation Directorate,Jobserve Events Ltd,20025
22/06/2010,Office Cleaning,Business Support Directorate,PHS Group Plc,56184971
22/06/2010,Online Bureau Charges,Patents Directorate,European Patent Office,40185272
22/06/2010,Other Stationery & General Supplies,Finance Directorate,Personal expenses name witheld,193838
22/06/2010,Postage,Business Support Directorate,Royal Mail,9029634123
22/06/2010,Relocation Removals & Excess Fare,Business Support Directorate,Personal expenses name witheld,48159
22/06/2010,SABIP Research,SABIP,Foray Dominique,FINAL DRAFT
22/06/2010,SABIP Research,SABIP,Personal expenses name witheld,DMATTHEWS18/06/10
22/06/2010,Training,SABIP,Dod's Parliamentary Communications,PK041629
22/06/2010,Training,SABIP,Dod's Parliamentary Communications,PK041630
22/06/2010,Training,Copyright and IP Enforcement Directorate,National School of Government,F439514
22/06/2010,Training,Business Support Directorate,E Academy Ltd,19925
22/06/2010,Travel and subsistence UK,Patents Directorate,Personal expenses name witheld,48161
22/06/2010,Travel and subsistence UK,Copyright and IP Enforcement Directorate,Personal expenses name witheld,48156
22/06/2010,Travel and subsistence UK,Chief Executive's Office,Personal expenses name witheld,48160
22/06/2010,Travel and subsistence UK,Business Support Directorate,Personal expenses name witheld,48163
22/06/2010,Travel and subsistence UK,SABIP,Personal expenses name witheld,48164
22/06/2010,Travel and subsistence UK,Innovation Directorate,Personal expenses name witheld,48155
22/06/2010,Travel and subsistence UK,Copyright and IP Enforcement Directorate,Leasedrive Velo Rental Management Ltd,RHI00404050
22/06/2010,Travel and subsistence UK,Innovation Directorate,Personal expenses name witheld,48157
22/06/2010,Travel and subsistence UK,International Policy Directorate,Personal expenses name witheld,48162
22/06/2010,Travel and subsistence UK,Copyright and IP Enforcement Directorate,Personal expenses name witheld,48154
22/06/2010,Travel and subsistence UK,Innovation Directorate,Personal expenses name witheld,48158
23/06/2010,Aardman project,Innovation Directorate,SGA Productions Ltd,1463
23/06/2010,Accommodation charges,Business Support Directorate,First Investments Ltd,15442
23/06/2010,Accommodation charges,Business Support Directorate,First Investments Ltd,15440
23/06/2010,Accommodation charges,Business Support Directorate,First Investments Ltd,15441
23/06/2010,Accommodation charges,Business Support Directorate,First Investments Ltd,15439
23/06/2010,Agency Staff,International Policy Directorate,Adecco UK Ltd,25335336
23/06/2010,Agency Staff,International Policy Directorate,Adecco UK Ltd,25335337
23/06/2010,Healthcare,Business Support Directorate,Connaught Compliance Services Ltd,OP/I272053
23/06/2010,Marketing and Publicity ,Innovation Directorate,SGA Productions Ltd,1468
23/06/2010,Marketing and Publicity ,Innovation Directorate,SGA Productions Ltd,1463
23/06/2010,Minor Building Works & Maintenance,Business Support Directorate,ZIP Heaters (UK) Ltd,196832
23/06/2010,Office Cleaning,Business Support Directorate,Gremer Chemicals(UK) Ltd,211626
23/06/2010,Office Cleaning,Business Support Directorate,OCS Group UK Ltd,OC00649114
23/06/2010,Office Cleaning,Business Support Directorate,OCS Group UK Ltd,OC00649114
23/06/2010,Other,Business Support Directorate,On Your Bike,30246
23/06/2010,Other Stationery & General Supplies,Finance Directorate,Total Print Finishing Services Ltd,31046
23/06/2010,Telephone Rentals and Call Charges,Business Support Directorate,Virgin Media,409092201/07/06/10
23/06/2010,Training,Business Support Directorate,Gwent Wildlife Trust,545
23/06/2010,Translation,Trade Marks Directorate,Foreign and Commonwealth Office,6020734
23/06/2010,Travel and subsistence Overseas,International Policy Directorate,Personal expenses name witheld,48167
23/06/2010,Travel and subsistence Overseas,Trade Marks Directorate,Personal expenses name witheld,48169
23/06/2010,Travel and subsistence Overseas,Patents Directorate,Personal expenses name witheld,48168
23/06/2010,Travel and subsistence UK,Patents Directorate,Leasedrive Velo Rental Management Ltd,CRD00041959
23/06/2010,Travel and subsistence UK,Innovation Directorate,Personal expenses name witheld,48172
23/06/2010,Travel and subsistence UK,International Policy Directorate,Personal expenses name witheld,48166
23/06/2010,Travel and subsistence UK,Copyright and IP Enforcement Directorate,Leasedrive Velo Rental Management Ltd,RHI00406307
23/06/2010,Travel and subsistence UK,Patents Directorate,Leasedrive Velo Rental Management Ltd,RHI00406308
23/06/2010,Travel and subsistence UK,Patents Directorate,Leasedrive Velo Rental Management Ltd,RHI00406306
23/06/2010,Travel and subsistence UK,Business Support Directorate,Personal expenses name witheld,48165
23/06/2010,Travel and subsistence UK,Copyright and IP Enforcement Directorate,Personal expenses name witheld,48170
23/06/2010,Travel and subsistence UK,Business Support Directorate,Personal expenses name witheld,48171
23/06/2010,Travel and subsistence UK,Finance Directorate,Dragon Taxis (Newport) Ltd,5501
23/06/2010,Travel and subsistence UK,Copyright and IP Enforcement Directorate,Personal expenses name witheld,48173
24/06/2010,Computer hardware and software,Business Support Directorate,XMA Ltd,S0/I138576
24/06/2010,IT Contractors,Business Support Directorate,LA International Computer Consultants Ltd,LA148447
24/06/2010,IT Contractors,Business Support Directorate,LA International Computer Consultants Ltd,LA146701
24/06/2010,Minor Building Works & Maintenance,Business Support Directorate,ZIP Heaters (UK) Ltd,197244
24/06/2010,Other Stationery & General Supplies,Finance Directorate,James McNaughton Paper Merchants Ltd,JR9307495
24/06/2010,Paper,Finance Directorate,James McNaughton Paper Merchants Ltd,JR9307495
24/06/2010,SABIP Research,SABIP,Personal expenses name witheld,DVAVER21/06/10
24/06/2010,Training,Copyright and IP Enforcement Directorate,National Policing Improvement Agency,90013241
24/06/2010,Training,Business Support Directorate,QA Ltd,I303512
24/06/2010,Travel and subsistence Overseas,Patents Directorate,Personal expenses name witheld,48176
24/06/2010,Travel and subsistence UK,Finance Directorate,Personal expenses name witheld,48175
24/06/2010,Travel and subsistence UK,Business Support Directorate,Personal expenses name witheld,48178
24/06/2010,Travel and subsistence UK,International Policy Directorate,Personal expenses name witheld,48174
24/06/2010,Travel and subsistence UK,Patents Directorate,Personal expenses name witheld,48177
24/06/2010,Travel and subsistence UK,Copyright and IP Enforcement Directorate,Personal expenses name witheld,48153
24/06/2010,Travel and subsistence UK,Copyright and IP Enforcement Directorate,Personal expenses name witheld,48152
24/06/2010,Travel and subsistence UK,Patents Directorate,Personal expenses name witheld,48176
25/06/2010,Entertainment,Innovation Directorate,Earls Caterers Ltd,25761
25/06/2010,IT Contractors,Business Support Directorate,LA International Computer Consultants Ltd,LA148742
25/06/2010,IT Contractors,Trade Marks Directorate,LA International Computer Consultants Ltd,LA148851
25/06/2010,IT Contractors,Business Support Directorate,LA International Computer Consultants Ltd,LA148743
25/06/2010,Marketing and Publicity ,Innovation Directorate,British Library,PATLIB21/06/10
25/06/2010,Minor Building Works & Maintenance,Business Support Directorate,JK Fencing & Landscapes,JK001
25/06/2010,Minor Building Works & Maintenance,Business Support Directorate,Balfour Beatty WorkPlace Ltd,B166012
25/06/2010,Paper,Finance Directorate,James McNaughton Paper Merchants Ltd,JR9319226
25/06/2010,SABIP Research,SABIP,University of Cambridge,XF636463
25/06/2010,Training,Business Support Directorate,Brunel University,FI137247
25/06/2010,Training,Innovation Directorate,CQ Consultancy,723
25/06/2010,Travel and subsistence UK,Innovation Directorate,ARVAL PHH Business Solutions Ltd,1014338696
25/06/2010,Travel and subsistence UK,Copyright and IP Enforcement Directorate,Leasedrive Velo Rental Management Ltd,RHI00407209
28/06/2010,Mainframe System Charges,Business Support Directorate,Capgemini UK Plc,2.60E+13
28/06/2010,Office Cleaning,Business Support Directorate,PHS Group Plc,55830253
28/06/2010,Paper,Finance Directorate,James McNaughton Paper Merchants Ltd,JR9325719
28/06/2010,Paper,Finance Directorate,James McNaughton Paper Merchants Ltd,JR9326305
28/06/2010,SABIP Research,SABIP,Personal expenses name witheld,40238
28/06/2010,SABIP Research,SABIP,Kingston University,S390446
28/06/2010,SABIP Research,SABIP,Burns Owens Partnership Ltd,05/1117
28/06/2010,Training,SABIP,Centre for Parliamentary Studies,CPS-420
28/06/2010,Training,Copyright and IP Enforcement Directorate,Centre for Parliamentary Studies,CPS-420
28/06/2010,Training,Innovation Directorate,Centre for Parliamentary Studies,CPS-420
28/06/2010,Training,Copyright and IP Enforcement Directorate,Centre for Parliamentary Studies,CPS-420
28/06/2010,Training,International Policy Directorate,Centre for Parliamentary Studies,CPS-420
28/06/2010,Training,Innovation Directorate,Centre for Parliamentary Studies,CPS-420
28/06/2010,Training,Business Support Directorate,QA Ltd,SLI03791
28/06/2010,Training,Business Support Directorate,ICCM Professional Services Ltd,2667
28/06/2010,Travel and subsistence UK,Copyright and IP Enforcement Directorate,Leasedrive Velo Rental Management Ltd,RHI00404938
29/06/2010,Bank charges,Finance Directorate,DWP Jobcentreplus No1 A/C,2833239
29/06/2010,Other Stationery & General Supplies,Finance Directorate,Personal expenses name witheld,194080
29/06/2010,Other Stationery & General Supplies,Finance Directorate,Personal expenses name witheld,194079
29/06/2010,Other Stationery & General Supplies,Finance Directorate,Personal expenses name witheld,194081
29/06/2010,Other Stationery & General Supplies,Finance Directorate,Personal expenses name witheld,194069
29/06/2010,Other Stationery & General Supplies,Finance Directorate,Tower Supplies,720002
29/06/2010,Staff Suggestion Scheme,Business Support Directorate,Personal expenses name witheld,48180
29/06/2010,Staff Suggestion Scheme,Business Support Directorate,Personal expenses name witheld,48181
29/06/2010,Staff Suggestion Scheme,Business Support Directorate,Personal expenses name witheld,48182
29/06/2010,Staff Suggestion Scheme,Business Support Directorate,Personal expenses name witheld,48179
29/06/2010,Telephone Rentals and Call Charges,Business Support Directorate,British  Telecom,IPLC/1005/0032
29/06/2010,Training,Business Support Directorate,IBM UK Ltd,4706100106
29/06/2010,Travel and subsistence Overseas,Chief Executive's Office,Personal expenses name witheld,48185
29/06/2010,Travel and subsistence Overseas,Patents Directorate,Personal expenses name witheld,48198
29/06/2010,Travel and subsistence Overseas,Copyright and IP Enforcement Directorate,Personal expenses name witheld,48183
29/06/2010,Travel and subsistence Overseas,Innovation Directorate,Personal expenses name witheld,48192
29/06/2010,Travel and subsistence Overseas,Patents Directorate,Personal expenses name witheld,48195
29/06/2010,Travel and subsistence UK,Innovation Directorate,Personal expenses name witheld,48191
29/06/2010,Travel and subsistence UK,Innovation Directorate,Personal expenses name witheld,48197
29/06/2010,Travel and subsistence UK,Innovation Directorate,Personal expenses name witheld,48196
29/06/2010,Travel and subsistence UK,Copyright and IP Enforcement Directorate,Personal expenses name witheld,48184
29/06/2010,Travel and subsistence UK,Innovation Directorate,Personal expenses name witheld,48189
29/06/2010,Travel and subsistence UK,Innovation Directorate,Personal expenses name witheld,48187
29/06/2010,Travel and subsistence UK,Patents Directorate,Personal expenses name witheld,48194
30/06/2010,Computer hardware and software,Innovation Directorate,Probrand Ltd,OP/I297868
30/06/2010,Computer hardware and software,Business Support Directorate,ICCM Professional Services Ltd,2672
30/06/2010,IT Contractors,Business Support Directorate,Capgemini UK Plc,2.60E+13
30/06/2010,Machinery hire and maintenance,Business Support Directorate,Xerox (UK) Ltd,AF218833
30/06/2010,Machinery hire and maintenance,Business Support Directorate,Xerox (UK) Ltd,AF218833
30/06/2010,Minor Building Works & Maintenance,Business Support Directorate,WG Evans Grounds Maintenance  Ltd,15454
30/06/2010,Non - IT Consultants,SABIP,Capita Resourcing Ltd,22363
30/06/2010,Office Cleaning,Business Support Directorate,OCS Group UK Ltd,OC00651376
30/06/2010,Office Cleaning,Business Support Directorate,Protectahome Ltd,55800
30/06/2010,Office Cleaning,Business Support Directorate,Thomas Waste Management Ltd,66980
30/06/2010,Other,Business Support Directorate,On Your Bike,30260
30/06/2010,Relocation Removals & Excess Fare,Business Support Directorate,Personal expenses name witheld,48205
30/06/2010,SABIP,SABIP,Personal expenses name witheld,48210
30/06/2010,SABIP,SABIP,Capita Resourcing Ltd,22363
30/06/2010,SABIP Research,SABIP,Personal expenses name witheld,CMACLEOD/23/06/10
30/06/2010,SABIP Research,SABIP,Personal expenses name witheld,GDAGOSTINO26/06/10
30/06/2010,SABIP Research,SABIP,Harris Manchester College,SAH/11/10-29
30/06/2010,Seminars and Conferences,Copyright and IP Enforcement Directorate,MWL Print Group Ltd,148165
30/06/2010,Subscription to Professional bodies,Business Support Directorate,Personal expenses name witheld,48203
30/06/2010,Subscription to Professional bodies,Business Support Directorate,Personal expenses name witheld,48214
30/06/2010,Subscription to Professional bodies,Business Support Directorate,Personal expenses name witheld,48201
30/06/2010,Subscription to Professional bodies,Business Support Directorate,Personal expenses name witheld,48202
30/06/2010,Subscription to Professional bodies,Business Support Directorate,Personal expenses name witheld,48204
30/06/2010,Subscription to Professional bodies,Business Support Directorate,Personal expenses name witheld,48208
30/06/2010,Training,International Policy Directorate,Personal expenses name witheld,48200
30/06/2010,Travel and subsistence Overseas,International Policy Directorate,Personal expenses name witheld,48213
30/06/2010,Travel and subsistence Overseas,Trade Marks Directorate,Personal expenses name witheld,48216
30/06/2010,Travel and subsistence Overseas,International Policy Directorate,Personal expenses name witheld,48190
30/06/2010,Travel and subsistence Overseas,Patents Directorate,Personal expenses name witheld,48186
30/06/2010,Travel and subsistence UK,International Policy Directorate,Personal expenses name witheld,48215
30/06/2010,Travel and subsistence UK,Patents Directorate,Personal expenses name witheld,48207
30/06/2010,Travel and subsistence UK,Business Support Directorate,Personal expenses name witheld,48209
30/06/2010,Travel and subsistence UK,Copyright and IP Enforcement Directorate,Leasedrive Velo Rental Management Ltd,RHI00408079
30/06/2010,Travel and subsistence UK,Copyright and IP Enforcement Directorate,Leasedrive Velo Rental Management Ltd,RHI00409418
30/06/2010,Travel and subsistence UK,Business Support Directorate,Personal expenses name witheld,48206
30/06/2010,Treasury Solicitors,Business Support Directorate,Treasury Solicitors,93442
30/06/2010,Treasury Solicitors,Finance Directorate,Treasury Solicitors,93442
30/06/2010,Van Delivery Service,Business Support Directorate,Days Rental,1260864
