address,ages,artists,date,doorTime,eventDescription,eventImage,moreInfo,phone,region,showTime,state,ticketPrice,title,venue,website,zip
5731 Kirby Dr,,Guitar Shorty,"Saturday, February 13, 2010",,,http://images.jambase.com/bands/GuitarShorty/default/artist150.jpg,http://www.jambase.com/shows/event.aspx?EventID=1098667,713-523-9999,Houston,,TX,,"Guitar Shorty on 2/13/2010 at Big Easy Social & Pleasure Club in Houston, TX",Big Easy Social & Pleasure Club,http://www.thebigeasyblues.com/,77005
4511 Bestor Drive,All Ages,On the Bus,"Saturday, December 5, 2009",6 pm,"The DC area's premier Grateful Dead band, On The Bus, opens for Cornmeal, progressive bluegrass from Chicago.  A benefit for Children's Learning Center.    advance tix: 301-366-3296 or marshotelbus@hotmail.com    cornmealinthekitchen.com  onthebusband.com",http://images.jambase.com/bands/OntheBus/default/artist150.jpg,http://www.jambase.com/shows/event.aspx?EventID=1111164,301-871-6600,Rockville,7 pm,MD,"$15 adv, $20 @ door","On the Bus on 12/5/2009 at Children's Learning Center in Rockville, MD",Children's Learning Center,http://www.clcmd.org,20853
4511 Bestor Dr,,Cornmeal,"Saturday, December 5, 2009",,,http://images.jambase.com/bands/Cornmeal/default/artist150.jpg,http://www.jambase.com/shows/event.aspx?EventID=1098688,(301) 871-6600?,Rockville,,MD,,"Cornmeal on 12/5/2009 at The Children's Learning Center in Rockville, MD",The Children's Learning Center,http://www.clcmd.org/home.html,20853
East Stree,,Disease Within,"Friday, December 11, 2009",,,,http://www.jambase.com/shows/event.aspx?EventID=1093031,,Frederick,,MD,,"Disease Within on 12/11/2009 at Krug's Place in Frederick, MD",Krug's Place,,21701
512 Pattenburg Road,,Only Living Boy,"Friday, December 4, 2009",,,http://images.jambase.com/bands/OnlyLivingBoy/default/artist150.jpg,http://www.jambase.com/shows/event.aspx?EventID=1108310,,Asbury,9:00PM,NJ,,"Only Living Boy on 12/4/2009 at Pattenburg House in Asbury, NJ",Pattenburg House,,8802
6525 Delmar Blvd.,,Javier Mendoza,"Saturday, January 16, 2010",,,,http://www.jambase.com/shows/event.aspx?EventID=1101320,,St. louis,,MO,,"Javier Mendoza on 1/16/2010 at Brandt's Cafe in St. louis, MO",Brandt's Cafe,http://www.brandtscafe.com,63130
7695 River Road Pike,,Karla Davis,"Wednesday, January 13, 2010",,,,http://www.jambase.com/shows/event.aspx?EventID=1097972,615 356-6314,Nashville,,TN,,"Karla Davis on 1/13/2010 at Norm's River Road House in Nashville, TN",Norm's River Road House,http://www.myspace.com/normsriverroadhouse,37209
13101 Eastpoint Park Blvd.,,Stemm,"Friday, December 4, 2009",,,,http://www.jambase.com/shows/event.aspx?EventID=1094223,(502) 253-1293,Louisville,8:00 PM,KY,,"Stemm on 12/4/2009 at Carriage House in Louisville, KY",Carriage House,http://carriagehouseps.org/,40223
401 W Main St,,Fist Of The North Star,"Saturday, December 5, 2009",,,,http://www.jambase.com/shows/event.aspx?EventID=1102869,,Lexington,,KY,,"Fist Of The North Star on 12/5/2009 at Lower 48 in Lexington, KY",Lower 48,http://www.myspace.com/lower48bar,40507
899 Manchester Street,18 & Up,"Pop Evil, Within Reason","Friday, December 11, 2009",8:00pm,"ZRock 103 Presents: ZRock’s Nutcracker Featuring Pop Evil with Within Reason    Billiards open only to ticketholders  Doors 8pm  Show 9pm  Tickets $8 in advance $10 day of show    Pop Evil    Pop Evil  With Lipstick On The Mirror (Universal Republic/Pazzo Music), the Grand Rapids quintet revs up rock n’ roll. Their first full-length album is just as loud and proud as the midwestern mecca where they hail from. Pop Evil push out a propulsive combination of epic guitar leads, massive sing-a-longs and bombastic beats on songs like “Breathe” and “100 in a 55.” When all is said and done, these five men provide the proverbial kick in the pants that hard rock needs these days.","http://images.jambase.com/bands/PopEvil/default/artist150.jpg, http://images.jambase.com/bands/WithinReason/default/artist150.jpg",http://www.jambase.com/shows/event.aspx?EventID=1107068,(859) 619-2134,Lexington,9:00pm,KY,8.00,"Pop Evil and Within Reason on 12/11/2009 at Buster's Billiards & Backroom in Lexington, KY",Buster's Billiards & Backroom,http://www.bustersbb.com/,40508
899 Manchester Street,,Seabird,"Sunday, December 13, 2009",,,http://images.jambase.com/bands/Seabird/default/artist150.jpg,http://www.jambase.com/shows/event.aspx?EventID=1096245,(859) 619-2134,Lexington,,KY,,"Seabird on 12/13/2009 at Buster's Billiards & Backroom in Lexington, KY",Buster's Billiards & Backroom,http://www.bustersbb.com/,40508
75 Oak St,,Roots Down Below,"Friday, December 11, 2009",,,,http://www.jambase.com/shows/event.aspx?EventID=1109950,(508) 430-7207,Harwich,,MA,,"Roots Down Below on 12/11/2009 at Harwich High School in Harwich, MA",Harwich High School,http://www.harwich.edu,2645
1635 Trap Road,All Ages,Schooner Fare,"Thursday, December 3, 2009",7:00 p.m.,This high-energy duo presents a “Down East” brand of critically praised pop songs and original maritime compositions.,,http://www.jambase.com/shows/event.aspx?EventID=1110162,703-255-1900,Vienna,8:00 p.m.,VA,$25,"Schooner Fare on 12/3/2009 at The Barns at Wolf Trap in Vienna, VA",The Barns at Wolf Trap,http://www.wolftrap.org/,22182
1635 Trap Road,All Ages,Schooner Fare,"Friday, December 4, 2009",7:00 p.m.,This high-energy duo presents a “Down East” brand of critically praised pop songs and original maritime compositions.,,http://www.jambase.com/shows/event.aspx?EventID=1110163,703-255-1900,Vienna,8:00 p.m.,VA,$25,"Schooner Fare on 12/4/2009 at The Barns at Wolf Trap in Vienna, VA",The Barns at Wolf Trap,http://www.wolftrap.org/,22182
1031 Edgecomb Ave,,Owl City,"Tuesday, December 8, 2009",,,http://images.jambase.com/bands/OwlCity/default/artist150.jpg,http://www.jambase.com/shows/event.aspx?EventID=1099698,,York,,PA,,"Owl City on 12/8/2009 at Pullo Center in York, PA",Pullo Center,http://www.pullocenter.psu.edu/,17403
648 Frederick Street,21 & Up,The Big Scare,"Friday, December 11, 2009",,,http://images.jambase.com/bands/TheBigScare/default/artist150.jpg,http://www.jambase.com/shows/event.aspx?EventID=1103531,717-633-6226,Hanover,9:30,PA,,"The Big Scare on 12/11/2009 at The Colessium in Hanover, PA",The Colessium,http://www.buonafortunaristorante.com,17331
philadelphia st,21 & Up,Phipps & Phriends,"Friday, December 11, 2009",,"full band , bring your phriends!",http://images.jambase.com/bands/PhippsandPhriends/default/artist150.jpg,http://www.jambase.com/shows/event.aspx?EventID=1108325,,york,9pm,PA,,"Phipps & Phriends on 12/11/2009 at white rose bar & grille  in york, PA",white rose bar & grille,,17315
46240 Potomac Run Plaza,All Ages,Reverend Hookems,"Saturday, December 19, 2009",,,,http://www.jambase.com/shows/event.aspx?EventID=1106283,703-421-0404,Potomac Falls,8:00PM,VA,,"Reverend Hookems on 12/19/2009 at Hooked in Potomac Falls, VA",Hooked,http://www.hookedonseafood.com/,20164
7136 Bera Casa Way,21 & Up,"Mike Maytin, The Grass is Dead","Wednesday, December 2, 2009",5:00pm,"MIKE MAYTIN ACOUSTIC & THE GRASS IS DEAD.  AWESOME VENUE WITH LOTS OF COUCHES & FREE HOOKAH!  COME FEEL THE VIBES AT THIS SPECIAL SHOW!!  ""DON'T TELL THIS TOWN AIN'T GOT NO HEART""...  ++go to JAMBASE.COM for more info.++",,http://www.jambase.com/shows/event.aspx?EventID=1108194,561-367-1133,Boca Raton,6:15pm,FL,FREE,"Mike Maytin and The Grass is Dead on 12/2/2009 at Boca Muse in Boca Raton, FL",Boca Muse,,33433
300 2nd Street,21 & Up,Nathan Holley,"Wednesday, December 2, 2009",,,,http://www.jambase.com/shows/event.aspx?EventID=1110983,904) 241-4668,Jacksonville Beach,10:30pm,FL,No Cover,"Nathan Holley on 12/2/2009 at The Brix in Jacksonville Beach, FL",The Brix,http://www.myspace.com/brix_taphouse,32266
11401 N. 56th Street,18 & Up,Colt Clark,"Wednesday, December 2, 2009",8PM,"Not only can he play any song ever written, he can play Disney songs, Nickelodeon songs, shit, he can even play Fresh Prince of Bel-Air, and he’s a damn good musician who’s funny as hell.",,http://www.jambase.com/shows/event.aspx?EventID=1103545,813-569-7701,Tampa,10PM,FL,"$12 at the door (includes unlimited hookahs), or $5 if not smoking.","Colt Clark on 12/2/2009 at Meridian Hookah Lounge (Tampa) in Tampa, FL",Meridian Hookah Lounge (Tampa),http://www.meridianhookah.com,33617
20537 Old Cutler Rd,,EGO,"Friday, December 4, 2009",,,,http://www.jambase.com/shows/event.aspx?EventID=1104815,786-242-7774,Cutler Bay,9:00PM,FL,FREE,"EGO on 12/4/2009 at Rumors in Cutler Bay, FL",Rumors,,33189
701 Carmalita St,All Ages,"DecembeRadio, Sarah Reeves, Philmont","Friday, December 4, 2009",,,"http://images.jambase.com/bands/SarahReeves/default/artist150.jpg, http://images.jambase.com/bands/DecembeRadio/default/artist150.jpg",http://www.jambase.com/shows/event.aspx?EventID=1074926,,Punta Gorda,,FL,,"DecembeRadio, Sarah Reeves and more  on 12/4/2009 at Center for Performing Arts and Education in Punta Gorda, FL",Center for Performing Arts and Education,,33950
709 N Tamiami Trl,,Gandalf Murphy & The Slambovian Circus of Dreams,"Friday, December 4, 2009",,,http://images.jambase.com/bands/GandalfMurphy/default/artist150.jpg,http://www.jambase.com/shows/event.aspx?EventID=1098861,(941) 953-4252,Sarasota,8:30 P.M.,FL,$20,"Gandalf Murphy & The Slambovian Circus of Dreams on 12/4/2009 at Holley Hall  in Sarasota, FL",Holley Hall,http://www.sarasotaorchestra.org/,34236
227 W. Dougherty Street,21 & Up,"Toubab Krewe, KalimbaMan Kevin Spears","Thursday, December 3, 2009",8:00pm,,http://images.jambase.com/bands/ToubabKrewe/default/artist150.jpg,http://www.jambase.com/shows/event.aspx?EventID=1094973,(706) 543-8283,Athens,8:00pm,GA,$10 adv / $12 dos,"Toubab Krewe and KalimbaMan Kevin Spears on 12/3/2009 at New Earth Music Hall in Athens, GA",New Earth Music Hall,http://newearthmusichall.com/,30601
3578 Fowler Street,,"We Are The In Crowd, Select Start, Action Item","Sunday, December 6, 2009",,,http://images.jambase.com/bands/SelectStart/default/artist150.jpg,http://www.jambase.com/shows/event.aspx?EventID=1101939,,Ft. Myers,,FL,,"We Are The In Crowd, Select Start and more  on 12/6/2009 at Ethos in Ft. Myers, FL",Ethos,http://www.myspace.com/ethosclub,33901
300 2nd Street,21 & Up,Charlie Walker,"Sunday, December 6, 2009",,,,http://www.jambase.com/shows/event.aspx?EventID=1111098,904) 241-4668,Jacksonville Beach,10:30pm,FL,No Cover,"Charlie Walker on 12/6/2009 at The Brix in Jacksonville Beach, FL",The Brix,http://www.myspace.com/brix_taphouse,32266
10000 SW 56th St,,Albert Castiglia,"Sunday, December 6, 2009",,,http://images.jambase.com/bands/AlbertCastiglia/default/artist150.jpg,http://www.jambase.com/shows/event.aspx?EventID=1098173,,Miami,,FL,,"Albert Castiglia on 12/6/2009 at The Fish House  in Miami, FL",The Fish House,http://www.thefishhouse.com,33173
227 W. Dougherty Street,,"Gramatik, The Glitch Mob","Saturday, December 5, 2009",,,http://images.jambase.com/bands/TheGlitchMob/default/artist150.jpg,http://www.jambase.com/shows/event.aspx?EventID=1091421,(706) 543-8283,Athens,,GA,,"Gramatik and The Glitch Mob on 12/5/2009 at New Earth Music Hall in Athens, GA",New Earth Music Hall,http://newearthmusichall.com/,30601
7136 Bera Casa Way,,"Mike Maytin, The Grass is Dead","Wednesday, December 9, 2009",5:00pm,"?MIKE MAYTIN ACOUSTIC?  & THE GRASS IS DEAD. AN AWESOME VENUE WITH LOTS OF COUCHES & FREE HOOKAH!  COME FEEL THE VIBES AT THIS SPECIAL SHOW. ""DON'T TELL THIS TOWN AIN'T GOT NO HEART""...  =FULL BAR & FULL KITCHEN!!",,http://www.jambase.com/shows/event.aspx?EventID=1109041,561-367-1133,Boca Raton,6:15pm,FL,FREE,"Mike Maytin and The Grass is Dead on 12/9/2009 at Boca Muse in Boca Raton, FL",Boca Muse,,33433
300 2nd Street,21 & Up,Nathan Holley,"Wednesday, December 9, 2009",,,,http://www.jambase.com/shows/event.aspx?EventID=1110984,904) 241-4668,Jacksonville Beach,10:30pm,FL,No Cover,"Nathan Holley on 12/9/2009 at The Brix in Jacksonville Beach, FL",The Brix,http://www.myspace.com/brix_taphouse,32266
900 Front Ave.,21 & Up,Stephanie's Id,"Saturday, December 5, 2009",9pm,,http://images.jambase.com/bands/StephaniesId/default/artist150.jpg,http://www.jambase.com/shows/event.aspx?EventID=1104374,,Columbus,10pm,GA,$5,"Stephanie's Id on 12/5/2009 at Eighty-Five in Columbus, GA",Eighty-Five,http://www.myspace.com/eighty-five,31901
227 W. Dougherty Street,,"EOTO, Bluetech","Wednesday, December 9, 2009",,,"http://images.jambase.com/bands/Bluetech/default/artist150.jpg, http://images.jambase.com/bands/EOTO/default/artist150.jpg",http://www.jambase.com/shows/event.aspx?EventID=1100059,(706) 543-8283,Athens,,GA,,"EOTO and Bluetech on 12/9/2009 at New Earth Music Hall in Athens, GA",New Earth Music Hall,http://newearthmusichall.com/,30601
3578 Fowler Street,,Set It Off,"Friday, December 11, 2009",,,,http://www.jambase.com/shows/event.aspx?EventID=1101940,,Ft. Myers,,FL,,"Set It Off on 12/11/2009 at Ethos in Ft. Myers, FL",Ethos,http://www.myspace.com/ethosclub,33901
227 W. Dougherty Street,,Soul Stash,"Friday, December 11, 2009",,,,http://www.jambase.com/shows/event.aspx?EventID=1104682,(706) 543-8283,Athens,,GA,,"Soul Stash on 12/11/2009 at New Earth Music Hall in Athens, GA",New Earth Music Hall,http://newearthmusichall.com/,30601
13135 S.W. 89th Place,21 & Up,EGO,"Friday, December 11, 2009",,"In honor of the upcoming holidays,  EGO and LITTLE HOOLIES has organized a food drive. This food drive is for one night only that will occur in conjunction with the EGO' December 11th gig at LITTLE HOOLIES.  EGO and LITTLE HOOLIES, will collect your unopened canned goods and non-perishable food item donations.  In these hard times and with the recent state of the economy, it is important to count your blessings and remember to share a few of them with those who may be less fortunate.",,http://www.jambase.com/shows/event.aspx?EventID=1104821,305-252-9155,Miami,9:00PM,FL,FREE,"EGO on 12/11/2009 at Little Hoolie's in Miami, FL",Little Hoolie's,http://littlehoolies.com,33176
227 W. Dougherty Street,,"3 Foot Swagger, Eddie & the Public Speakers","Saturday, December 12, 2009",,,http://images.jambase.com/bands/3FootSwagger/default/artist150.jpg,http://www.jambase.com/shows/event.aspx?EventID=1097178,(706) 543-8283,Athens,,GA,,"3 Foot Swagger and Eddie & the Public Speakers on 12/12/2009 at New Earth Music Hall in Athens, GA",New Earth Music Hall,http://newearthmusichall.com/,30601
227 W. Dougherty Street,,"Rusko, Uprise","Thursday, December 17, 2009",,,http://images.jambase.com/bands/Uprise/default/artist150.jpg,http://www.jambase.com/shows/event.aspx?EventID=1059987,(706) 543-8283,Athens,,GA,,"Rusko and Uprise on 12/17/2009 at New Earth Music Hall in Athens, GA",New Earth Music Hall,http://newearthmusichall.com/,30601
300 2nd Street,21 & Up,Charlie Walker,"Sunday, December 13, 2009",,,,http://www.jambase.com/shows/event.aspx?EventID=1111099,904) 241-4668,Jacksonville Beach,10:30pm,FL,No Cover,"Charlie Walker on 12/13/2009 at The Brix in Jacksonville Beach, FL",The Brix,http://www.myspace.com/brix_taphouse,32266
107900 Overseas Hwy,,EGO,"Saturday, December 19, 2009",,,,http://www.jambase.com/shows/event.aspx?EventID=1104827,(305) 451-1133,Key Largo,7:00PM,FL,FREE,"EGO on 12/19/2009 at Gilbert's Bar  in Key Largo, FL",Gilbert's Bar,,33037
300 2nd Street,21 & Up,Charlie Walker,"Sunday, December 20, 2009",,,,http://www.jambase.com/shows/event.aspx?EventID=1111100,904) 241-4668,Jacksonville Beach,10:30pm,FL,No Cover,"Charlie Walker on 12/20/2009 at The Brix in Jacksonville Beach, FL",The Brix,http://www.myspace.com/brix_taphouse,32266
300 2nd Street,21 & Up,Charlie Walker,"Sunday, December 27, 2009",,,,http://www.jambase.com/shows/event.aspx?EventID=1111101,904) 241-4668,Jacksonville Beach,10:30pm,FL,No Cover,"Charlie Walker on 12/27/2009 at The Brix in Jacksonville Beach, FL",The Brix,http://www.myspace.com/brix_taphouse,32266
8658 South Broadway,,The Schwag,"Tuesday, December 1, 2009",,,http://images.jambase.com/bands/TheSchwag/default/artist150.jpg,http://www.jambase.com/shows/event.aspx?EventID=1094568,314-631-6060,Saint Louis,,MO,,"The Schwag on 12/1/2009 at Tequila Wyld in Saint Louis, MO",Tequila Wyld,,63111
5710 High Point Rd,,Patrick Rock Band,"Thursday, December 3, 2009",,,,http://www.jambase.com/shows/event.aspx?EventID=1093067,,Greensboro,,NC,,"Patrick Rock Band on 12/3/2009 at Poblano's in Greensboro, NC",Poblano's,http://poblanosmexicangrill.com/,27407
,,The Fox Hunt,"Thursday, December 3, 2009",,,http://images.jambase.com/bands/TheFoxHunt/default/artist150.jpg,http://www.jambase.com/shows/event.aspx?EventID=1106232,,West Asheville,8pm,NC,,"The Fox Hunt on 12/3/2009 at The Rocket Club in West Asheville, NC",The Rocket Club,,28806
8658 South Broadway,,The Schwag,"Tuesday, December 15, 2009",,,http://images.jambase.com/bands/TheSchwag/default/artist150.jpg,http://www.jambase.com/shows/event.aspx?EventID=1094569,314-631-6060,Saint Louis,,MO,,"The Schwag on 12/15/2009 at Tequila Wyld in Saint Louis, MO",Tequila Wyld,,63111
301 South 5th St.,,"Papa Roach, Shinedown","Wednesday, December 16, 2009",,,"http://images.jambase.com/bands/PapaRoach/default/artist150.jpg, http://images.jambase.com/bands/Shinedown/default/artist150.jpg",http://www.jambase.com/shows/event.aspx?EventID=1096948,,Popular Bluff,7:00 PM,MO,$28.50 - $30.00,"Papa Roach and Shinedown on 12/16/2009 at Black River Coliseum in Popular Bluff, MO",Black River Coliseum,http://www.blackrivercoliseum.com/,63901
117 Lemay Ferry Rd,,Hereafterthis,"Friday, December 18, 2009",,,,http://www.jambase.com/shows/event.aspx?EventID=1106449,(314)599-3703,St. Louis,,MO,,"Hereafterthis on 12/18/2009 at Club Ur in St. Louis, MO",Club Ur,,63125
831 Old Fairview Rd.,,"Brittany Reilly, Almost Acoustic Band, Billy Gilmore, Billy Gilmore Acoustic Band","Saturday, December 19, 2009",,"Brittany Reilly Band & the Billy Gilmore Bluegrass Band at the Old Fairview Southern Kitchen (Formerly Razcal's Lounge). Special Holiday show, call for details. Classic Country, Bluegrass/Honky-Tonk Roots Music...","http://images.jambase.com/bands/AlmostAcousticBand/default/artist150.jpg, http://images.jambase.com/bands/BrittanyReilly/default/artist150.jpg, http://images.jambase.com/bands/BillyGilmoreAcousticBand/default/artist150.jpg, http://images.jambase.com/bands/BillyGilmore/default/artist150.jpg",http://www.jambase.com/shows/event.aspx?EventID=1102138,828-277-7117,Asheville,7:30 PM,NC,$5.00 Adm,"Brittany Reilly, Almost Acoustic Band and more  on 12/19/2009 at Old Fairview Southern Kitchen in Asheville, NC",Old Fairview Southern Kitchen,http://www.razcalslounge.com,28803
7695 River Road Pike,,Karla Davis,"Tuesday, December 1, 2009",,,,http://www.jambase.com/shows/event.aspx?EventID=1102903,615 356-6314,Nashville,,TN,,"Karla Davis on 12/1/2009 at Norm's River Road House in Nashville, TN",Norm's River Road House,http://www.myspace.com/normsriverroadhouse,37209
2010 Scarritt Pl,,Daniel Lawrence Walker,"Wednesday, December 2, 2009",,,http://images.jambase.com/bands/DanielLawrenceWalker/default/artist150.jpg,http://www.jambase.com/shows/event.aspx?EventID=1106427,,Nashville,,TN,,"Daniel Lawrence Walker on 12/2/2009 at Music Row Bar & Grill in Nashville, TN",Music Row Bar & Grill,,37203
312 9th Avenue South,,6blocc,"Saturday, December 12, 2009",,,,http://www.jambase.com/shows/event.aspx?EventID=1100852,615.300.0662,Nashville,,TN,,"6blocc on 12/12/2009 at Avenue 9 in Nashville, TN",Avenue 9,http://avenue9nashville.com/,37203
1313 Woodland St,,The Bittersweets,"Sunday, December 13, 2009",,,,http://www.jambase.com/shows/event.aspx?EventID=1105675,(615) 226-1617,Nashville,,TN,,"The Bittersweets on 12/13/2009 at Mad Donna's in Nashville, TN",Mad Donna's,http://www.maddonnasnashville.com/,37206
7695 River Road Pike,,Karla Davis,"Tuesday, December 15, 2009",,,,http://www.jambase.com/shows/event.aspx?EventID=1097970,615 356-6314,Nashville,,TN,,"Karla Davis on 12/15/2009 at Norm's River Road House in Nashville, TN",Norm's River Road House,http://www.myspace.com/normsriverroadhouse,37209
1204 Murfreesboro Pike,18 & Up,The Superficials,"Wednesday, December 16, 2009",8:00 pm,"Wednesday's ROCK @ The Original Silverado's of Nashville.  Wednesday is College Night & Ladies Night!  18 & up!!!  Live Local ROCK and great drink specials!   $5 bottomless beer mug wristband!  Spinning before, between, and after the bands: DJ Neuro!!  Doors open at 7! Bands begin at 9pm central!  Presented by ScottMAN Productions.  Streaming live online via NashvilleRevolutionRadio.com",http://images.jambase.com/bands/TheSuperficials/default/artist150.jpg,http://www.jambase.com/shows/event.aspx?EventID=1102771,,Nashville,,TN,,"The Superficials on 12/16/2009 at The Original Silverado's in Nashville, TN",The Original Silverado's,http://www.nashvillesilverado.com/INDEX2.swf,37217
"2422 RR 620 South, Suite A100",,Bo Porter,"Tuesday, December 8, 2009",,,http://images.jambase.com/bands/BoPorter/default/artist150.jpg,http://www.jambase.com/shows/event.aspx?EventID=1104860,(512) 373-8515,Lakeway,,TX,,"Bo Porter on 12/8/2009 at Spicy Parrott in Lakeway, TX",Spicy Parrott,http://www.spicyparrott.com/,78738
,21 & Up,Rehabitat,"Friday, December 4, 2009",8:00 PM,SWHEET PIZZAS!,http://images.jambase.com/bands/Rehabitat/default/artist150.jpg,http://www.jambase.com/shows/event.aspx?EventID=1094382,,Litchfield,10 PM,CT,$5.00,"Rehabitat on 12/4/2009 at Bohemian Pizza and Dittos in Litchfield, CT",Bohemian Pizza and Dittos,,6750
51 Whitfield St.,21 & Up,Tim Palmieri,"Saturday, December 5, 2009",,,http://images.jambase.com/bands/TimPalmieri/default/artist150.jpg,http://www.jambase.com/shows/event.aspx?EventID=1099956,203.453.0319,Guilford,7 pm,CT,Free,"Tim Palmieri on 12/5/2009 at Ballou's Wine Bar in Guilford, CT",Ballou's Wine Bar,http://ballouswinebar.com/,6437
1919 Hemphill St,,Kimya Dawson,"Thursday, December 10, 2009",,,http://images.jambase.com/bands/KimyaDawson/default/artist150.jpg,http://www.jambase.com/shows/event.aspx?EventID=1110106,817.966.0669,Forth Worth,,TX,,"Kimya Dawson on 12/10/2009 at 1919 Hemphill in Forth Worth, TX",1919 Hemphill,http://www.1919hemphill.org/,76110
47 S 2nd Ave,21 & Up,Otherwise,"Saturday, December 12, 2009",8 pm,Cover includes keg beer,http://images.jambase.com/bands/Otherwise/default/artist150.jpg,http://www.jambase.com/shows/event.aspx?EventID=1111069,,Taftville,10 pm,CT,20.00,"Otherwise on 12/12/2009 at Taftville Knights of Columbus in Taftville, CT",Taftville Knights of Columbus,,6380
Mohegan Sun Casino,,Chris Young,"Sunday, December 13, 2009",,,http://images.jambase.com/bands/ChrisYoung/default/artist150.jpg,http://www.jambase.com/shows/event.aspx?EventID=1099678,,Uncasville,,CT,,"Chris Young  on 12/13/2009 at Wolf Den in Uncasville, CT",Wolf Den,http://www.mohegansun.com/entertainment/wolfden.html,6382
Mohegan Sun Casino,,Big Bad Voodoo Daddy,"Friday, December 18, 2009",,,http://images.jambase.com/bands/BigBadVoodooDaddy/default/artist150.jpg,http://www.jambase.com/shows/event.aspx?EventID=1107811,,Uncasville,,CT,,"Big Bad Voodoo Daddy on 12/18/2009 at Wolf Den in Uncasville, CT",Wolf Den,http://www.mohegansun.com/entertainment/wolfden.html,6382
,,JSwine,"Saturday, December 19, 2009",,Now with 20% more Jammin'!,http://images.jambase.com/bands/JSwine/default/artist150.jpg,http://www.jambase.com/shows/event.aspx?EventID=1103525,,Litchfield,,CT,,"JSwine on 12/19/2009 at Bohemian Pizza and Dittos in Litchfield, CT",Bohemian Pizza and Dittos,,6750
1455 Naugatuck Ave,,David Phelps,"Sunday, December 20, 2009",,,,http://www.jambase.com/shows/event.aspx?EventID=1102173,(203) 877-5464,Milford,,CT,,"David Phelps on 12/20/2009 at Kingdom Life Christian Church in Milford, CT",Kingdom Life Christian Church,http://www.kingdomlifecc.org,6461
12710 Telge Rd.,,Josh Ward Band,"Saturday, December 19, 2009",,,,http://www.jambase.com/shows/event.aspx?EventID=1107164,281-304-7766,Cypress,,TX,,"Josh Ward Band on 12/19/2009 at Cypress Saloon in Cypress, TX",Cypress Saloon,http://www.cypresssaloon.com,77429
240 South Meridian St,,The Hood Internet,"Thursday, December 3, 2009",,,,http://www.jambase.com/shows/event.aspx?EventID=1098573,317-955-8585,Indianapolis,,IN,,"The Hood Internet on 12/3/2009 at Blu in Indianapolis, IN",Blu,http://www.bluindy.com/,46225
6430 S Franklin Rd,,Matthew West,"Friday, December 4, 2009",,,http://images.jambase.com/bands/MatthewWest/default/artist150.jpg,http://www.jambase.com/shows/event.aspx?EventID=1099775,(317) 862-6430,Indianapolis,,IN,,"Matthew West on 12/4/2009 at Indian Creek Church in Indianapolis, IN",Indian Creek Church,http://www.thecreek.org,46259
2236 E. 10th Street,,iLL Holiday,"Saturday, December 5, 2009",12pm,"iLL has been invited as a special guest judge for this Teen Extravaganza! Come out and enjoy young preformers, workshops, & giveaways by Cool Groove Radio all to the tune of raising awareness of AIDS Prevention and Intervention.",,http://www.jambase.com/shows/event.aspx?EventID=1109871,,Indianapolis,4pm,IN,$3,"iLL Holiday on 12/5/2009 at John H. Boner Center in Indianapolis, IN",John H. Boner Center,,46201
240 South Meridian St,,DJ Mark Farina,"Thursday, December 10, 2009",,,http://images.jambase.com/bands/DJMarkFarina/default/artist150.jpg,http://www.jambase.com/shows/event.aspx?EventID=1110025,317-955-8585,Indianapolis,,IN,,"DJ Mark Farina on 12/10/2009 at Blu in Indianapolis, IN",Blu,http://www.bluindy.com/,46225
4800 W. Smith Valley Rd.,,Dean Phelps,"Saturday, December 12, 2009",,,,http://www.jambase.com/shows/event.aspx?EventID=1099083,(317 881-5282,Greenwood,,IN,,"Dean Phelps on 12/12/2009 at Strange Brew in Greenwood, IN",Strange Brew,,46142
8600 N College Ave,,Broken Benefit,"Saturday, December 12, 2009",,,,http://www.jambase.com/shows/event.aspx?EventID=1111689,(317) 846-5821,Indianapolis,,IN,,"Broken Benefit on 12/12/2009 at First Baptist Church of Indianapolis in Indianapolis, IN",First Baptist Church of Indianapolis,http://www.fbcindy.org,46240
6218 M63 N.,,Skully's Blues Trio,"Saturday, December 5, 2009",,real Blues,,http://www.jambase.com/shows/event.aspx?EventID=1103871,269 849 3355,Coloma,9:30 P.M.,MI,,"Skully's Blues Trio on 12/5/2009 at hager bar and grill in Coloma, MI",hager bar and grill,,49038
49555 N Territorial Rd,,Josh Collesano,"Saturday, December 5, 2009",,,,http://www.jambase.com/shows/event.aspx?EventID=1094476,(734) 414-7777,Plymouth,,MI,,"Josh Collesano on 12/5/2009 at Northridge Church in Plymouth, MI",Northridge Church,http://www.northridgechurch.com,48170
,,"One Fast Move..., The Boys n' The Barrels","Saturday, December 5, 2009",,,http://images.jambase.com/bands/TheBoysnTheBarrels/default/artist150.jpg,http://www.jambase.com/shows/event.aspx?EventID=1100012,,St. Peter,9pm,MN,,"One Fast Move... and The Boys n' The Barrels on 12/5/2009 at Patrick's in St. Peter, MN",Patrick's,,56082
49555 N Territorial Rd,,Josh Collesano,"Sunday, December 6, 2009",,,,http://www.jambase.com/shows/event.aspx?EventID=1094477,(734) 414-7777,Plymouth,,MI,,"Josh Collesano on 12/6/2009 at Northridge Church in Plymouth, MI",Northridge Church,http://www.northridgechurch.com,48170
,,"3OH!3, Jay Sean, Jordin Sparks , Justin Bieber, Owl City, Boys Like Girls , Colbie Caillat, Pitbull","Sunday, December 6, 2009",,,"http://images.jambase.com/bands/3OH!3/default/artist150.jpg, http://images.jambase.com/bands/ColbieCaillat/default/artist150.jpg, http://images.jambase.com/bands/BoysLikeGirls/default/artist150.jpg, http://images.jambase.com/bands/OwlCity/default/artist150.jpg, http://images.jambase.com/bands/JordinSparks/default/artist150.jpg",http://www.jambase.com/shows/event.aspx?EventID=1089597,,Saint Paul,7:00 PM,MN,,"3OH!3, Jay Sean and more  on 12/6/2009 at Xcel Energy Center in Saint Paul, MN",Xcel Energy Center,http://www.xcelenergycenter.com/,55101
61 E 9th St.,All Ages,Small Houses,"Friday, December 11, 2009",7:00,"w/ Strings and Things, and Dan Vallencourt",http://images.jambase.com/bands/SmallHouses/default/artist150.jpg,http://www.jambase.com/shows/event.aspx?EventID=1099702,,"Holland, MI",8:00,MI,3$,"Small Houses on 12/11/2009 at LemonJello's in Holland, MI, MI",LemonJello's,,49423
,,Seabird,"Friday, December 11, 2009",,,http://images.jambase.com/bands/Seabird/default/artist150.jpg,http://www.jambase.com/shows/event.aspx?EventID=1096002,,Orion,,MI,,"Seabird on 12/11/2009 at The District in Orion, MI",The District,http://thedistrictvenue.com/,48360
49555 N Territorial Rd,,Josh Collesano,"Saturday, December 12, 2009",,,,http://www.jambase.com/shows/event.aspx?EventID=1098388,(734) 414-7777,Plymouth,,MI,,"Josh Collesano on 12/12/2009 at Northridge Church in Plymouth, MI",Northridge Church,http://www.northridgechurch.com,48170
49555 N Territorial Rd,,Josh Collesano,"Sunday, December 13, 2009",,,,http://www.jambase.com/shows/event.aspx?EventID=1098389,(734) 414-7777,Plymouth,,MI,,"Josh Collesano on 12/13/2009 at Northridge Church in Plymouth, MI",Northridge Church,http://www.northridgechurch.com,48170
3100 E. West Maple Road,,Robin Horlock,"Wednesday, December 16, 2009",,,http://images.jambase.com/bands/RobinHorlock/default/artist150.jpg,http://www.jambase.com/shows/event.aspx?EventID=1093936,248.960.3344,Commerce Township,,MI,,"Robin Horlock on 12/16/2009 at Uptown Grille (Stage 30) in Commerce Township, MI",Uptown Grille (Stage 30),http://www.uptowngrille.com/home.php,48390
93 N6th Street (Between Berry and Wythe),,Kylie Edmond,"Tuesday, December 1, 2009",,,,http://www.jambase.com/shows/event.aspx?EventID=1104622,,Brooklyn,,NY,,"Kylie Edmond on 12/1/2009 at Cameo in Brooklyn, NY",Cameo,,11211
61 Wythe Avenue,,The Everyone Orchestra,"Wednesday, December 2, 2009",6:00pm,"Two nights Post-Phish at the Brooklyn Bowl::12/2 & 3  We are so excited to mix it up with east coast players for a two night run at the hippest new venue in New York, Brooklyn Bowl.  The shows will take place post Phish at Madison Square Garden, and have two great lineups.  All this for the amazing ticket price of $10!  Check it out!    December 2 at 11:55pm featuring:  Vinnie Amico (moe.) - Drums  Eric Deutsch (Charlie Hunter, Norah Jones) - Keys  Peter Apfebaum (Trey Anastasio Band) - Sax  Josh Roseman - Trombone  Jen Hartswick (Trey Anastasio Band) - Vocals, Trumpet  Will Bernard  -  Guitar  Marc Friedman (The Slip) - Bass",http://images.jambase.com/bands/TheEveryoneOrchestra/default/artist150.jpg,http://www.jambase.com/shows/event.aspx?EventID=1094173,(718) 963-3369,Brooklyn,11:55pm,NY,10,"The Everyone Orchestra on 12/2/2009 at Brooklyn Bowl in Brooklyn, NY",Brooklyn Bowl,http://www.brooklynbowl.com,11211
61 Wythe Avenue,,"The Everyone Orchestra, Kinetix","Thursday, December 3, 2009",,"December 3 at 11:55pm featuring:    Vinnie Amico (moe.) - Drums    Steve Molitz  (Phil and Friends, Particle) - Keys    Peter Apfebaum (Trey Anastasio Band) - Sax    Josh Roseman - Trombone    Jen Hartswick (Trey Anastasio Band) - Vocals, Trumpet    Marc Friedman (The Slip) - Bass    Scott Metzger (Bustle in your Hedgerow, Rana) -  Guitar","http://images.jambase.com/bands/TheEveryoneOrchestra/default/artist150.jpg, http://images.jambase.com/bands/KinetiX/default/artist150.jpg",http://www.jambase.com/shows/event.aspx?EventID=1094295,(718) 963-3369,Brooklyn,11:55pm,NY,,"The Everyone Orchestra and Kinetix on 12/3/2009 at Brooklyn Bowl in Brooklyn, NY",Brooklyn Bowl,http://www.brooklynbowl.com,11211
361 Metropolitan Ave,,Antibalas,"Thursday, December 3, 2009",,,http://images.jambase.com/bands/Antibalas/default/artist150.jpg,http://www.jambase.com/shows/event.aspx?EventID=1104190,,Brooklyn,,NY,,"Antibalas  on 12/3/2009 at Knitting Factory in Brooklyn, NY",Knitting Factory,http://ny.knittingfactory.com/,11211
93 N6th Street (Between Berry and Wythe),,Finding Fiction,"Saturday, December 5, 2009",,,,http://www.jambase.com/shows/event.aspx?EventID=1100064,,Brooklyn,,NY,,"Finding Fiction on 12/5/2009 at Cameo in Brooklyn, NY",Cameo,,11211
198 College Hill Road,,What Made Milwaukee Famous,"Saturday, December 5, 2009",,,http://images.jambase.com/bands/WhatMadeMilwaukeefamous/default/artist150.jpg,http://www.jambase.com/shows/event.aspx?EventID=1103052,,Clinton,,NY,,"What Made Milwaukee Famous on 12/5/2009 at Tolles Pavilion  in Clinton, NY",Tolles Pavilion,,13323
61 Wythe Avenue,,"Ben Hassenger, Emily Zuzik","Sunday, December 6, 2009",,,,http://www.jambase.com/shows/event.aspx?EventID=1104115,(718) 963-3369,Brooklyn,,NY,,"Ben Hassenger and Emily Zuzik on 12/6/2009 at Brooklyn Bowl in Brooklyn, NY",Brooklyn Bowl,http://www.brooklynbowl.com,11211
93 N6th Street (Between Berry and Wythe),,Coyote Eyes,"Monday, December 7, 2009",,,,http://www.jambase.com/shows/event.aspx?EventID=1105410,,Brooklyn,,NY,,"Coyote Eyes on 12/7/2009 at Cameo in Brooklyn, NY",Cameo,,11211
1000 Snow Valley Road,All Ages,UltraViolet Hippopotamus,"Saturday, December 19, 2009",,,http://images.jambase.com/bands/UltraVioletHippopotamus/default/artist150.jpg,http://www.jambase.com/shows/event.aspx?EventID=1097441,937-599-1015,Zanesfield,8:30-11pm,OH,FREE,"UltraViolet Hippopotamus on 12/19/2009 at Mad River Mountain Loft in Zanesfield, OH",Mad River Mountain Loft,http://www.skimadriver.com,43360
361 Metropolitan Ave,,The Prigs,"Tuesday, December 8, 2009",,,,http://www.jambase.com/shows/event.aspx?EventID=1111310,,Brooklyn,,NY,,"The Prigs on 12/8/2009 at Knitting Factory in Brooklyn, NY",Knitting Factory,http://ny.knittingfactory.com/,11211
361 Metropolitan Ave,,Antibalas,"Thursday, December 10, 2009",,,http://images.jambase.com/bands/Antibalas/default/artist150.jpg,http://www.jambase.com/shows/event.aspx?EventID=1104191,,Brooklyn,,NY,,"Antibalas  on 12/10/2009 at Knitting Factory in Brooklyn, NY",Knitting Factory,http://ny.knittingfactory.com/,11211
295 E Main St,,Ten Feet Deep,"Thursday, December 10, 2009",,,,http://www.jambase.com/shows/event.aspx?EventID=1107378,(914) 864-1661,Mt. Kisco,,NY,,"Ten Feet Deep on 12/10/2009 at French American Bistro in Mt. Kisco, NY",French American Bistro,http://www.fabbistro.com,10549
405 Mendon Road,All Ages,Funkatronic,"Saturday, December 12, 2009",,Solo jazz guitar with Paul.,http://images.jambase.com/bands/Funkatronic/default/artist150.jpg,http://www.jambase.com/shows/event.aspx?EventID=1108208,401 722 4170,Cumberland,6:30pm,RI,no cover,"Funkatronic on 12/12/2009 at Cantina Di Marco in Cumberland, RI",Cantina Di Marco,,2864
737 Merrick Avenue,,Flo Rida,"Thursday, December 10, 2009",,,http://images.jambase.com/bands/FloRida/default/artist150.jpg,http://www.jambase.com/shows/event.aspx?EventID=1097130,516-794-8022,Westbury,,NY,,"Flo Rida on 12/10/2009 at Glo in Westbury, NY",Glo,http://www.glonightclubli.com/,11590
61 Wythe Avenue,21 & Up,Dr. Dog,"Friday, December 11, 2009",6:00 PM,Support TBD,http://images.jambase.com/bands/DrDog/default/artist150.jpg,http://www.jambase.com/shows/event.aspx?EventID=1097340,(718) 963-3369,Brooklyn,9:00 PM,NY,$20.00,"Dr. Dog on 12/11/2009 at Brooklyn Bowl in Brooklyn, NY",Brooklyn Bowl,http://www.brooklynbowl.com,11211
361 Metropolitan Ave,,Saturn Never Sleeps,"Friday, December 11, 2009",11pm,"Friday, December 11th  Saturn Never Sleeps - a new monthly at the Knitting Factory  w/ Ras G, Afta 1, Sarah White, Rico, Stef Eye, Rucyl, King Britt, Damon Bennett  :: Built By MeanRed    Saturn Never Sleeps is a special night of sonic innovation, curated by producer/dj King Britt and multimedia artist, Rucyl. Started in July 2009 in Philadelphia as part of an exhibit and dedication to the music of Sun RA, Saturn Never Sleeps has gone on to be a monthly boundary pushing 'creative process' in Philadelphia. We are now proud to present our concept here in NYC at The Knitting Factory.    Rucyl explains, ""The term Saturn Never Sleeps came from Sun Ra's love for interstellar universal concepts, and his special connection to the planet Saturn. The monthly event will feature ground-breaking artists, both below and above the radar, as we invite them to perform in an improvised setting which may be different from their usual performance setups as djs, visualists, singers or musicians. Future shows will feature Zap Mama, Anti-Pop Consortium, Imani IZuri, Mark de Clive-Lowe, Bora Yoon, Ursula Rucker, Josaj Thing and more. The event will feature our musical tastes ranging from soul, hip hop, jazz and modern electronic - a mash up to introduce audiences to the beauty of the process of creating live compositions with no rehearsals. We want to curate artists as living, breathing installations to be enjoyed and understood. Each month the ensemble will change, with King on live electronics and edits, and myself on vocal sampling and processing.    The site saturnneversleeps.com is morphing into a sub-label of fivesixmedia.com so we can release music that is experimental in nature, to create a new outlet for our more non-mainstream sounds, including podcasts and EPs from our extra creative acquaintances, just for the love of the sound electric.""    On December 11, 2009, Saturn Never Sleeps comes to Brooklyn. Local curator / underground music presenter MeanRed Productions, will join the Saturn Never Sleeps journey, and help bring th",,http://www.jambase.com/shows/event.aspx?EventID=1103658,,Brooklyn,,NY,$15 / $20,"Saturn Never Sleeps on 12/11/2009 at Knitting Factory in Brooklyn, NY",Knitting Factory,http://ny.knittingfactory.com/,11211
76 Rutledge Street,,THIS IS A SHAKEDOWN!,"Friday, December 11, 2009",8PM,,http://images.jambase.com/bands/ThisIsaShakedown/default/artist150.jpg,http://www.jambase.com/shows/event.aspx?EventID=1109694,,Brooklyn,,NY,,"THIS IS A SHAKEDOWN! on 12/11/2009 at New Sonic Loft  in Brooklyn , NY",New Sonic Loft,,11211
61 Wythe Avenue,,The Lights Out,"Saturday, December 12, 2009",,,,http://www.jambase.com/shows/event.aspx?EventID=1106554,(718) 963-3369,Brooklyn,,NY,,"The Lights Out on 12/12/2009 at Brooklyn Bowl in Brooklyn, NY",Brooklyn Bowl,http://www.brooklynbowl.com,11211
361 Metropolitan Ave,,"Keren Ann, Clare And The Reasons","Monday, December 14, 2009",,,http://images.jambase.com/bands/KerenAnn/default/artist150.jpg,http://www.jambase.com/shows/event.aspx?EventID=1087451,,Brooklyn,,NY,,"Keren Ann and Clare And The Reasons on 12/14/2009 at Knitting Factory in Brooklyn, NY",Knitting Factory,http://ny.knittingfactory.com/,11211
361 Metropolitan Ave,,The Prigs,"Tuesday, December 15, 2009",,,,http://www.jambase.com/shows/event.aspx?EventID=1111311,,Brooklyn,,NY,,"The Prigs on 12/15/2009 at Knitting Factory in Brooklyn, NY",Knitting Factory,http://ny.knittingfactory.com/,11211
835 Potts Ave,,Skindred,"Saturday, December 12, 2009",,,http://images.jambase.com/bands/Skindred/default/artist150.jpg,http://www.jambase.com/shows/event.aspx?EventID=1101520,,Green Bay,,WI,,"Skindred on 12/12/2009 at Tom, Dick & Harry's in Green Bay, WI","Tom, Dick & Harry's",,54304
61 Wythe Avenue,,"Tigercity, Neon Indian","Thursday, December 17, 2009",,,"http://images.jambase.com/bands/Tigercity/default/artist150.jpg, http://images.jambase.com/bands/NeonIndian/default/artist150.jpg",http://www.jambase.com/shows/event.aspx?EventID=1108065,(718) 963-3369,Brooklyn,,NY,,"Tigercity and Neon Indian on 12/17/2009 at Brooklyn Bowl in Brooklyn, NY",Brooklyn Bowl,http://www.brooklynbowl.com,11211
361 Metropolitan Ave,,Antibalas,"Thursday, December 17, 2009",,,http://images.jambase.com/bands/Antibalas/default/artist150.jpg,http://www.jambase.com/shows/event.aspx?EventID=1104193,,Brooklyn,,NY,,"Antibalas  on 12/17/2009 at Knitting Factory in Brooklyn, NY",Knitting Factory,http://ny.knittingfactory.com/,11211
20 Meadow St,,"Guignol, Mischief Brew","Thursday, December 17, 2009",,,,http://www.jambase.com/shows/event.aspx?EventID=1100565,,Brooklyn,,NY,,"Guignol and Mischief Brew on 12/17/2009 at Shea Stadium in Brooklyn, NY",Shea Stadium,http://www.liveatsheastadium.com/,11206
61 Wythe Avenue,,Phantogram,"Saturday, December 19, 2009",,,http://images.jambase.com/bands/CharlieEverywhere/default/artist150.jpg,http://www.jambase.com/shows/event.aspx?EventID=1107445,(718) 963-3369,Brooklyn,,NY,,"Phantogram on 12/19/2009 at Brooklyn Bowl in Brooklyn, NY",Brooklyn Bowl,http://www.brooklynbowl.com,11211
1331 Vendels Cir,,John Batdorf,"Wednesday, December 2, 2009",,,http://images.jambase.com/bands/JohnBatdorf/default/artist150.jpg,http://www.jambase.com/shows/event.aspx?EventID=1110311,(805) 239-2868,Paso Robles,,CA,,"John Batdorf  on 12/2/2009 at The Pour House in Paso Robles, CA",The Pour House,http://www.pasopourhouse.com,93446
61 Wythe Avenue,,The Pimps Of Joytime,"Thursday, December 31, 2009",,,http://images.jambase.com/bands/PimpsOfJoytime/default/artist150.jpg,http://www.jambase.com/shows/event.aspx?EventID=1108902,(718) 963-3369,Brooklyn,,NY,,"The Pimps Of Joytime on 12/31/2009 at Brooklyn Bowl in Brooklyn, NY",Brooklyn Bowl,http://www.brooklynbowl.com,11211
361 Metropolitan Ave,,Antibalas,"Thursday, December 31, 2009",,,http://images.jambase.com/bands/Antibalas/default/artist150.jpg,http://www.jambase.com/shows/event.aspx?EventID=1104194,,Brooklyn,,NY,,"Antibalas  on 12/31/2009 at Knitting Factory in Brooklyn, NY",Knitting Factory,http://ny.knittingfactory.com/,11211
366 N. La Cienega Blvd,,Jim White,"Thursday, December 3, 2009",,,http://images.jambase.com/bands/JimWhite/default/artist150.jpg,http://www.jambase.com/shows/event.aspx?EventID=1106187,(310)-657-7377,West Hollywood,,CA,,"Jim White on 12/3/2009 at Coronet Theatre in West Hollywood, CA",Coronet Theatre,,90048
3802 Cesar Chavez Ave.,,"Monte Carlo 76, Olmeca","Friday, December 4, 2009",,,,http://www.jambase.com/shows/event.aspx?EventID=1100131,323-881-6444,Los Angeles,,CA,,"Monte Carlo 76 and Olmeca on 12/4/2009 at Self Help Graphics in Los Angeles, CA",Self Help Graphics,http://www.selfhelpgraphics.com,90063
,All Ages,The Get Backs,"Friday, December 11, 2009",8:00,,,http://www.jambase.com/shows/event.aspx?EventID=1111078,,Vallecito,,CO,,"The Get Backs on 12/11/2009 at Virginia's Steak House in Vallecito, CO",Virginia's Steak House,,81122
60 Main St,All Ages,Elephant Revival,"Saturday, December 12, 2009",9:00 PM,"With Vince Herman and Jon ""Black Dog"" Rindell  Details: Benefit for NEDSK8",http://images.jambase.com/bands/ElephantRevival/default/artist150.jpg,http://www.jambase.com/shows/event.aspx?EventID=1109065,,Rollinsville,9:00 PM,CO,420,"Elephant Revival  on 12/12/2009 at Trackside Tavern at the Stage Stop Inn  in Rollinsville, CO",Trackside Tavern at the Stage Stop Inn,,80474
9039 W Sunset Blvd,,Eyes Set To Kill,"Tuesday, December 8, 2009",,,http://images.jambase.com/bands/EyesSetToKill/default/artist150.jpg,http://www.jambase.com/shows/event.aspx?EventID=1092744,,Hollywood,,CA,,"Eyes Set To Kill on 12/8/2009 at The Key Club in Hollywood, CA",The Key Club,http://www.keyclub.com,90069
1331 Vendels Cir,,Tom Mason,"Wednesday, December 9, 2009",,,,http://www.jambase.com/shows/event.aspx?EventID=1100213,(805) 239-2868,Paso Robles,,CA,,"Tom Mason on 12/9/2009 at The Pour House in Paso Robles, CA",The Pour House,http://www.pasopourhouse.com,93446
,,Doshus,"Thursday, December 10, 2009",8 pm,Last show of the year!! Come get your groove on!!,http://images.jambase.com/bands/Doshus/default/artist150.jpg,http://www.jambase.com/shows/event.aspx?EventID=1105339,,Venice,9 pm,CA,$8,"Doshus on 12/10/2009 at A/C Supper Club in Venice, CA",A/C Supper Club,,90291
711 3rd St SW,,Eric McFadden Trio (EMT),"Sunday, December 20, 2009",,,http://images.jambase.com/bands/EricMcFadden/default/artist150.jpg,http://www.jambase.com/shows/event.aspx?EventID=1107500,(505) 306-0535,Albequerquee,10pm,NM,$6,"Eric McFadden Trio (EMT) on 12/20/2009 at 3rd St. Arts in Albequerquee, NM",3rd St. Arts,http://www.myspace.com/3rdstarts,87102
3770 Las Vegas Blvd S,,Randy Travis,"Sunday, December 6, 2009",,,http://images.jambase.com/bands/RandyTravis/default/artist150.jpg,http://www.jambase.com/shows/event.aspx?EventID=1107376,(702) 730-7000,Las Vegas,,NV,,"Randy Travis on 12/6/2009 at Monte Carlo in Las Vegas, NV",Monte Carlo,http://www.montecarlo.com,89109
,,Garth Brooks,"Friday, December 11, 2009",,,http://images.jambase.com/bands/GarthBrooks/default/artist150.jpg,http://www.jambase.com/shows/event.aspx?EventID=1087131,,Las Vegas,8:00 PM,NV,,"Garth Brooks on 12/11/2009 at Encore Theater @ Wynn in Las Vegas, NV",Encore Theater @ Wynn,http://www.wynnlasvegas.com/,89011
2437 Park Avenue,,Mike Peralta,"Friday, December 11, 2009",,,http://images.jambase.com/bands/MikePeralta/default/artist150.jpg,http://www.jambase.com/shows/event.aspx?EventID=1110266,,Tustin,6:00 PM,CA,,"Mike Peralta on 12/11/2009 at The District in Tustin, CA",The District,http://www.thedistricttl.com,92782
,,Garth Brooks,"Saturday, December 12, 2009",,,http://images.jambase.com/bands/GarthBrooks/default/artist150.jpg,http://www.jambase.com/shows/event.aspx?EventID=1087132,,Las Vegas,8:00 PM,NV,,"Garth Brooks on 12/12/2009 at Encore Theater @ Wynn in Las Vegas, NV",Encore Theater @ Wynn,http://www.wynnlasvegas.com/,89011
4321 W. Flamingo Road,,DJ Z-Trip,"Thursday, December 31, 2009",,,http://images.jambase.com/bands/DJZ-Trip/default/artist150.jpg,http://www.jambase.com/shows/event.aspx?EventID=1105123,,Las Vegas,,NV,,"DJ Z-Trip on 12/31/2009 at Moon Nightclub @ Palms in Las Vegas, NV",Moon Nightclub @ Palms,,89103
4913 47th Ave,,Sic Alps,"Tuesday, December 15, 2009",,,,http://www.jambase.com/shows/event.aspx?EventID=1108980,,Sacramento,,CA,,"Sic Alps on 12/15/2009 at The Hub in Sacramento, CA",The Hub,,95824
22505 8th St,,Kounterfeit Change,"Friday, December 18, 2009",,,,http://www.jambase.com/shows/event.aspx?EventID=1108672,(661) 255-7833,Newhall,,CA,,"Kounterfeit Change on 12/18/2009 at Vu Ultra Bar in Newhall, CA",Vu Ultra Bar,,91321
,,Eli Young Band,"Wednesday, December 2, 2009",,,http://images.jambase.com/bands/EliYoungBand/default/artist150.jpg,http://www.jambase.com/shows/event.aspx?EventID=1107136,,Butte,,MT,,"Eli Young Band on 12/2/2009 at Butte Civic Center in Butte, MT",Butte Civic Center,http://www.co.silverbow.mt.us/civic_center.htm,59701
1625 Abbot Kinney Blvd.,21 & Up,"BLVD, Vokab Kompany","Friday, December 18, 2009",9pm,,"http://images.jambase.com/bands/VokabKompany/default/artist150.jpg, http://images.jambase.com/bands/BLVD/default/artist150.jpg",http://www.jambase.com/shows/event.aspx?EventID=1111063,310-399-7200,Venice,10pm,CA,,"BLVD and Vokab Kompany on 12/18/2009 at The Stronghold in Venice, CA",The Stronghold,,90291
1170 Glendale Blvd,,The Kris Special,"Saturday, December 19, 2009",,,,http://www.jambase.com/shows/event.aspx?EventID=1098054,,Echo Park,,CA,,"The Kris Special on 12/19/2009 at L'Keg Gallery in Echo Park, CA",L'Keg Gallery,http://www.lkeggallery.com/,90026
2100 Buena Vista Ave,All Ages,Rock Solid,"Saturday, December 19, 2009",12 noon,"Winter Solstice celebration featuring premier classic rock band: ROCK SOLID. The best of Satori Cellars fine wines, and good fun for all!",,http://www.jambase.com/shows/event.aspx?EventID=1111107,408 848 5823,Gilroy,1 pm,CA,check website,"Rock Solid on 12/19/2009 at Satori Cellars in Gilroy, CA",Satori Cellars,http://www.satoricellars.com,95020
13912 Ponderosa St.,21 & Up,Twilight Fair,"Saturday, December 19, 2009",7:00,,,http://www.jambase.com/shows/event.aspx?EventID=1105743,(714) 52-7824,Santa Ana,8:00,CA,,"Twilight Fair on 12/19/2009 at Father's Pub and Grub in Santa Ana, CA",Father's Pub and Grub,,92705
7876 Birch Bay Dr,,Jon Davidson,"Saturday, December 12, 2009",,,,http://www.jambase.com/shows/event.aspx?EventID=1104947,(360) 371-9091,Blaine,,WA,,"Jon Davidson on 12/12/2009 at La Cantina in Blaine, WA",La Cantina,http://www.lacantinabirchbay.com,98230
404 S 3rd St,,Jon Davidson,"Sunday, December 13, 2009",,,,http://www.jambase.com/shows/event.aspx?EventID=1111687,(360) 336-2884,Mt. Vernon,,WA,,"Jon Davidson on 12/13/2009 at Skagit River Brewery in Mt. Vernon, WA",Skagit River Brewery,http://www.skagitbrew.com/,98273
1635 Trap Road,,Chicago City Limits,"Friday, January 8, 2010",,"This high-energy improv comedy group returns with a timely new show, Wikiphobia, taking aim at everything from Google to global issues with perceptive hilarity.",,http://www.jambase.com/shows/event.aspx?EventID=1110258,703-255-1900,Vienna,8:00 PM,VA,22.00,"Chicago City Limits on 1/8/2010 at The Barns at Wolf Trap in Vienna, VA",The Barns at Wolf Trap,http://www.wolftrap.org/,22182
1635 Trap Road,All Ages,Daedalus Quartet,"Friday, January 15, 2010",7:00 p.m.,Praised by The New Yorker in 2008 as “a fresh and vital young participant in what is a golden age of American string quartets.”,,http://www.jambase.com/shows/event.aspx?EventID=1110164,703-255-1900,Vienna,8:00 p.m.,VA,$35,"Daedalus Quartet on 1/15/2010 at The Barns at Wolf Trap in Vienna, VA",The Barns at Wolf Trap,http://www.wolftrap.org/,22182
1635 Trap Road,All Ages,John Jennings,"Saturday, January 16, 2010",6:30 p.m.,John Jennings and Friends. This accomplished country-pop singer has helped produce and record 11 Top 10 singles and two Grammy Award-winning albums.,,http://www.jambase.com/shows/event.aspx?EventID=1110165,703-255-1900,Vienna,7:30 p.m.,VA,$22,"John Jennings on 1/16/2010 at The Barns at Wolf Trap in Vienna, VA",The Barns at Wolf Trap,http://www.wolftrap.org/,22182
1635 Trap Road,All Ages,"Lulo Reinhardt, Itamar Erez, Stephen Bennet, Brian Gore","Wednesday, January 20, 2010",7:00 p.m.,"International Guitar Night featuring: Lulo Reinhardt, Itamar Erez, Stephen Bennett and Brian Gore.  Enjoy a night of world-class guitarists performing in their own styles and collaborating for a unique celebration of acoustic guitar styles.",,http://www.jambase.com/shows/event.aspx?EventID=1110166,703-255-1900,Vienna,8:00 p.m.,VA,$24,"Lulo Reinhardt, Itamar Erez and more  on 1/20/2010 at The Barns at Wolf Trap in Vienna, VA",The Barns at Wolf Trap,http://www.wolftrap.org/,22182
1635 Trap Road,All Ages,Paul Cebar and The Milwaukeeans,"Friday, January 22, 2010",7:00 p.m.,Put your dancing shoes on and move to this rhythmic blend of New Orleans blues and Afro-Caribbean-inspired Americana.,,http://www.jambase.com/shows/event.aspx?EventID=1110168,703-255-1900,Vienna,8:00 p.m.,VA,$20 General Admission Dance,"Paul Cebar and The Milwaukeeans on 1/22/2010 at The Barns at Wolf Trap in Vienna, VA",The Barns at Wolf Trap,http://www.wolftrap.org/,22182
1635 Trap Road,All Ages,Al Di Meola,"Thursday, January 28, 2010",7:00 p.m.,"The technical perfection of this renowned jazz guitarist led to collaborations with Les Paul, Herbie Hancock, Santana, and many more.",http://images.jambase.com/bands/AlDiMeola/default/artist150.jpg,http://www.jambase.com/shows/event.aspx?EventID=1110169,703-255-1900,Vienna,8:00 p.m.,VA,$35,"Al Di Meola on 1/28/2010 at The Barns at Wolf Trap in Vienna, VA",The Barns at Wolf Trap,http://www.wolftrap.org/,22182
1635 Trap Road,All Ages,Aspen Ensemble,"Friday, January 29, 2010",7:00 p.m.,"The Discovery Series.  From the famed Aspen Music Festival comes the acclaimed Aspen Ensemble, a mixed quintet of flute, piano, and strings.",,http://www.jambase.com/shows/event.aspx?EventID=1110170,703-255-1900,Vienna,8:00 p.m.,VA,$35,"Aspen Ensemble on 1/29/2010 at The Barns at Wolf Trap in Vienna, VA",The Barns at Wolf Trap,http://www.wolftrap.org/,22182
1635 Trap Road,All Ages,John Eaton,"Saturday, January 30, 2010",6:30 p.m.,"The Fabulous 50s: Beyond Elvis and Eisenhower. A long-time Wolf Trap favorite, this Washington, D.C. jazz pianist performs classic, jazz, and popular American songs while entertaining audiences with his engaging stories and commentary.",,http://www.jambase.com/shows/event.aspx?EventID=1110171,703-255-1900,Vienna,7:30 p.m.,VA,$25,"John Eaton on 1/30/2010 at The Barns at Wolf Trap in Vienna, VA",The Barns at Wolf Trap,http://www.wolftrap.org/,22182
32 Campus Dr # 103,,"Wilco, Califone","Sunday, February 7, 2010",,,"http://images.jambase.com/bands/Califone/default/artist150.jpg, http://images.jambase.com/bands/Wilco/default/artist150.jpg",http://www.jambase.com/shows/event.aspx?EventID=1083656,406-243-4261,Missoula,,MT,,"Wilco and Califone on 2/7/2010 at Adams Event Center in Missoula, MT",Adams Event Center,http://adamseventcenter.com/,59812
1635 Trap Road,All Ages,Hothouse Flowers,"Tuesday, March 2, 2010",7:00 p.m.,This rollicking Irish rock band has built a steady cult following in the U.S. and drawn comparisons to Bob Dylan and Lynyrd Skynyrd.,http://images.jambase.com/bands/HothouseFlowers/default/artist150.jpg,http://www.jambase.com/shows/event.aspx?EventID=1110191,703-255-1900,Vienna,8:00 p.m.,VA,$22,"Hothouse Flowers on 3/2/2010 at The Barns at Wolf Trap in Vienna, VA",The Barns at Wolf Trap,http://www.wolftrap.org/,22182
1635 Trap Road,All Ages,John Gorka,"Thursday, March 4, 2010",7:00 p.m.,"A jazz guitarist beyond classification, Frisell creates “picturesque soundscapes that transport listeners to small-town America where it seems as if time has stopped.” —Express.  Featuring: Rudy Royston and Eyvind Kang",,http://www.jambase.com/shows/event.aspx?EventID=1110192,703-255-1900,Vienna,8:00 p.m.,VA,$20,"John Gorka on 3/4/2010 at The Barns at Wolf Trap in Vienna, VA",The Barns at Wolf Trap,http://www.wolftrap.org/,22182
1635 Trap Road,All Ages,Jon Carroll,"Friday, March 5, 2010",7:00 p.m.,"This Grammy-winning singer/songwriter won six Wammie Awards in 2008, including Musician of the Year and Best Pop-Rock Recording for Live Return, recorded at The Barns at Wolf Trap.",,http://www.jambase.com/shows/event.aspx?EventID=1110193,703-255-1900,Vienna,8,VA,$22,"Jon Carroll on 3/5/2010 at The Barns at Wolf Trap in Vienna, VA",The Barns at Wolf Trap,http://www.wolftrap.org/,22182
1635 Trap Road,All Ages,Celtic Crossroads,"Saturday, March 6, 2010",6:30 p.m.,Seven dazzling musicians jumpstart traditional Celtic songs with youthful energy and rhythms.,http://images.jambase.com/bands/CelticCrossroads/default/artist150.jpg,http://www.jambase.com/shows/event.aspx?EventID=1110194,703-255-1900,Vienna,7:30 p.m.,VA,$25,"Celtic Crossroads on 3/6/2010 at The Barns at Wolf Trap in Vienna, VA",The Barns at Wolf Trap,http://www.wolftrap.org/,22182
1635 Trap Road,All Ages,Celtic Crossroads,"Sunday, March 7, 2010",6:30 p.m.,Seven dazzling musicians jumpstart traditional Celtic songs with youthful energy and rhythms.,http://images.jambase.com/bands/CelticCrossroads/default/artist150.jpg,http://www.jambase.com/shows/event.aspx?EventID=1110195,703-255-1900,Vienna,7:30 p.m.,VA,$25,"Celtic Crossroads on 3/7/2010 at The Barns at Wolf Trap in Vienna, VA",The Barns at Wolf Trap,http://www.wolftrap.org/,22182
1635 Trap Road,All Ages,Anat Cohen,"Thursday, March 11, 2010",7:00 p.m.,"Anat Cohen Quartet: Clarinetwork. Jazz composer and prolific clarinetist, Cohen celebrates the music of Benny Goodman.",,http://www.jambase.com/shows/event.aspx?EventID=1110196,703-255-1900,Vienna,8:00 p.m.,VA,$24,"Anat Cohen  on 3/11/2010 at The Barns at Wolf Trap in Vienna, VA",The Barns at Wolf Trap,http://www.wolftrap.org/,22182
1635 Trap Road,All Ages,Greg Brown,"Friday, March 12, 2010",7:00 p.m.,"Performing contemporary folk guitar with heartwarming honesty, Brown presents earnest accounts of the foibles and triumphs in life.",http://images.jambase.com/bands/GregBrown/default/artist150.jpg,http://www.jambase.com/shows/event.aspx?EventID=1110197,703-255-1900,Vienna,8:00 p.m.,VA,$30,"Greg Brown on 3/12/2010 at The Barns at Wolf Trap in Vienna, VA",The Barns at Wolf Trap,http://www.wolftrap.org/,22182
1635 Trap Road,All Ages,Altan,"Monday, March 15, 2010",7:00 p.m.,"Traditional Irish music ambassadors to the world, Altan presents a festive mix of jigs, ballads, reels, and airs with their twin fiddle and accordion melodies.",http://images.jambase.com/bands/Altan/default/artist150.jpg,http://www.jambase.com/shows/event.aspx?EventID=1110198,703-255-1900,Vienna,8:00 p.m.,VA,$24,"Altan on 3/15/2010 at The Barns at Wolf Trap in Vienna, VA",The Barns at Wolf Trap,http://www.wolftrap.org/,22182
1635 Trap Road,All Ages,Battlefield Band,"Wednesday, March 17, 2010",7:00 p.m.,"The kilts get their due on St. Paddy’s Day as this versatile Celtic quartet treats audiences with a “wondrous, perfectly paced display by musicians firmly in command of their art” (The Washington Post).",http://images.jambase.com/bands/BattlefieldBand/default/artist150.jpg,http://www.jambase.com/shows/event.aspx?EventID=1110199,703-255-1900,Vienna,8:00 p.m.,VA,$22,"Battlefield Band on 3/17/2010 at The Barns at Wolf Trap in Vienna, VA",The Barns at Wolf Trap,http://www.wolftrap.org/,22182
1635 Trap Road,All Ages,Antares,"Friday, March 19, 2010",7:00 p.m.,"The Discovery Series. The four virtuoso instrumentalists in Antares draw from a vast and colorful repertoire for clarinet, violin, cello, and piano, as well as all their various trio and duo combinations. Antares has “the gift of making whatever they’re playing seem the most important piece in the world"" (Gramophone Magazine).",,http://www.jambase.com/shows/event.aspx?EventID=1110200,703-255-1900,Vienna,8:00 p.m.,VA,$35,"Antares on 3/19/2010 at The Barns at Wolf Trap in Vienna, VA",The Barns at Wolf Trap,http://www.wolftrap.org/,22182
1635 Trap Road,All Ages,Hapa,"Tuesday, March 23, 2010",7:00 p.m.,"Dubbed “the most successful Hawaiian group in recent history” by The New York Times, this contemporary Hawaiian duo transports audiences with their Pan-Polynesian chants, harmonies, and hula by Miss Aloha Hula 2002, Malia Ann Kawailanamalie Petersen.",http://images.jambase.com/bands/Hapa/default/artist150.jpg,http://www.jambase.com/shows/event.aspx?EventID=1110201,703-255-1900,Vienna,8:00 p.m.,VA,$25,"Hapa on 3/23/2010 at The Barns at Wolf Trap in Vienna, VA",The Barns at Wolf Trap,http://www.wolftrap.org/,22182
1635 Trap Road,All Ages,Hapa,"Wednesday, March 24, 2010",7:00 p.m.,"Dubbed “the most successful Hawaiian group in recent history” by The New York Times, this contemporary Hawaiian duo transports audiences with their Pan-Polynesian chants, harmonies, and hula by Miss Aloha Hula 2002, Malia Ann Kawailanamalie Petersen.",http://images.jambase.com/bands/Hapa/default/artist150.jpg,http://www.jambase.com/shows/event.aspx?EventID=1110202,703-255-1900,Vienna,8:00 p.m.,VA,$25,"Hapa on 3/24/2010 at The Barns at Wolf Trap in Vienna, VA",The Barns at Wolf Trap,http://www.wolftrap.org/,22182
1635 Trap Road,All Ages,Bastianello and Lucrezia,"Friday, March 26, 2010",7:00 p.m.,"Semi-staged performances of two comic operas by composers John Musto (Bastianello) and William Bolcom (Lucrezia), both with librettos by Mark Campbell and scored for five singers and two pianos.",,http://www.jambase.com/shows/event.aspx?EventID=1110203,703-255-1900,Vienna,8:00 p.m.,VA,$35,"Bastianello and Lucrezia on 3/26/2010 at The Barns at Wolf Trap in Vienna, VA",The Barns at Wolf Trap,http://www.wolftrap.org/,22182
1635 Trap Road,All Ages,"Inti-Illimani, Francesca Gagnon","Tuesday, March 30, 2010",7:00 p.m.,Chilean folk music masters Inti-Illimani team up with the magical voice behind the chart-topping Cirque du Soleil’s Alegria soundtrack for a program that speaks to a universal audience.  With special guest Francesca Gagnon,,http://www.jambase.com/shows/event.aspx?EventID=1110205,703-255-1900,Vienna,8:00 p.m.,VA,$25,"Inti-Illimani and Francesca Gagnon on 3/30/2010 at The Barns at Wolf Trap in Vienna, VA",The Barns at Wolf Trap,http://www.wolftrap.org/,22182
1635 Trap Road,All Ages,Jeri Sager,"Saturday, February 6, 2010",6:30 p.m.,"The Cabaret Series. A captivating Broadway sensation with starring roles as Fantine in Les Misérables, Grizabella in Cats, and many others, this northern Virginia native charms audiences with beautiful singing and repartee.",,http://www.jambase.com/shows/event.aspx?EventID=1110172,703-255-1900,Vienna,7:30 p.m.,VA,$25,"Jeri Sager on 2/6/2010 at The Barns at Wolf Trap in Vienna, VA",The Barns at Wolf Trap,http://www.wolftrap.org/,22182
1635 Trap Road,All Ages,The Bad Plus,"Wednesday, February 10, 2010",7:00 p.m.,"Transforming jazz for the 21st century with pop and rock-inspired original tunes and creative covers, this power trio is “about as highbrow as badass gets.” (Rolling Stone)",http://images.jambase.com/bands/BadPlus/default/artist150.jpg,http://www.jambase.com/shows/event.aspx?EventID=1110173,703-255-1900,Vienna,8:00 p.m.,VA,$25,"The Bad Plus on 2/10/2010 at The Barns at Wolf Trap in Vienna, VA",The Barns at Wolf Trap,http://www.wolftrap.org/,22182
1635 Trap Road,All Ages,Berlin Philharmonic Wind Quartet,"Friday, February 12, 2010",7:00 p.m.,"The Discovery Series. “Pure-toned instrumental textures, smoothly blended ensemble, and sterling musicianship.” (Chicago Tribune) Including wind quintets by Schuller, Hindemith, and Ligeti.",,http://www.jambase.com/shows/event.aspx?EventID=1110176,703-255-1900,Vienna,8:00 p.m.,VA,$35,"Berlin Philharmonic Wind Quartet on 2/12/2010 at The Barns at Wolf Trap in Vienna, VA",The Barns at Wolf Trap,http://www.wolftrap.org/,22182
1635 Trap Road,All Ages,"Naked Blue, Margot MacDonald, Jon Carroll, John Jennings, David Kitchen Band, King Teddy, Cal Everett, Deeme Katson, Luke Brindley, Todd Wright, Alfonso Velez, Harry Traynham, Bruno Loves Danger, Diane Rosenthal, Rocky Roberts","Saturday, February 13, 2010",6:30 p.m.,A Tribute to Neil Finn/ Crowded House.  All your favorite Crowded House hits performed by D.C.’s greatest artists.,,http://www.jambase.com/shows/event.aspx?EventID=1110181,703-255-1900,Vienna,7:30 p.m.,VA,$25,"Naked Blue, Margot MacDonald and more  on 2/13/2010 at The Barns at Wolf Trap in Vienna, VA",The Barns at Wolf Trap,http://www.wolftrap.org/,22182
1635 Trap Road,All Ages,Paula Cole,"Tuesday, February 16, 2010",7:00 p.m.,"A ’90s singer/songwriting force, this Grammy winner hit it big with “Where Have All the Cowboys Gone” and the Dawson’s Creek theme song “I Don’t Want to Wait.”",http://images.jambase.com/bands/PaulaCole/default/artist150.jpg,http://www.jambase.com/shows/event.aspx?EventID=1110183,703-255-1900,Vienna,8:00 p.m.,VA,$25,"Paula Cole on 2/16/2010 at The Barns at Wolf Trap in Vienna, VA",The Barns at Wolf Trap,http://www.wolftrap.org/,22182
1635 Trap Road,All Ages,Geno Delafose,"Wednesday, February 17, 2010",7:00 p.m.,This Creole cowboy and Filene Center Swamp Romp regular delivers zydeco that everyone can dance to.,http://images.jambase.com/bands/GenoDelafose/default/artist150.jpg,http://www.jambase.com/shows/event.aspx?EventID=1110184,703-255-1900,Vienna,8:00 p.m.,VA,$24 General Admission Dance,"Geno Delafose on 2/17/2010 at The Barns at Wolf Trap in Vienna, VA",The Barns at Wolf Trap,http://www.wolftrap.org/,22182
1635 Trap Road,All Ages,Bo Bice,"Friday, February 19, 2010",7:00 p.m.,"American Idol runner-up and Filene Center performer Bice blurs the lines between southern rock, country, and blues.",http://images.jambase.com/bands/BoBice/default/artist150.jpg,http://www.jambase.com/shows/event.aspx?EventID=1110187,703-255-1900,Vienna,8:00 p.m.,VA,$25,"Bo Bice on 2/19/2010 at The Barns at Wolf Trap in Vienna, VA",The Barns at Wolf Trap,http://www.wolftrap.org/,22182
1635 Trap Road,All Ages,Cherish The Ladies,"Wednesday, February 24, 2010",7:00 p.m.,"Join Ireland’s renowned all-female Celtic ensemble for an engaging night of traditional music, beautiful singing, and impressive step-dancing that will leave you tapping along in the aisles.",http://images.jambase.com/bands/CherishTheLadies/default/artist150.jpg,http://www.jambase.com/shows/event.aspx?EventID=1110188,703-255-1900,Vienna,8:00 p.m.,VA,$25,"Cherish The Ladies on 2/24/2010 at The Barns at Wolf Trap in Vienna, VA",The Barns at Wolf Trap,http://www.wolftrap.org/,22182
1635 Trap Road,All Ages,Christian Tetzlaff Trio,"Friday, February 26, 2010",7:00 p.m.,"The Discovery Series. Schubert and Shostakovich with internationally acclaimed violinist Christian Tetzlaff, cellist Tanja Tetzlaff, and pianist Lars Vogt.",,http://www.jambase.com/shows/event.aspx?EventID=1110189,703-255-1900,Vienna,8:00 p.m.,VA,$35,"Christian Tetzlaff Trio on 2/26/2010 at The Barns at Wolf Trap in Vienna, VA",The Barns at Wolf Trap,http://www.wolftrap.org/,22182
1635 Trap Road,All Ages,"Eric Brace, Peter Cooper","Saturday, February 27, 2010",6:30 p.m.,"Eric Brace and The Last Train Home with Special Guest Peter Cooper. Performing an edgy blend of roots-rock and country, these two music journalists-turned-singers match warmhearted arrangements with sharp songwriting.",http://images.jambase.com/bands/PeterCooper/default/artist150.jpg,http://www.jambase.com/shows/event.aspx?EventID=1110190,703-255-1900,Vienna,7:30 p.m.,VA,$18,"Eric Brace and Peter Cooper on 2/27/2010 at The Barns at Wolf Trap in Vienna, VA",The Barns at Wolf Trap,http://www.wolftrap.org/,22182
1635 Trap Road,All Ages,The Holmes Brothers,"Thursday, April 1, 2010",7:00 p.m.,"Winners of the coveted Blues Music Award, this gospel-influenced R&B trio was praised by Willie Nelson for their “truthful, irresistible blend of blues, rock, and soul.”",,http://www.jambase.com/shows/event.aspx?EventID=1110206,703-255-1900,Vienna,8:00 p.m.,VA,$22,"The Holmes Brothers on 4/1/2010 at The Barns at Wolf Trap in Vienna, VA",The Barns at Wolf Trap,http://www.wolftrap.org/,22182
1635 Trap Road,All Ages,Christine Lavin,"Friday, April 2, 2010",7:00 p.m.,"25th Anniversary Concert.  Charming audiences for a quarter of a century, Lavin’s humorous folk songwriting remains as sharp and playful as ever, as heard on “Tom Cruise Scares Me” and “Biological Time Bomb.”",,http://www.jambase.com/shows/event.aspx?EventID=1110207,703-255-1900,Vienna,8:00 p.m.,VA,$20,"Christine Lavin on 4/2/2010 at The Barns at Wolf Trap in Vienna, VA",The Barns at Wolf Trap,http://www.wolftrap.org/,22182
1635 Trap Road,All Ages,Jonathan Edwards,"Saturday, April 3, 2010",6:30 p.m.,"This singer/songwriter is best known for his first smash hit “Sunshine” and the 2008 Media Artists’ documentary, chronicling his career.",http://images.jambase.com/bands/JonathanEdwards/default/artist150.jpg,http://www.jambase.com/shows/event.aspx?EventID=1110208,703-255-1900,Vienna,7:30 p.m.,VA,$22,"Jonathan Edwards on 4/3/2010 at The Barns at Wolf Trap in Vienna, VA",The Barns at Wolf Trap,http://www.wolftrap.org/,22182
1635 Trap Road,All Ages,"Richard Marx, Matt Scannell","Tuesday, April 6, 2010",7:00 p.m.,"The Grammy winner with the No. 1 hits “Right Here Waiting,” “Endless Summer Nights,” and “Hold On to the Night” teams up with platinum-selling Vertical Horizon front man for a night jam-packed with chart-topping pop-rock.","http://images.jambase.com/bands/MattScannell/default/artist150.jpg, http://images.jambase.com/bands/RichardMarx/default/artist150.jpg",http://www.jambase.com/shows/event.aspx?EventID=1110209,703-255-1900,Vienna,8:00 p.m.,VA,$40,"Richard Marx and Matt Scannell on 4/6/2010 at The Barns at Wolf Trap in Vienna, VA",The Barns at Wolf Trap,http://www.wolftrap.org/,22182
1635 Trap Road,All Ages,Moya Brennan,"Thursday, April 8, 2010",7:00 p.m.,"The First Lady of Celtic music, former Clannad singer and harpist debuts at The Barns.",,http://www.jambase.com/shows/event.aspx?EventID=1110210,703-255-1900,Vienna,8:00 p.m.,VA,$25,"Moya Brennan on 4/8/2010 at The Barns at Wolf Trap in Vienna, VA",The Barns at Wolf Trap,http://www.wolftrap.org/,22182
1635 Trap Road,All Ages,Los Angeles Guitar Quartet,"Friday, April 9, 2010",7:00 p.m.,"The Discovery Series. Popularly known as the LAGQ, these four virtuosi bring a new energy to the concert stage with their wide-ranging programs and dynamic musical interplay.",,http://www.jambase.com/shows/event.aspx?EventID=1110211,703-255-1900,Vienna,8:00 p.m.,VA,$35,"Los Angeles Guitar Quartet on 4/9/2010 at The Barns at Wolf Trap in Vienna, VA",The Barns at Wolf Trap,http://www.wolftrap.org/,22182
1635 Trap Road,All Ages,Julie Murphy Wells,"Saturday, April 10, 2010",6:30 p.m.,Eddie from Ohio's Julie Murphy Wells is a Sophisticated Lady. A collection of jazz standards and show-stopping Broadway tunes from a local area favorite.,,http://www.jambase.com/shows/event.aspx?EventID=1110213,703-255-1900,Vienna,7:30 p.m.,VA,$25,"Julie Murphy Wells on 4/10/2010 at The Barns at Wolf Trap in Vienna, VA",The Barns at Wolf Trap,http://www.wolftrap.org/,22182
1635 Trap Road,All Ages,Livingston Taylor,"Thursday, April 15, 2010",7:00 p.m.,Taylor’s sentimental personality shines through his charming folk-pop tunes that engage audiences with their carefree confidence.,http://images.jambase.com/bands/LivingstonTaylor/default/artist150.jpg,http://www.jambase.com/shows/event.aspx?EventID=1110214,703-255-1900,Vienna,8:00 p.m.,VA,$22,"Livingston Taylor on 4/15/2010 at The Barns at Wolf Trap in Vienna, VA",The Barns at Wolf Trap,http://www.wolftrap.org/,22182
1635 Trap Road,All Ages,Livingston Taylor,"Friday, April 16, 2010",7:00 p.m.,Taylor’s sentimental personality shines through his charming folk-pop tunes that engage audiences with their carefree confidence.,http://images.jambase.com/bands/LivingstonTaylor/default/artist150.jpg,http://www.jambase.com/shows/event.aspx?EventID=1110215,703-255-1900,Vienna,8:00 p.m.,VA,$22,"Livingston Taylor on 4/16/2010 at The Barns at Wolf Trap in Vienna, VA",The Barns at Wolf Trap,http://www.wolftrap.org/,22182
1635 Trap Road,All Ages,Luke Brindley,"Thursday, April 22, 2010",7:00 p.m.,This Northern Virginia-based indie-folk rocker returns after his 2008 Wammie win for Best Contemporary Folk Album.,,http://www.jambase.com/shows/event.aspx?EventID=1110216,703-255-1900,Vienna,8:00 p.m.,VA,$16,"Luke Brindley on 4/22/2010 at The Barns at Wolf Trap in Vienna, VA",The Barns at Wolf Trap,http://www.wolftrap.org/,22182
1635 Trap Road,All Ages,Lucy Kaplansky,"Friday, April 23, 2010",7:00 p.m.,"Penning provocative love songs, this Manhattan folk singer-songwriter has “an insightful perspective on the human condition” (The New Yorker).",,http://www.jambase.com/shows/event.aspx?EventID=1110217,703-255-1900,Vienna,8:00 p.m.,VA,$20,"Lucy Kaplansky on 4/23/2010 at The Barns at Wolf Trap in Vienna, VA",The Barns at Wolf Trap,http://www.wolftrap.org/,22182
1635 Trap Road,All Ages,Buskin and Batteau,"Saturday, April 24, 2010",6:30 p.m.,"In a much anticipated reunion, this folk duo has been called “irresistible...an amalgam of melodic sensual pop, folkie grit, and killer wit” (The Washington Post).",,http://www.jambase.com/shows/event.aspx?EventID=1110218,703-255-1900,Vienna,7:30 p.m.,VA,$22,"Buskin and Batteau on 4/24/2010 at The Barns at Wolf Trap in Vienna, VA",The Barns at Wolf Trap,http://www.wolftrap.org/,22182
1635 Trap Road,All Ages,Bonnie Rideout,"Friday, April 30, 2010",7:00 p.m.,"Bonnie Rideout with Special Guest John Purser of the BBC.  An Intimate evening of Scottish music, words, and images with fiddler Bonnie Rideout and special guest John Purser of the BBC.",,http://www.jambase.com/shows/event.aspx?EventID=1110220,703-255-1900,Vienna,8:00 p.m.,VA,$22,"Bonnie Rideout on 4/30/2010 at The Barns at Wolf Trap in Vienna, VA",The Barns at Wolf Trap,http://www.wolftrap.org/,22182
5731 Kirby Dr,,Smokin' Joe Kubek featuring B'Nois King,"Saturday, April 17, 2010",,,http://images.jambase.com/bands/SmokinJoeKubekfeaturingBNoisKing/default/artist150.jpg,http://www.jambase.com/shows/event.aspx?EventID=1102703,713-523-9999,Houston,,TX,,"Smokin' Joe Kubek featuring B'Nois King on 4/17/2010 at Big Easy Social & Pleasure Club in Houston, TX",Big Easy Social & Pleasure Club,http://www.thebigeasyblues.com/,77005
Fritz & Franz Bier Haus,,Albert Castiglia,"Saturday, February 27, 2010",,,http://images.jambase.com/bands/AlbertCastiglia/default/artist150.jpg,http://www.jambase.com/shows/event.aspx?EventID=1098195,305-774-1883,Coral Gables,,FL,,"Albert Castiglia on 2/27/2010 at Coral Gables Blues Festival in Coral Gables, FL",Coral Gables Blues Festival,http://www.bierhaus.cc/bluesfest.htm,33134
,,"Bob Young Band, Delta Twins","Friday, February 12, 2010",,,,http://www.jambase.com/shows/event.aspx?EventID=1095933,,Farmington Hills,,MI,,"Bob Young Band and Delta Twins on 2/12/2010 at Longacre Music Cafe in Farmington Hills, MI",Longacre Music Cafe,,48334
295 East Dougherty Street,,Ken Will Morton,"Thursday, February 4, 2010",,Opening for Tab Benoit!,http://images.jambase.com/bands/KenWillMorton/default/artist150.jpg,http://www.jambase.com/shows/event.aspx?EventID=1103225,706-254-6909,Athens,,GA,,"Ken Will Morton on 2/4/2010 at The Melting Point in Athens, GA",The Melting Point,http://www.meltingpointathens.com/,30601
295 East Dougherty Street,,Owl City,"Saturday, February 6, 2010",,,http://images.jambase.com/bands/OwlCity/default/artist150.jpg,http://www.jambase.com/shows/event.aspx?EventID=1085211,706-254-6909,Athens,,GA,,"Owl City on 2/6/2010 at The Melting Point in Athens, GA",The Melting Point,http://www.meltingpointathens.com/,30601
295 East Dougherty Street,,Tommy Talton Band,"Saturday, February 20, 2010",,"Tommy Talton will be performing at The Melting Point in Athens, GA.",http://images.jambase.com/bands/TommyTaltonBand/default/artist150.jpg,http://www.jambase.com/shows/event.aspx?EventID=1086826,706-254-6909,Athens,8:00 p.m.,GA,,"Tommy Talton Band on 2/20/2010 at The Melting Point in Athens, GA",The Melting Point,http://www.meltingpointathens.com/,30601
3655 Las Vegas Blvd. S.,,Barry Manilow,"Friday, April 2, 2010",,,http://images.jambase.com/bands/BarryManilow/default/artist150.jpg,http://www.jambase.com/shows/event.aspx?EventID=1112527,,Las Vegas,,NV,,"Barry Manilow on 4/2/2010 at Paris Hotel & Casino in Las Vegas, NV",Paris Hotel & Casino,http://www.parkplace.com/paris/lasvegas/,89109
3655 Las Vegas Blvd. S.,,Barry Manilow,"Saturday, April 3, 2010",,,http://images.jambase.com/bands/BarryManilow/default/artist150.jpg,http://www.jambase.com/shows/event.aspx?EventID=1112528,,Las Vegas,,NV,,"Barry Manilow on 4/3/2010 at Paris Hotel & Casino in Las Vegas, NV",Paris Hotel & Casino,http://www.parkplace.com/paris/lasvegas/,89109
3655 Las Vegas Blvd. S.,,Barry Manilow,"Sunday, April 4, 2010",,,http://images.jambase.com/bands/BarryManilow/default/artist150.jpg,http://www.jambase.com/shows/event.aspx?EventID=1112529,,Las Vegas,,NV,,"Barry Manilow on 4/4/2010 at Paris Hotel & Casino in Las Vegas, NV",Paris Hotel & Casino,http://www.parkplace.com/paris/lasvegas/,89109
3655 Las Vegas Blvd. S.,,Barry Manilow,"Friday, April 9, 2010",,,http://images.jambase.com/bands/BarryManilow/default/artist150.jpg,http://www.jambase.com/shows/event.aspx?EventID=1112530,,Las Vegas,,NV,,"Barry Manilow on 4/9/2010 at Paris Hotel & Casino in Las Vegas, NV",Paris Hotel & Casino,http://www.parkplace.com/paris/lasvegas/,89109
3655 Las Vegas Blvd. S.,,Barry Manilow,"Saturday, April 10, 2010",,,http://images.jambase.com/bands/BarryManilow/default/artist150.jpg,http://www.jambase.com/shows/event.aspx?EventID=1112531,,Las Vegas,,NV,,"Barry Manilow on 4/10/2010 at Paris Hotel & Casino in Las Vegas, NV",Paris Hotel & Casino,http://www.parkplace.com/paris/lasvegas/,89109
3655 Las Vegas Blvd. S.,,Barry Manilow,"Sunday, April 11, 2010",,,http://images.jambase.com/bands/BarryManilow/default/artist150.jpg,http://www.jambase.com/shows/event.aspx?EventID=1112532,,Las Vegas,,NV,,"Barry Manilow on 4/11/2010 at Paris Hotel & Casino in Las Vegas, NV",Paris Hotel & Casino,http://www.parkplace.com/paris/lasvegas/,89109
3655 Las Vegas Blvd. S.,,Barry Manilow,"Friday, April 30, 2010",,,http://images.jambase.com/bands/BarryManilow/default/artist150.jpg,http://www.jambase.com/shows/event.aspx?EventID=1112533,,Las Vegas,,NV,,"Barry Manilow on 4/30/2010 at Paris Hotel & Casino in Las Vegas, NV",Paris Hotel & Casino,http://www.parkplace.com/paris/lasvegas/,89109
