nan0,nan1,nan2,nan3,nan4,nan5,nan6,nan7,nan8,nan9,nan10,nan11,nan12,nan13,nan14,nan15,nan16,nan17,nan18,nan19,nan20,nan21,nan22,nan23,nan24,nan25,nan26,nan27,nan28,nan29,nan30
02M473,Washington Irving Yabc,YABC,223,Meeting Target,Meeting Target,Exceeding Target,Exceeding Target,Meeting Target,Exceeding Target,Meeting Target,0.83,0.9,0.89,0.96,0.88,0.98,2.61,2.3,0.117,0.238,0.0,0.498,0.821,0.13,0.735,0.072,0.336,0.493,0.067,0.001
06M457,George Washington Yabc,YABC,221,Exceeding Target,Exceeding Target,Meeting Target,Exceeding Target,Exceeding Target,Exceeding Target,Meeting Target,0.91,0.97,0.91,0.99,0.94,0.98,2.28,2.14,0.326,0.186,0.0,0.448,0.88,0.19,0.756,0.0,0.104,0.855,0.005,-0.096
07X456,Alfred E. Smith Campus YABC,YABC,181,Meeting Target,Meeting Target,Exceeding Target,Exceeding Target,Meeting Target,Meeting Target,Approaching Target,0.84,0.94,0.89,0.96,0.89,0.94,2.4,2.13,0.094,0.282,0.0,0.68,0.887,0.116,0.812,0.011,0.298,0.669,0.011,-0.005
08X408,Herbert H. Lehman Yabc,YABC,253,Meeting Target,Exceeding Target,Meeting Target,Exceeding Target,Meeting Target,Exceeding Target,Meeting Target,0.85,0.96,0.87,0.98,0.87,0.97,2.52,2.16,0.079,0.277,0.0,0.597,0.794,0.095,0.711,0.028,0.427,0.443,0.067,-0.113
08X507,Stevenson Yabc,YABC,92,Meeting Target,Exceeding Target,Meeting Target,Exceeding Target,,,Approaching Target,0.84,0.95,0.86,0.97,0.9,0.99,2.43,2.06,0.065,0.152,0.0,0.565,0.842,0.076,0.761,0.011,0.446,0.5,0.022,-0.041
10X503,Walton Yabc,YABC,195,Meeting Target,Meeting Target,Meeting Target,Exceeding Target,Exceeding Target,Exceeding Target,Meeting Target,0.86,0.93,0.84,0.97,0.98,0.97,2.33,2.14,0.277,0.328,0.0,0.615,0.902,0.138,0.815,0.015,0.169,0.769,0.036,-0.062
10X504,Kennedy Yabc,YABC,128,Meeting Target,Exceeding Target,,Exceeding Target,Meeting Target,Exceeding Target,Approaching Target,0.78,0.97,0.82,0.97,0.76,0.96,2.28,2.07,0.211,0.32,0.008,0.609,0.837,0.102,0.727,0.023,0.164,0.781,0.023,-0.147
10X668,Dewitt Clinton Campus YABC,YABC,125,Meeting Target,Meeting Target,Meeting Target,Exceeding Target,Exceeding Target,Exceeding Target,Meeting Target,0.86,0.93,0.86,0.96,0.93,0.96,2.19,2.02,0.288,0.344,0.0,0.616,0.886,0.152,0.8,0.016,0.28,0.632,0.064,-0.095
11X417,C Columbus Hs Yabc,YABC,138,Meeting Target,Meeting Target,Meeting Target,Meeting Target,Exceeding Target,Exceeding Target,Meeting Target,0.87,0.9,0.94,0.94,0.98,0.98,2.37,2.12,0.167,0.174,0.0,0.449,0.82,0.094,0.725,0.007,0.348,0.551,0.094,-0.083
12X428,Learning To Work Yabc At Monroe Academy,YABC,146,Meeting Target,Exceeding Target,Meeting Target,Exceeding Target,Approaching Target,Exceeding Target,Approaching Target,0.85,0.96,0.83,0.98,0.77,0.96,2.35,2.16,0.233,0.342,0.0,0.575,0.911,0.116,0.842,0.007,0.253,0.712,0.021,-0.079
13K657,Downtown Brooklyn Yabc,YABC,225,Meeting Target,Meeting Target,Approaching Target,Meeting Target,Approaching Target,Meeting Target,Approaching Target,0.83,0.9,0.83,0.9,0.8,0.91,2.59,2.26,0.102,0.227,0.0,0.516,0.806,0.129,0.676,0.031,0.649,0.293,0.027,-0.17
14K923,Automotive High School Yabc,YABC,202,Meeting Target,Meeting Target,Meeting Target,Exceeding Target,,,Not Meeting Target,0.84,0.9,0.9,0.96,0.88,0.99,2.42,2.17,0.104,0.198,0.0,0.604,0.798,0.094,0.688,0.005,0.262,0.688,0.04,-0.132
16K959,BOYS AND GIRLS YABC,YABC,192,Exceeding Target,Exceeding Target,,Exceeding Target,Exceeding Target,Exceeding Target,Meeting Target,0.92,0.96,0.96,1.0,0.9,0.99,2.46,2.12,0.036,0.198,0.0,0.677,0.871,0.115,0.797,0.016,0.828,0.13,0.01,-0.079
17K467,Erasmus Yabc,YABC,210,Approaching Target,Exceeding Target,Meeting Target,Exceeding Target,,,Approaching Target,0.65,0.95,0.77,0.98,0.9,0.9,2.55,2.2,0.167,0.143,0.0,0.595,0.72,0.086,0.614,0.01,0.8,0.162,0.014,-0.088
18K922,South Shore Educational Complex Yabc,YABC,204,Meeting Target,Exceeding Target,Meeting Target,Exceeding Target,Exceeding Target,Exceeding Target,Meeting Target,0.89,0.98,0.96,1.0,0.99,0.99,2.44,2.13,0.093,0.24,0.0,0.588,0.719,0.088,0.618,0.025,0.539,0.069,0.015,-0.117
19K431,Thomas Jefferson Yabc,YABC,199,Exceeding Target,Exceeding Target,Meeting Target,Meeting Target,Not Meeting Target,Meeting Target,Approaching Target,0.99,0.99,0.98,0.92,0.69,0.86,2.57,2.34,0.06,0.276,0.0,0.548,0.821,0.121,0.724,0.05,0.518,0.377,0.005,-0.189
19K501,Franklin K. Lane Campus YABC,YABC,211,Exceeding Target,Meeting Target,Meeting Target,Exceeding Target,Meeting Target,Meeting Target,Approaching Target,0.9,0.9,0.82,0.97,0.88,0.91,2.4,2.15,0.28,0.204,0.005,0.602,0.813,0.123,0.72,0.123,0.265,0.578,0.024,-0.126
20K658,Franklin Delano Roosevelt YABC,YABC,223,Exceeding Target,Meeting Target,,Meeting Target,,,Meeting Target,0.86,0.91,0.9,0.92,0.87,0.93,2.62,2.37,0.108,0.256,0.0,0.556,0.786,0.054,0.695,0.13,0.085,0.583,0.197,-0.071
21K411,Abraham Lincoln Yabc,YABC,212,Meeting Target,Exceeding Target,Meeting Target,Exceeding Target,Exceeding Target,Exceeding Target,Meeting Target,0.85,0.96,0.82,0.98,0.91,0.97,2.7,2.43,0.245,0.179,0.0,0.458,0.777,0.085,0.675,0.189,0.179,0.349,0.283,-0.099
24Q457,H.S. Arts & Business Yabc,YABC,239,Exceeding Target,Meeting Target,Meeting Target,Meeting Target,Exceeding Target,Exceeding Target,Approaching Target,0.92,0.88,0.94,0.91,0.96,0.96,2.68,2.56,0.155,0.13,0.0,0.481,0.744,0.042,0.678,0.109,0.138,0.64,0.105,-0.123
25Q467,Flushing Yabc,YABC,280,Exceeding Target,Exceeding Target,Exceeding Target,Exceeding Target,Meeting Target,Exceeding Target,Meeting Target,0.86,0.97,0.86,0.97,0.85,0.97,2.61,2.33,0.143,0.189,0.0,0.511,0.713,0.036,0.639,0.204,0.229,0.486,0.071,-0.022
27Q487,John Adams Yabc,YABC,165,Meeting Target,Exceeding Target,Meeting Target,Meeting Target,Exceeding Target,Exceeding Target,Meeting Target,0.79,0.95,0.81,0.93,0.95,0.96,2.68,2.33,0.121,0.061,0.0,0.497,0.66,0.061,0.57,0.267,0.358,0.255,0.085,-0.028
31R607,Staten Island Yabc,YABC,205,Exceeding Target,Exceeding Target,Exceeding Target,Exceeding Target,Meeting Target,Exceeding Target,Approaching Target,0.89,0.97,0.91,0.98,0.83,0.98,2.59,2.24,0.049,0.356,0.005,0.644,0.676,0.068,0.61,0.015,0.171,0.41,0.405,-0.067
