article_abstract_text,article_format,article_headline,issue_no,page_range,volume_no,contributor_name,journal_title,lead_author,journal_profile,journal_classification,journal_url,journal_founded_on,journal_origin_country
scientific article published in May 2015,scholarly article,The authors reply,4,392-393,16.0,Fran Balamuth,Pediatric Critical Care Medicine,Halden F Scott,journal,scientific journal,http://journals.lww.com/pccmjournal,+2000-01-01T00:00:00Z,United States of America
,scholarly article,Measurement of the cross-section ratio σ ( χ c 2 ) / σ ( χ c 1 ) for prompt χ c production at s = 7 TeV,2-5,215-223,714.0,C. Adrover,Physics Letters B,Mathieu Perrin-Terrin,scientific journal,scientific journal,http://www.sciencedirect.com/science/journal/03702693,,Kingdom of the Netherlands
article,scholarly article,Summary of the ATLAS experiment’s sensitivity to supersymmetry after LHC Run 1 — interpreted in the phenomenological MSSM,10,,2015.0,,Journal of High Energy Physics,Stefan Gadatsch,peer-reviewed physics journal,scientific journal,http://www.springer.com/13130,+1997-01-01T00:00:00Z,Germany
article,scholarly article,Search for nonpointing photons in the diphoton andETmissfinal state ins=7  TeVproton-proton collisions using the ATLAS detector,1,,88.0,,Physical Review D,Michaël Ughetto,scientific journal,scientific journal,http://prd.aps.org/,,
article,scholarly article,Search fortt¯resonances in the lepton plus jets final state with ATLAS using4.7  fb−1ofppcollisions ats=7  TeV,1,,88.0,,Physical Review D,Michaël Ughetto,scientific journal,scientific journal,http://prd.aps.org/,,
scholarly article,scholarly article,Erratum to: Measurement of ϒ production in pp collisions at s $$ \sqrt{\mathrm{s}} $$ = 13 TeV,5,,2019.0,P. d’Argent,Journal of High Energy Physics,Fedor Baryshnikov,peer-reviewed physics journal,scientific journal,http://www.springer.com/13130,+1997-01-01T00:00:00Z,Germany
article,scholarly article,Measurements of the Higgs boson production and decay rates and constraints on its couplings from a combined ATLAS and CMS analysis of the LHC pp collision data at 𝑠√=7 and 8 TeV,8,,2016.0,,Journal of High Energy Physics,Stefan Gadatsch,peer-reviewed physics journal,scientific journal,http://www.springer.com/13130,+1997-01-01T00:00:00Z,Germany
article; published in July 2018,scholarly article,Measurement of ϒ production in pp collisions at   s√=13  TeV,7,,2018.0,P. d’Argent,Journal of High Energy Physics,Emilie Bertholet,peer-reviewed physics journal,scientific journal,http://www.springer.com/13130,+1997-01-01T00:00:00Z,Germany
scientific article published in Physical Review Letters,scholarly article,Amplitude Analysis of the Decay B[over ¯]^{0}→K_{S}^{0}π^{+}π^{-} and First Observation of the CP Asymmetry in B[over ¯]^{0}→K^{*}(892)^{-}π^{+},26,261801,120.0,S Ali,Physical Review Letters,Maxime Schubiger,physics journal from the American Physical Society,scientific journal,http://prl.aps.org/,+1958-07-00T00:00:00Z,United States of America
scientific article published on 01 September 2009,scholarly article,Ancillary testing in children with rotavirus gastroenteritis,7,E36-40,4.0,Shiang-Ju Kung,Journal of Hospital Medicine,Samir S. Shah,journal,scientific journal,http://www.journalofhospitalmedicine.com/jhospmed,+2006-01-01T00:00:00Z,United States of America
,scholarly article,Measurement of the D ± production asymmetry in 7 TeV pp collisions,3,902-909,718.0,A. Adametz,Physics Letters B,Mathieu Perrin-Terrin,scientific journal,scientific journal,http://www.sciencedirect.com/science/journal/03702693,,Kingdom of the Netherlands
scientific article published in March 2010,scholarly article,Impact of congenital anomalies and treatment location on the outcomes of infants hospitalized with herpes simplex virus (HSV).,3,154-159,5.0,Scott A Lorch,Journal of Hospital Medicine,Samir S. Shah,journal,scientific journal,http://www.journalofhospitalmedicine.com/jhospmed,+2006-01-01T00:00:00Z,United States of America
scientific article published in 'Nuclear Physics B' in May 2017,scholarly article,High-ET isolated-photon plus jets production in pp collisions at √s=8 TeV with the ATLAS detector,,,918.0,,Nuclear Physics B,Klaudia Maj,journal,scientific journal,http://www.sciencedirect.com/science/journal/05503213/,,Kingdom of the Netherlands
article,scholarly article,Search for lepton-flavour-violating decays of the Higgs and bosons with the ATLAS detector,2,,77.0,,European Physical Journal C,Klaudia Maj,scientific journal,scientific journal,http://www.springer.com/materials/journal/10052,+1998-01-01T00:00:00Z,
article,scholarly article,Search for new resonances in events with one lepton and missing transverse momentum in pp collisions ats=13 TeVwith the ATLAS detector,,,762.0,,Physics Letters B,Klaudia Maj,scientific journal,scientific journal,http://www.sciencedirect.com/science/journal/03702693,,Kingdom of the Netherlands
article,scholarly article,Search for four-top-quark production in the single-lepton and opposite-sign dilepton final states in pp collisions at s=13  TeV with the ATLAS detector,5,,99.0,,Physical Review D,Bakar Chargeishvili,scientific journal,scientific journal,http://prd.aps.org/,,
scientific article (publication date:  2015),scholarly article,Measurement of the semileptonic CP asymmetry in B0-B[over ¯]0 mixing,4,,114.0,P. M. Bjørnstad,Physical Review Letters,Irina Nasteva,physics journal from the American Physical Society,scientific journal,http://prl.aps.org/,+1958-07-00T00:00:00Z,United States of America
,scholarly article,Measurement of the CP-violating phase ϕ s in B ¯ s 0 → J / ψ π + π − decays,4-5,378-386,713.0,C. Adrover,Physics Letters B,Mathieu Perrin-Terrin,scientific journal,scientific journal,http://www.sciencedirect.com/science/journal/03702693,,Kingdom of the Netherlands
article,scholarly article,Top-quark mass measurement in the all-hadronic t t ¯ $$ t\overline{t} $$ decay channel at s = 8 $$ \sqrt{s}=8 $$ TeV with the ATLAS detector,9,,2017.0,,Journal of High Energy Physics,Philipp Mogg,peer-reviewed physics journal,scientific journal,http://www.springer.com/13130,+1997-01-01T00:00:00Z,Germany
article,scholarly article,"Search for heavy resonances decaying into WW in the $$e\nu \mu \nu $$eνμν final state in pp collisions at $$\sqrt{s}=13$$s=13 $$\,\text {TeV}$$TeV with the ATLAS detector",1,,78.0,,European Physical Journal C,Miroslav Hrabovsky,scientific journal,scientific journal,http://www.springer.com/materials/journal/10052,+1998-01-01T00:00:00Z,
article,scholarly article,Search for supersymmetry in final states with two same-sign or three leptons and jets using 36 fb−1 of s = 13 $$ \sqrt{s}=13 $$ TeV pp collision data with the ATLAS detector,9,,2017.0,,Journal of High Energy Physics,Fabio C. Cardillo,peer-reviewed physics journal,scientific journal,http://www.springer.com/13130,+1997-01-01T00:00:00Z,Germany
article,scholarly article,Erratum to: Measurement of the inclusive jet cross-section in proton-proton collisions at s = 7 $$ \sqrt{s}=7 $$ TeV using 4.5 fb−1 of data with the ATLAS detector,9,,2015.0,,Journal of High Energy Physics,Makoto Tomoto,peer-reviewed physics journal,scientific journal,http://www.springer.com/13130,+1997-01-01T00:00:00Z,Germany
scientific article published on 04 September 2018,scholarly article,Effects of a 1-Time Nurse-Led Telephone Call After Pediatric Discharge: The H2O II Randomized Clinical Trial,9,e181482,172.0,Katherine A Auger,JAMA Pediatrics,Samir S. Shah,"Seeks to provide state-of-the-art information to working to advance the health and well-being of infants, children, and adolescents; a forum for discussion of the issues and policies affecting child and adolescent health and health care.",academic journal,https://jamanetwork.com/journals/jamapediatrics,+1911-01-01T00:00:00Z,United States of America
article,scholarly article,Measurements of electroweak [Formula: see text] production and constraints on anomalous gauge couplings with the ATLAS detector,7,,77.0,,European Physical Journal C,Klaudia Maj,scientific journal,scientific journal,http://www.springer.com/materials/journal/10052,+1998-01-01T00:00:00Z,
scientific article published on 11 January 2017,scholarly article,Observation of J/ψϕ Structures Consistent with Exotic States from Amplitude Analysis of B^{+}→J/ψϕK^{+} Decays.,2,022003,118.0,P d'Argent,Physical Review Letters,Xavier Cid Vidal,physics journal from the American Physical Society,scientific journal,http://prl.aps.org/,+1958-07-00T00:00:00Z,United States of America
article,scholarly article,Measurement of the inclusive isolated prompt photon cross section in pp collisions at s = 8 $$ \sqrt{s}=8 $$ TeV with the ATLAS detector,8,,2016.0,,Journal of High Energy Physics,Klaudia Maj,peer-reviewed physics journal,scientific journal,http://www.springer.com/13130,+1997-01-01T00:00:00Z,Germany
"scholarly article in Journal of High Energy Physics, 2014 no. 6, June 2014",scholarly article,Differential branching fractions and isospin asymmetries of B → K (*) μ + μ − decays,6,,2014.0,Th. Bauer,Journal of High Energy Physics,Matteo Manzali,peer-reviewed physics journal,scientific journal,http://www.springer.com/13130,+1997-01-01T00:00:00Z,Germany
article,scholarly article,Search for new phenomena in dijet events using 37  fb−1 of pp collision data collected at s=13  TeV with the ATLAS detector,5,,96.0,,Physical Review D,Evangelos Kourlitis,scientific journal,scientific journal,http://prd.aps.org/,,
article,scholarly article,Reconstruction of hadronic decay products of tau leptons with the ATLAS experiment,5,,76.0,,European Physical Journal C,Mogens Dam,scientific journal,scientific journal,http://www.springer.com/materials/journal/10052,+1998-01-01T00:00:00Z,
article,scholarly article,Erratum to: Measurement of the W boson polarisation in $$t\bar{t}$$ t t ¯ events from pp collisions at $$\sqrt{s} = 8~\hbox {TeV}$$ s = 8 TeV in the lepton + jets channel with ATLAS,1,,79.0,,European Physical Journal C,Sheng Ye,scientific journal,scientific journal,http://www.springer.com/materials/journal/10052,+1998-01-01T00:00:00Z,
scientific article,scholarly article,Measurement of the forward energy flow in pp collisions at [Formula: see text],5,2421,73.0,A Adametz,European Physical Journal C,Xavier Cid Vidal,scientific journal,scientific journal,http://www.springer.com/materials/journal/10052,+1998-01-01T00:00:00Z,
article,scholarly article,Search for direct top-squark pair production in final states with two leptons in pp collisions at $ \sqrt{s} $ = 8 TeV with the ATLAS detector,6,,2014.0,,Journal of High Energy Physics,Lillian Smestad,peer-reviewed physics journal,scientific journal,http://www.springer.com/13130,+1997-01-01T00:00:00Z,Germany
article,scholarly article,Measurement of the centrality and pseudorapidity dependence of the integrated elliptic flow in lead-lead collisions at [Formula: see text] TeV with the ATLAS detector,8,,74.0,,European Physical Journal C,Mogens Dam,scientific journal,scientific journal,http://www.springer.com/materials/journal/10052,+1998-01-01T00:00:00Z,
scholarly article,scholarly article,Search for the decayBs0→D*∓π±,7,,87.0,C. Adrover,Physical Review D,Jarosław Wiechczyński,scientific journal,scientific journal,http://prd.aps.org/,,
"scholarly article in Journal of High Energy Physics, 2017 no. 11, November 2017",scholarly article,Measurement of CP violation in B0 → J/ψKS0 and B0 → ψ(2S)KS0 decays,11,,2017.0,P. d’Argent,Journal of High Energy Physics,Méril Reboud,peer-reviewed physics journal,scientific journal,http://www.springer.com/13130,+1997-01-01T00:00:00Z,Germany
article,scholarly article,Search for the direct production of charginos and neutralinos in final states with tau leptons in 𝑠√=13TeV pp collisions with the ATLAS detector,2,,78.0,,European Physical Journal C,Sabina Czekierda,scientific journal,scientific journal,http://www.springer.com/materials/journal/10052,+1998-01-01T00:00:00Z,
scientific article published on August 2003,scholarly article,Cat scratch disease presenting as orbital abscess and osteomyelitis,8,3991-3993,41.0,Beloo Mirakhur,Journal of Clinical Microbiology,Samir S. Shah,scientific journal,scientific journal,http://jcm.asm.org/,+1975-01-01T00:00:00Z,United States of America
scientific article published on 23 October 2019,scholarly article,2210. Nasopharyngeal Detection of Streptococcus pneumoniae and Clinical Disease Severity in Children with Community-Acquired Pneumonia (CAP),Suppl 2,S753-S753,6.0,Ki Wook Yun,Open Forum Infectious Diseases,Samir S. Shah,journal,scientific journal,https://academic.oup.com/ofid,,United Kingdom
article,scholarly article,Erratum to: ATLAS Run 1 searches for direct pair production of third-generation squarks at the Large Hadron Collider ATLAS Collaboration,3,,76.0,,European Physical Journal C,Makoto Tomoto,scientific journal,scientific journal,http://www.springer.com/materials/journal/10052,+1998-01-01T00:00:00Z,
article by Roel Aaij et al published 13 February 2014 in Physical Review D,scholarly article,Studies of beauty baryon decays toD0ph−andΛc+h−final states,3,,89.0,C. Adrover,Physical Review D,Jarosław Wiechczyński,scientific journal,scientific journal,http://prd.aps.org/,,
scientific article published in Physical Review Letters,scholarly article,Search for lepton number violating decays B+ → π- μ+ μ+ and B+ → K- μ+ μ+,10,101601,108.0,C Adrover,Physical Review Letters,Michael Alexander,physics journal from the American Physical Society,scientific journal,http://prl.aps.org/,+1958-07-00T00:00:00Z,United States of America
article,scholarly article,Measurement of the nuclear modification factor for inclusive jets in Pb+Pb collisions at sNN=5.02 TeV with the ATLAS detector,,,790.0,,Physics Letters B,Jinlong Zhang,scientific journal,scientific journal,http://www.sciencedirect.com/science/journal/03702693,,Kingdom of the Netherlands
scientific article,scholarly article,Measurement of the [Formula: see text] meson lifetime using [Formula: see text] decays,5,2839,74.0,Th Bauer,European Physical Journal C,Xavier Cid Vidal,scientific journal,scientific journal,http://www.springer.com/materials/journal/10052,+1998-01-01T00:00:00Z,
scientific article published on 01 July 2018,scholarly article,Postdischarge Nurse Home Visits and Reuse: The Hospital to Home Outcomes (H2O) Trial,1,,142.0,Katherine A Auger,Pediatrics,Samir S. Shah,Monthly medical journal,scientific journal,https://publications.aap.org/pediatrics,+1948-01-01T00:00:00Z,United States of America
article,scholarly article,Measurement of the production and lepton charge asymmetry of [Formula: see text] bosons in Pb+Pb collisions at [Formula: see text] with the ATLAS detector,1,,75.0,,European Physical Journal C,Mogens Dam,scientific journal,scientific journal,http://www.springer.com/materials/journal/10052,+1998-01-01T00:00:00Z,
article,scholarly article,Search for supersymmetry at $ N \sqrt{s} $ = 8 TeV in final states with jets and two same-sign leptons or three leptons with the ATLAS detector,6,,2014.0,,Journal of High Energy Physics,Lillian Smestad,peer-reviewed physics journal,scientific journal,http://www.springer.com/13130,+1997-01-01T00:00:00Z,Germany
scientific article,scholarly article,Pediatric severe sepsis in U.S. children's hospitals,9,798-805,15.0,Fran Balamuth,Pediatric Critical Care Medicine,Halden F Scott,journal,scientific journal,http://journals.lww.com/pccmjournal,+2000-01-01T00:00:00Z,United States of America
article,scholarly article,Search for minimal supersymmetric standard model Higgs Bosons / and for a [Formula: see text] boson in the [Formula: see text] final state produced in collisions at [Formula: see text] TeV with the ATLAS detector,11,,76.0,,European Physical Journal C,Klaudia Maj,scientific journal,scientific journal,http://www.springer.com/materials/journal/10052,+1998-01-01T00:00:00Z,
scientific article published on October 2012,scholarly article,Treatment complications in children with lyme meningitis,10,1032-1035,31.0,Amy D Thompson,Pediatric Infectious Disease Journal,Samir S. Shah,journal,scientific journal,http://journals.lww.com/pidj/pages/default.aspx,+1982-01-01T00:00:00Z,United States of America
article,scholarly article,Measurement of photon–jet transverse momentum correlations in 5.02 TeV Pb + Pb and pp collisions with ATLAS,,,789.0,,Physics Letters B,Jinlong Zhang,scientific journal,scientific journal,http://www.sciencedirect.com/science/journal/03702693,,Kingdom of the Netherlands
scientific article published in October 2013,scholarly article,Traumatic lumbar punctures in infants hospitalized in the neonatal intensive care unit,10,1150-1152,32.0,Lakshmi Srinivasan,Pediatric Infectious Disease Journal,Samir S. Shah,journal,scientific journal,http://journals.lww.com/pidj/pages/default.aspx,+1982-01-01T00:00:00Z,United States of America
article,scholarly article,Searches for heavy diboson resonances in pp collisions at s = 13 $$ \sqrt{s}=13 $$ TeV with the ATLAS detector,9,,2016.0,,Journal of High Energy Physics,Andrea Thamm,peer-reviewed physics journal,scientific journal,http://www.springer.com/13130,+1997-01-01T00:00:00Z,Germany
"scholarly article in Journal of High Energy Physics, 2016 no. 2, February 2016",scholarly article,Angular analysis of the B 0 → K *0 μ + μ − decay using 3 fb−1 of integrated luminosity,2,,2016.0,P. d’Argent,Journal of High Energy Physics,Maxim Borisyak,peer-reviewed physics journal,scientific journal,http://www.springer.com/13130,+1997-01-01T00:00:00Z,Germany
article,scholarly article,Measurement of longitudinal flow decorrelations in Pb+Pb collisions at $$\sqrt{s_{\text {NN}}}=2.76$$sNN=2.76 and 5.02 TeV with the ATLAS detector,2,,78.0,,European Physical Journal C,Sabina Czekierda,scientific journal,scientific journal,http://www.springer.com/materials/journal/10052,+1998-01-01T00:00:00Z,
article,scholarly article,Search for heavy resonances decaying to a photon and a hadronically decaying Z/W/H boson in pp collisions at s=13  TeV with the ATLAS detector,3,,98.0,,Physical Review D,Xiaoguang Yue,scientific journal,scientific journal,http://prd.aps.org/,,
"scholarly article in Journal of High Energy Physics, 2012 no. 6, June 2012",scholarly article,"Inclusive W and Z production in the forward region at $ \sqrt {s} = 7\,{\text{TeV}} $",6,,2012.0,A. Adametz,Journal of High Energy Physics,Mathieu Perrin-Terrin,peer-reviewed physics journal,scientific journal,http://www.springer.com/13130,+1997-01-01T00:00:00Z,Germany
article,scholarly article,Search for TeV-scale gravity signatures in high-mass final states with leptons and jets with the ATLAS detector ats=13 TeV,,,760.0,,Physics Letters B,Klaudia Maj,scientific journal,scientific journal,http://www.sciencedirect.com/science/journal/03702693,,Kingdom of the Netherlands
scientific article published in 2019,scholarly article,Search for doubly charged scalar bosons decaying into same-sign boson pairs with the ATLAS detector,1,,79.0,,European Physical Journal C,Salah-Eddine Dahbi,scientific journal,scientific journal,http://www.springer.com/materials/journal/10052,+1998-01-01T00:00:00Z,
"scholarly article in Journal of High Energy Physics, 2015 no. 4, April 2015",scholarly article,"Precise measurements of the properties of the B1(5721)0,+ and B2*(5747)0,+ states and observation of B+,0π−,+ mass structures",4,,2015.0,J. Blouw,Journal of High Energy Physics,Giulio Dujany,peer-reviewed physics journal,scientific journal,http://www.springer.com/13130,+1997-01-01T00:00:00Z,Germany
,scholarly article,Search for CP violation inD0→π−π+π0decays with the energy test,,158-167,740.0,P.M. Bjørnstad,Physics Letters B,Irina Nasteva,scientific journal,scientific journal,http://www.sciencedirect.com/science/journal/03702693,,Kingdom of the Netherlands
article,scholarly article,Search for electroweak production of supersymmetric states in scenarios with compressed mass spectra at s=13  TeV with the ATLAS detector,5,,97.0,,Physical Review D,Kunlin Han,scientific journal,scientific journal,http://prd.aps.org/,,
scientific article published on 17 June 2016,scholarly article,First Observation of D^{0}-D[over ¯]^{0} Oscillations in D^{0}→K^{+}π^{-}π^{+}π^{-} Decays and Measurement of the Associated Coherence Parameters.,24,241801,116.0,P d'Argent,Physical Review Letters,Xavier Cid Vidal,physics journal from the American Physical Society,scientific journal,http://prl.aps.org/,+1958-07-00T00:00:00Z,United States of America
scientific article published on 29 September 2014,scholarly article,Evidence for CP violation in B+ → ppK+ decays.,14,141801,113.0,M Frank,Physical Review Letters,Xavier Cid Vidal,physics journal from the American Physical Society,scientific journal,http://prl.aps.org/,+1958-07-00T00:00:00Z,United States of America
scientific article published in Physical Review Letters,scholarly article,Search for Higgs and Z Boson Decays to J/ψγ and ϒ(nS)γ with the ATLAS Detector,12,,114.0,,Physical Review Letters,Andrea Ventura,physics journal from the American Physical Society,scientific journal,http://prl.aps.org/,+1958-07-00T00:00:00Z,United States of America
scientific article,scholarly article,Narrow vs broad-spectrum antimicrobial therapy for children hospitalized with pneumonia,5,e1141-8,132.0,Derek J Williams,Pediatrics,Samir S. Shah,Monthly medical journal,scientific journal,https://publications.aap.org/pediatrics,+1948-01-01T00:00:00Z,United States of America
"scholarly article in Journal of High Energy Physics, 2013 no. 9, September 2013",scholarly article,Searches for $ B_{(s)}^0\ \to {J \left/ {{\psi p}} \right.}\overline{p} $ and B + → J/ψ p $ \overline{p} $ π + decays,9,,2013.0,C. Adrover,Journal of High Energy Physics,Arantza Oyanguren,peer-reviewed physics journal,scientific journal,http://www.springer.com/13130,+1997-01-01T00:00:00Z,Germany
article,scholarly article,Measurement of transverse energy–energy correlations in multi-jet events in pp collisions ats=7 TeVusing the ATLAS detector and determination of the strong coupling constantαs(mZ),,,750.0,,Physics Letters B,Marco Sessa,scientific journal,scientific journal,http://www.sciencedirect.com/science/journal/03702693,,Kingdom of the Netherlands
,scholarly article,Prompt and nonprompt J / ψ production and nuclear modification in p Pb collisions atsNN=8.16 TeV,,159-178,774.0,P. d'Argent,Physics Letters B,Luca Federici,scientific journal,scientific journal,http://www.sciencedirect.com/science/journal/03702693,,Kingdom of the Netherlands
article,scholarly article,Search for Higgs boson decays into a pair of light bosons in the bbμμ final state in pp collision at s=13TeV with the ATLAS detector,,,790.0,,Physics Letters B,Jinlong Zhang,scientific journal,scientific journal,http://www.sciencedirect.com/science/journal/03702693,,Kingdom of the Netherlands
article,scholarly article,Measurement of isolated-photon pair production in pp collisions at $ \sqrt{s}=7\;TeV $ with the ATLAS detector,1,,2013.0,,Journal of High Energy Physics,Michaël Ughetto,peer-reviewed physics journal,scientific journal,http://www.springer.com/13130,+1997-01-01T00:00:00Z,Germany
article,scholarly article,Measurements of spin correlation in top-antitop quark events from proton-proton collisions ats=7  TeVusing the ATLAS detector,11,,90.0,,Physical Review D,Brian Walsh,scientific journal,scientific journal,http://prd.aps.org/,,
,scholarly article,"Measurement of B 0 ,Bs0, B + andΛb0production asymmetries in 7 and 8 TeV proton–proton collisions",,139-158,774.0,P. d'Argent,Physics Letters B,Martino Borsato,scientific journal,scientific journal,http://www.sciencedirect.com/science/journal/03702693,,Kingdom of the Netherlands
scientific article,scholarly article,Herpes simplex testing in neonates in the emergency department,10,949-955,28.0,Jennifer L McGuire,Pediatric Emergency Care,Joseph J. Zorc,journal,scientific journal,http://www.pec-online.com/,,United States of America
scientific article,scholarly article,Adding Social Determinant Data Changes Children's Hospitals' Readmissions Performance,,150-157.e1,186.0,Matthew Hall,The Journal of Pediatrics,Marion Sills,peer-reviewed scientific journal,scientific journal,http://www.jpeds.com,+1932-01-01T00:00:00Z,United States of America
"scholarly article in Journal of High Energy Physics, 2018 no. 9, September 2018",scholarly article,Angular moments of the decay Λb0 → Λμ+μ− at low hadronic recoil,9,,2018.0,C. A. Aidala,Journal of High Energy Physics,Igor Kostiuk,peer-reviewed physics journal,scientific journal,http://www.springer.com/13130,+1997-01-01T00:00:00Z,Germany
scientific article,scholarly article,Reliability of Examination Findings in Suspected Community-Acquired Pneumonia,3,,140.0,Todd A Florin,Pediatrics,Samir S. Shah,Monthly medical journal,scientific journal,https://publications.aap.org/pediatrics,+1948-01-01T00:00:00Z,United States of America
article,scholarly article,Making MOC Quality Improvement Participation Meaningful,5,,142.0,Trisha L Marshall,Pediatrics,Samir S. Shah,Monthly medical journal,scientific journal,https://publications.aap.org/pediatrics,+1948-01-01T00:00:00Z,United States of America
scientific article published on October 2014,scholarly article,Risk factors associated with laboratory-confirmed bloodstream infections in a tertiary neonatal intensive care unit,10,1027-1032,33.0,Michael A Padula,Pediatric Infectious Disease Journal,Samir S. Shah,journal,scientific journal,http://journals.lww.com/pidj/pages/default.aspx,+1982-01-01T00:00:00Z,United States of America
article,scholarly article,Search for theXband other hidden-beauty states in theπ+π−ϒ(1S)channel at ATLAS,,,740.0,,Physics Letters B,Lorenzo Massa,scientific journal,scientific journal,http://www.sciencedirect.com/science/journal/03702693,,Kingdom of the Netherlands
article,scholarly article,"Measurement of jet activity produced in top-quark events with an electron, a muon and two -tagged jets in the final state in collisions at [Formula: see text] TeV with the ATLAS detector",4,,77.0,,European Physical Journal C,Klaudia Maj,scientific journal,scientific journal,http://www.springer.com/materials/journal/10052,+1998-01-01T00:00:00Z,
scientific article published on 30 July 2015,scholarly article,Quantum numbers of theX(3872)state and orbital angular momentum in itsρ0J/ψdecay,1,,92.0,P. d’Argent,Physical Review D,Irina Nasteva,scientific journal,scientific journal,http://prd.aps.org/,,
article,scholarly article,Search for diboson resonances with boson-tagged jets in pp collisions ats=13 TeVwith the ATLAS detector,,,777.0,,Physics Letters B,Sabina Czekierda,scientific journal,scientific journal,http://www.sciencedirect.com/science/journal/03702693,,Kingdom of the Netherlands
scientific article published on 18 January 2018,scholarly article,Caregiver Perspectives on Communication During Hospitalization at an Academic Pediatric Institution: A Qualitative Study.,,,,Lauren G Solan,Journal of Hospital Medicine,Samir S. Shah,journal,scientific journal,http://www.journalofhospitalmedicine.com/jhospmed,+2006-01-01T00:00:00Z,United States of America
article,scholarly article,Measurement of χ c1 and χ c2 production with 𝑠√ = 7 TeV pp collisions at ATLAS,7,,2014.0,,Journal of High Energy Physics,Brian Walsh,peer-reviewed physics journal,scientific journal,http://www.springer.com/13130,+1997-01-01T00:00:00Z,Germany
article by Roel Aaij et al published 8 September 2015 in Physical Review D,scholarly article,Study of W boson production in association with beauty and charm,5,,92.0,P. d’Argent,Physical Review D,Martino Borsato,scientific journal,scientific journal,http://prd.aps.org/,,
,scholarly article,A measurement of material in the ATLAS tracker using secondary hadronic interactions in 7 TeVppcollisions,11,,11.0,,Journal of Instrumentation,Klaudia Maj,journal,scientific journal,http://iopscience.iop.org/1748-0221/,+2006-01-01T00:00:00Z,United Kingdom
article by Roel Aaij et al published 5 April 2019 in Physical Review Letters,scholarly article,First Measurement of Charm Production in its Fixed-Target Configuration at the LHC,13,132002,122.0,C A Aidala,Physical Review Letters,Diego Tonelli,physics journal from the American Physical Society,scientific journal,http://prl.aps.org/,+1958-07-00T00:00:00Z,United States of America
article,scholarly article,Search for exclusive Higgs and Z boson decays to ϕγ and ργ with the ATLAS detector,7,,2018.0,,Journal of High Energy Physics,Anton Wolf,peer-reviewed physics journal,scientific journal,http://www.springer.com/13130,+1997-01-01T00:00:00Z,Germany
scholarly article published in European Physical Journal C in April 2013,scholarly article,Implications of LHCb measurements and future prospects,4,,73.0,A. Bharucha,European Physical Journal C,J. Mauricio,scientific journal,scientific journal,http://www.springer.com/materials/journal/10052,+1998-01-01T00:00:00Z,
,scholarly article,Study of the rareBs0and B 0 decays into the π + π − μ + μ − final state,,46-55,743.0,P.M. Bjørnstad,Physics Letters B,Michael Wilkinson,scientific journal,scientific journal,http://www.sciencedirect.com/science/journal/03702693,,Kingdom of the Netherlands
scientific article published in September 2009,scholarly article,The impact of AIDS diagnoses on long-term neurocognitive and psychiatric outcomes of surviving adolescents with perinatally acquired HIV.,14,1859-1865,23.0,Sarah M Wood,AIDS,Samir S. Shah,peer-reviewed scientific journal,scientific journal,http://www.aidsonline.com/,+1987-00-00T00:00:00Z,United Kingdom
scientific article,scholarly article,Characteristics associated with pediatric inpatient death,6,1208-1216,125.0,Anthony D Slonim,Pediatrics,Samir S. Shah,Monthly medical journal,scientific journal,https://publications.aap.org/pediatrics,+1948-01-01T00:00:00Z,United States of America
scientific article published in April 2012,scholarly article,Influence of antibiotic susceptibility patterns on empiric antibiotic prescribing for children hospitalized with community-acquired pneumonia,4,331-336,31.0,Loni Philip Tabb,Pediatric Infectious Disease Journal,Samir S. Shah,journal,scientific journal,http://journals.lww.com/pidj/pages/default.aspx,+1982-01-01T00:00:00Z,United States of America
scientific article,scholarly article,National trends in psychotropic medication use in young children: 1994-2009,4,615-623,132.0,Vilawan Chirdkiatgumchai,Pediatrics,Samir S. Shah,Monthly medical journal,scientific journal,https://publications.aap.org/pediatrics,+1948-01-01T00:00:00Z,United States of America
article,scholarly article,Measurements ofZγandZγγproduction inppcollisions ats=8  TeVwith the ATLAS detector,11,,93.0,,Physical Review D,Anastasia Kurova,scientific journal,scientific journal,http://prd.aps.org/,,
"scholarly article in Journal of High Energy Physics, 2015 no. 10, October 2015",scholarly article,Measurement of the time-integrated CP asymmetry in D 0 → K S 0 K S 0 decays,10,,2015.0,P. d’Argent,Journal of High Energy Physics,Irina Nasteva,peer-reviewed physics journal,scientific journal,http://www.springer.com/13130,+1997-01-01T00:00:00Z,Germany
article,scholarly article,"Search for vectorlikeBquarks in events with one isolated lepton, missing transverse momentum, and jets ats=8  TeVwith the ATLAS detector",11,,91.0,,Physical Review D,Andrea Gaudiello,scientific journal,scientific journal,http://prd.aps.org/,,
scientific article published in Physical Review Letters,scholarly article,Strong Constraints on the Rare DecaysBs0→μ+μ−andB0→μ+μ−,23,,108.0,A. Adametz,Physical Review Letters,Mathieu Perrin-Terrin,physics journal from the American Physical Society,scientific journal,http://prl.aps.org/,+1958-07-00T00:00:00Z,United States of America
scientific article published on 6 February 2018,scholarly article,Measurement of the W-boson mass in pp collisions at √s = 7 TeV with the ATLAS detector,2,,78.0,,European Physical Journal C,Akshat Puri,scientific journal,scientific journal,http://www.springer.com/materials/journal/10052,+1998-01-01T00:00:00Z,
"scholarly article in Journal of High Energy Physics, 2014 no. 4, April 2014",scholarly article,Searches for $ \Lambda_b^0 $ and $ \Xi_b^0 $ decays to $ K_{\mathrm{S}}^0p{\pi^{-}} $ and $ K_{\mathrm{S}}^0p{K^{-}} $ final states with first observation of the $ \Lambda_b^0\to K_{\mathrm{S}}^0p{\pi^{-}} $ decay,4,,2014.0,Th. Bauer,Journal of High Energy Physics,Jarosław Wiechczyński,peer-reviewed physics journal,scientific journal,http://www.springer.com/13130,+1997-01-01T00:00:00Z,Germany
scientific article,scholarly article,Delayed acyclovir and outcomes of children hospitalized with eczema herpeticum,6,1161-1167,128.0,Paul L Aronson,Pediatrics,Samir S. Shah,Monthly medical journal,scientific journal,https://publications.aap.org/pediatrics,+1948-01-01T00:00:00Z,United States of America
scientific article published on 28 February 2018,scholarly article,Reply,,329-330,196.0,Lilliam Ambroggio,The Journal of Pediatrics,Samir S. Shah,peer-reviewed scientific journal,scientific journal,http://www.jpeds.com,+1932-01-01T00:00:00Z,United States of America
article,scholarly article,Search for anomalous couplings in the W tb vertex from the measurement of double differential angular decay rates of single top quarks produced in the t-channel with the ATLAS detector,4,,2016.0,,Journal of High Energy Physics,Marco Sessa,peer-reviewed physics journal,scientific journal,http://www.springer.com/13130,+1997-01-01T00:00:00Z,Germany
scientific article,scholarly article,Opposite-side flavour tagging of B mesons at the LHCb experiment,6,2022,72.0,C Adrover,European Physical Journal C,Xavier Cid Vidal,scientific journal,scientific journal,http://www.springer.com/materials/journal/10052,+1998-01-01T00:00:00Z,
scientific article published on 6 October 2014,scholarly article,Test of lepton universality using b+ → K+ℓ+ℓ- decays.,15,151601,113.0,J Blouw,Physical Review Letters,Xavier Cid Vidal,physics journal from the American Physical Society,scientific journal,http://prl.aps.org/,+1958-07-00T00:00:00Z,United States of America
scholarly article,scholarly article,Amplitude analysis and branching fraction measurement ofB¯s0→J/ψK+K−,7,,87.0,A. Adametz,Physical Review D,Jarosław Wiechczyński,scientific journal,scientific journal,http://prd.aps.org/,,
article,scholarly article,Search forWHproduction with a light Higgs boson decaying to prompt electron-jets in proton–proton collisions at $\sqrt {s}=7$ TeV with the ATLAS detector,4,,15.0,,New Journal of Physics,Stewart Martin-Haugh,scientific journal,scientific journal,http://iopscience.iop.org/1367-2630,+1998-01-01T00:00:00Z,Germany
article,scholarly article,Measurement of the top quark mass in the $$t\bar{t}\rightarrow $$ t t ¯ → lepton+jets channel from $$\sqrt{s}=8$$ s = 8 TeV ATLAS data and combination with previous results,4,,79.0,,European Physical Journal C,Alexandros Marantis,scientific journal,scientific journal,http://www.springer.com/materials/journal/10052,+1998-01-01T00:00:00Z,
,scholarly article,Measurement of the CP violating phase ϕ s in B ¯ s 0 → J / ψ f 0 ( 980 ),5,497-505,707.0,C. Adrover,Physics Letters B,Mathieu Perrin-Terrin,scientific journal,scientific journal,http://www.sciencedirect.com/science/journal/03702693,,Kingdom of the Netherlands
"scholarly article in Journal of High Energy Physics, 2018 no. 5, May 2018",scholarly article,Measurement of the CP asymmetry in B− → Ds−D0 and B− → D−D0 decays,5,,2018.0,P. d’Argent,Journal of High Energy Physics,Anna Danilina,peer-reviewed physics journal,scientific journal,http://www.springer.com/13130,+1997-01-01T00:00:00Z,Germany
article,scholarly article,Search for new phenomena in events with same-charge leptons and b-jets in pp collisions at s=13$$ \sqrt{s}=13 $$ TeV with the ATLAS detector,12,,2018.0,,Journal of High Energy Physics,Giancarlo Panizzo,peer-reviewed physics journal,scientific journal,http://www.springer.com/13130,+1997-01-01T00:00:00Z,Germany
scientific article published on 5 October 2016,scholarly article,Search for Structure in the B_{s}^{0}π^{±} Invariant Mass Spectrum.,15,152003,117.0,P d'Argent,Physical Review Letters,Xavier Cid Vidal,physics journal from the American Physical Society,scientific journal,http://prl.aps.org/,+1958-07-00T00:00:00Z,United States of America
article,scholarly article,Evidence for the H → b b ¯ $$ H\to b\overline{b} $$ decay with the ATLAS detector,12,,2017.0,,Journal of High Energy Physics,Sabina Czekierda,peer-reviewed physics journal,scientific journal,http://www.springer.com/13130,+1997-01-01T00:00:00Z,Germany
scientific article published on January 2009,scholarly article,"How well can hospital readmission be predicted in a cohort of hospitalized children? A retrospective, multicenter study",1,286-293,123.0,Chris Feudtner,Pediatrics,Samir S. Shah,Monthly medical journal,scientific journal,https://publications.aap.org/pediatrics,+1948-01-01T00:00:00Z,United States of America
scientific article published in Physical Review Letters,scholarly article,Observation of Long-Range Elliptic Azimuthal Anisotropies in sqrt[s]=13 and 2.76 TeV pp Collisions with the ATLAS Detector,17,,116.0,,Physical Review Letters,Romain Kukla,physics journal from the American Physical Society,scientific journal,http://prl.aps.org/,+1958-07-00T00:00:00Z,United States of America
scientific article published on 5 August 2016,scholarly article,Measurement of the CP Asymmetry in B0s−¯B0s Mixing,6,061803,117.0,P d'Argent,Physical Review Letters,Xavier Cid Vidal,physics journal from the American Physical Society,scientific journal,http://prl.aps.org/,+1958-07-00T00:00:00Z,United States of America
,scholarly article,Study of the photon remnant in resolved photoproduction at HERA,1-2,163-177,354.0,M Derrick,Physics Letters B,Giuseppe Levi,scientific journal,scientific journal,http://www.sciencedirect.com/science/journal/03702693,,Kingdom of the Netherlands
"scholarly article in Journal of High Energy Physics, 2016 no. 5, May 2016",scholarly article,Measurement of forward W and Z boson production in association with jets in proton-proton collisions at s = 8 $$ \sqrt{s}=8 $$ TeV,5,,2016.0,P. d’Argent,Journal of High Energy Physics,Maxim Borisyak,peer-reviewed physics journal,scientific journal,http://www.springer.com/13130,+1997-01-01T00:00:00Z,Germany
article,scholarly article,Search for supersymmetry in events with four or more leptons in s=13  TeV pp collisions with ATLAS,3,,98.0,,Physical Review D,Yuriy Ilchenko,scientific journal,scientific journal,http://prd.aps.org/,,
scientific article,scholarly article,Comparative effectiveness of empiric β-lactam monotherapy and β-lactam-macrolide combination therapy in children hospitalized with community-acquired pneumonia,6,1097-1103,161.0,Jennifer A Taylor,The Journal of Pediatrics,Samir S. Shah,peer-reviewed scientific journal,scientific journal,http://www.jpeds.com,+1932-01-01T00:00:00Z,United States of America
,scholarly article,production in deep inelastic scattering at HERA,3-4,402-418,407.0,J. Breitweg,Physics Letters B,Vladimir Bashkirov,scientific journal,scientific journal,http://www.sciencedirect.com/science/journal/03702693,,Kingdom of the Netherlands
article,scholarly article,A search for high-mass resonances decaying to τ + τ − in pp collisions at s = 7 TeV with the ATLAS detector,4-5,,719.0,,Physics Letters B,Lillian Smestad,scientific journal,scientific journal,http://www.sciencedirect.com/science/journal/03702693,,Kingdom of the Netherlands
article,scholarly article,Study of the rare decays of B s 0 and B0 mesons into muon pairs using data collected during 2015 and 2016 with the ATLAS detector,4,,2019.0,,Journal of High Energy Physics,Elisa Fumagalli,peer-reviewed physics journal,scientific journal,http://www.springer.com/13130,+1997-01-01T00:00:00Z,Germany
scientific article published on 15 July 2014,scholarly article,Precision measurement of the mass and lifetime of the Ξ(b)(0) baryon.,3,032001,113.0,H Carranza-Mejia,Physical Review Letters,Xavier Cid Vidal,physics journal from the American Physical Society,scientific journal,http://prl.aps.org/,+1958-07-00T00:00:00Z,United States of America
,scholarly article,Measurement of inclusive prompt photon photoproduction at HERA,1-2,175-188,472.0,J. Breitweg,Physics Letters B,Giuseppe Levi,scientific journal,scientific journal,http://www.sciencedirect.com/science/journal/03702693,,Kingdom of the Netherlands
article,scholarly article,Measurement of the exclusive γγ → μ + μ − process in proton–proton collisions ats=13TeV with the ATLAS detector,,,777.0,,Physics Letters B,Sabina Czekierda,scientific journal,scientific journal,http://www.sciencedirect.com/science/journal/03702693,,Kingdom of the Netherlands
article,scholarly article,Measurements of normalized differential cross sections fortt¯production inppcollisions at(s)=7  TeVusing the ATLAS detector,7,,90.0,,Physical Review D,Brian Walsh,scientific journal,scientific journal,http://prd.aps.org/,,
,scholarly article,Beam-induced and cosmic-ray backgrounds observed in the ATLAS detector during the LHC 2012 proton-proton running period,05,,11.0,,Journal of Instrumentation,Klaudia Maj,journal,scientific journal,http://iopscience.iop.org/1748-0221/,+2006-01-01T00:00:00Z,United Kingdom
article,scholarly article,Measurement of the mass difference between top and anti-top quarks in pp collisions at s = 7 TeV using the ATLAS detector,,,728.0,,Physics Letters B,Michaël Ughetto,scientific journal,scientific journal,http://www.sciencedirect.com/science/journal/03702693,,Kingdom of the Netherlands
scholarly article,scholarly article,"First observations ofB¯s0→D+D−,Ds+D−andD0D¯0decays",9,,87.0,C. Adrover,Physical Review D,Jarosław Wiechczyński,scientific journal,scientific journal,http://prd.aps.org/,,
article,scholarly article,Charged-particle distributions ins=13 TeVpp interactions measured with the ATLAS detector at the LHC,,,758.0,,Physics Letters B,Klaudia Maj,scientific journal,scientific journal,http://www.sciencedirect.com/science/journal/03702693,,Kingdom of the Netherlands
article,scholarly article,Search for invisible decays of the Higgs boson produced in association with a hadronically decaying vector boson in collisions at [Formula: see text] TeV with the ATLAS detector,7,,75.0,,European Physical Journal C,Mogens Dam,scientific journal,scientific journal,http://www.springer.com/materials/journal/10052,+1998-01-01T00:00:00Z,
scientific article (publication date:  May 2013),scholarly article,First observation of CP violation in the decays of B(s)0 mesons,22,221601,110.0,Th Bauer,Physical Review Letters,Michael Alexander,physics journal from the American Physical Society,scientific journal,http://prl.aps.org/,+1958-07-00T00:00:00Z,United States of America
article,scholarly article,Search for the Higgs boson produced in association with a boson and decaying to four -quarks via two spin-zero particles in collisions at 13 TeV with the ATLAS detector,11,,76.0,,European Physical Journal C,Klaudia Maj,scientific journal,scientific journal,http://www.springer.com/materials/journal/10052,+1998-01-01T00:00:00Z,
article,scholarly article,Summary of the searches for squarks and gluinos using s = 8 $$ \sqrt{s}=8 $$ TeV pp collisions with the ATLAS experiment at the LHC,10,,2015.0,,Journal of High Energy Physics,Marco Sessa,peer-reviewed physics journal,scientific journal,http://www.springer.com/13130,+1997-01-01T00:00:00Z,Germany
scientific article published on 3 August 2016,scholarly article,Cerebrospinal fluid cytokines in the diagnosis of bacterial meningitis in infants.,4,566-572,80.0,Lakshmi Srinivasan,Pediatric Research,Samir S. Shah,peer-reviewed scientific journal,scientific journal,http://www.nature.com/pr/index.html,+1967-01-01T00:00:00Z,United States of America
scientific article published on 01 August 2016,scholarly article,Preventing Pediatric Readmissions: How Does the Hospital Fit In?,2,,138.0,Katherine A Auger,Pediatrics,Mark Brittan,Monthly medical journal,scientific journal,https://publications.aap.org/pediatrics,+1948-01-01T00:00:00Z,United States of America
scientific article (publication date:  October 2014),scholarly article,Study of χb meson production in pp collisions at s√=7 and 8TeV and observation of the decay χb→Υ(3S)γ,10,,74.0,J. Blouw,European Physical Journal C,Irina Nasteva,scientific journal,scientific journal,http://www.springer.com/materials/journal/10052,+1998-01-01T00:00:00Z,
scientific article,scholarly article,Observation-status patients in children's hospitals with and without dedicated observation units in 2011.,6,366-372,10.0,Matthew Hall,Journal of Hospital Medicine,Elizabeth R. Alpern,journal,scientific journal,http://www.journalofhospitalmedicine.com/jhospmed,+2006-01-01T00:00:00Z,United States of America
article,scholarly article,Search for bottom squark pair production in proton-proton collisions at [Formula: see text] TeV with the ATLAS detector,10,,76.0,,European Physical Journal C,Mogens Dam,scientific journal,scientific journal,http://www.springer.com/materials/journal/10052,+1998-01-01T00:00:00Z,
scientific article published in Physical Review Letters,scholarly article,Search for the Decay of the Higgs Boson to Charm Quarks with the ATLAS Experiment,21,,120.0,,Physical Review Letters,Alessia Murrone,physics journal from the American Physical Society,scientific journal,http://prl.aps.org/,+1958-07-00T00:00:00Z,United States of America
scientific article published on July 2017,scholarly article,Hospital-Level Factors Associated with Pediatric Emergency Department Return Visits,7,536-543,12.0,Cary Thurm,Journal of Hospital Medicine,Zachary E Pittsenbarger,journal,scientific journal,http://www.journalofhospitalmedicine.com/jhospmed,+2006-01-01T00:00:00Z,United States of America
scientific article,scholarly article,Search for dark matter in events with heavy quarks and missing transverse momentum in [Formula: see text] collisions with the ATLAS detector,2,,75.0,,European Physical Journal C,Mogens Dam,scientific journal,scientific journal,http://www.springer.com/materials/journal/10052,+1998-01-01T00:00:00Z,
article,scholarly article,Measurement of the cross-section for producing a W boson in association with a single top quark in pp collisions at s = 13 $$ \sqrt{s}=13 $$ TeV with ATLAS,1,,2018.0,,Journal of High Energy Physics,Miroslav Hrabovsky,peer-reviewed physics journal,scientific journal,http://www.springer.com/13130,+1997-01-01T00:00:00Z,Germany
scientific article published in August 2007,scholarly article,Cutaneous Mycobacterium avium complex infection as a manifestation of the immune reconstitution syndrome in a human immunodeficiency virus-infected child,8,755-757,26.0,Sarah M Wood,Pediatric Infectious Disease Journal,Samir S. Shah,journal,scientific journal,http://journals.lww.com/pidj/pages/default.aspx,+1982-01-01T00:00:00Z,United States of America
article,scholarly article,Search for dark matter and other new phenomena in events with an energetic jet and large missing transverse momentum using the ATLAS detector,1,,2018.0,,Journal of High Energy Physics,Gabriele Bertoli,peer-reviewed physics journal,scientific journal,http://www.springer.com/13130,+1997-01-01T00:00:00Z,Germany
article,scholarly article,Measurement of the ratio of cross sections for inclusive isolated-photon production in pp collisions at 𝑠√ = 13 and 8 TeV with the ATLAS detector,4,,2019.0,,Journal of High Energy Physics,Elisa Fumagalli,peer-reviewed physics journal,scientific journal,http://www.springer.com/13130,+1997-01-01T00:00:00Z,Germany
scientific article,scholarly article,Herpes simplex virus testing and hospital length of stay in neonates and young infants,5,738-743,156.0,Jessica Volk,The Journal of Pediatrics,Samir S. Shah,peer-reviewed scientific journal,scientific journal,http://www.jpeds.com,+1932-01-01T00:00:00Z,United States of America
article,scholarly article,Search for microscopic black holes in a like-sign dimuon final state using large track multiplicity with the ATLAS detector,7,,88.0,,Physical Review D,Michaël Ughetto,scientific journal,scientific journal,http://prd.aps.org/,,
scientific article published on 15 July 2016,scholarly article,Trends in infective endocarditis hospitalisations at United States children's hospitals from 2003 to 2014: impact of the 2007 American Heart Association antibiotic prophylaxis guidelines,4,686-690,27.0,Katherine E Bates,Cardiology in the Young,Samir S. Shah,journal,periodical,http://journals.cambridge.org/action/displayjournal?jid=cty,,United Kingdom
,scholarly article,Observation of scaling violations in scaled momentum distributions at HERA,3-4,428-443,414.0,J Breitweg,Physics Letters B,Vladimir Bashkirov,scientific journal,scientific journal,http://www.sciencedirect.com/science/journal/03702693,,Kingdom of the Netherlands
journal article; published 2019-05-31,scholarly article,Measurement of the relative B−→D0/D*0/D**0μ−ν¯μ branching fractions using B− mesons from B¯s2*0 decays,,,99.0,A. A. Alves,Physical Review D,Fedor Baryshnikov,scientific journal,scientific journal,http://prd.aps.org/,,
article,scholarly article,Search for dark matter produced in association with a Higgs boson decaying to two bottom quarks inppcollisions ats=8  TeVwith the ATLAS detector,7,,93.0,,Physical Review D,Joseph Reichert,scientific journal,scientific journal,http://prd.aps.org/,,
scientific article published on March 2013,scholarly article,Species-specific PCR improves detection of bacterial pathogens in parapneumonic empyema compared with 16S PCR and culture,3,302-303,32.0,Anne J Blaschke,Pediatric Infectious Disease Journal,Carrie L. Byington,journal,scientific journal,http://journals.lww.com/pidj/pages/default.aspx,+1982-01-01T00:00:00Z,United States of America
article,scholarly article,"Measurement of $$WW/WZ \rightarrow \ell \nu q q^{\prime }$$ W W / W Z → ℓ ν q q ′ production with the hadronically decaying boson reconstructed as one or two jets in pp collisions at $$\sqrt{s} =8~\text {TeV}$$ s = 8 TeV with ATLAS, and constr",8,,77.0,,European Physical Journal C,Sabina Czekierda,scientific journal,scientific journal,http://www.springer.com/materials/journal/10052,+1998-01-01T00:00:00Z,
scholarly article,scholarly article,"Erratum to: Measurement of the CKM angle γ using B± → DK± with D → KS0π+π−, KS0K+K− decays",10,,2018.0,C. A. Aidala,Journal of High Energy Physics,Igor Kostiuk,peer-reviewed physics journal,scientific journal,http://www.springer.com/13130,+1997-01-01T00:00:00Z,Germany
scholarly article,scholarly article,Study ofB0→D*−π+π−π+andB0→D*−K+π−π+decays,9,,87.0,A. Adametz,Physical Review D,Jarosław Wiechczyński,scientific journal,scientific journal,http://prd.aps.org/,,
article,scholarly article,Dijet production in 𝑠√=7 TeV pp collisions with large rapidity gaps at the ATLAS experiment,,,754.0,,Physics Letters B,Sinan Kuday,scientific journal,scientific journal,http://www.sciencedirect.com/science/journal/03702693,,Kingdom of the Netherlands
article,scholarly article,Erratum to: Measurement of the charge asymmetry in top-quark pair production in the lepton-plus-jets final state in pp collision data at $$\sqrt{s}=8$$ s = 8 TeV with the ATLAS detector,8,,77.0,,European Physical Journal C,Kenji Kiuchi,scientific journal,scientific journal,http://www.springer.com/materials/journal/10052,+1998-01-01T00:00:00Z,
,scholarly article,"Measurement of forwardtt‾,W+bb¯andW+cc¯production in pp collisions ats=8 TeV",,110-120,767.0,P. d'Argent,Physics Letters B,Maxim Borisyak,scientific journal,scientific journal,http://www.sciencedirect.com/science/journal/03702693,,Kingdom of the Netherlands
article,scholarly article,ZZ→ℓ+ℓ−ℓ′+ℓ′− cross-section measurements and search for anomalous triple gauge couplings in 13 TeV pp collisions with the ATLAS detector,3,,97.0,,Physical Review D,Sabina Czekierda,scientific journal,scientific journal,http://prd.aps.org/,,
article,scholarly article,Search for heavy charged long-lived particles in the ATLAS detector in 36.1  fb−1 of proton-proton collision data at s=13  TeV,9,,99.0,,Physical Review D,Quentin Buat,scientific journal,scientific journal,http://prd.aps.org/,,
,scholarly article,Measurement of the B s 0 → J / ψ K S 0 branching fraction,3,172-179,713.0,C. Adrover,Physics Letters B,Mathieu Perrin-Terrin,scientific journal,scientific journal,http://www.sciencedirect.com/science/journal/03702693,,Kingdom of the Netherlands
article,scholarly article,Search for resonances decaying into top-quark pairs using fully hadronic decays in pp collisions with ATLAS at $ \sqrt{s}=7 $ TeV,1,,2013.0,,Journal of High Energy Physics,James Ferrando,peer-reviewed physics journal,scientific journal,http://www.springer.com/13130,+1997-01-01T00:00:00Z,Germany
article,scholarly article,Search for heavy long-lived multicharged particles in proton-proton collisions at s=13  TeV using the ATLAS detector,5,,99.0,,Physical Review D,Elisa Fumagalli,scientific journal,scientific journal,http://prd.aps.org/,,
,scholarly article,Observation of $B^{0}_{s}$ – $\overline{B}{}^{0}_{s}$ mixing and measurement of mixing frequencies using semileptonic B decays,12,,73.0,C. Adrover,European Physical Journal C,Jarosław Wiechczyński,scientific journal,scientific journal,http://www.springer.com/materials/journal/10052,+1998-01-01T00:00:00Z,
scientific article published on 15 March 2017,scholarly article,Observation of B_{c}^{+}→D^{0}K^{+} Decays.,11,111803,118.0,P d'Argent,Physical Review Letters,Xavier Cid Vidal,physics journal from the American Physical Society,scientific journal,http://prl.aps.org/,+1958-07-00T00:00:00Z,United States of America
article,scholarly article,Measurement of event-shape observables in [Formula: see text] events in collisions at [Formula: see text] [Formula: see text] with the ATLAS detector at the LHC,7,,76.0,,European Physical Journal C,Mogens Dam,scientific journal,scientific journal,http://www.springer.com/materials/journal/10052,+1998-01-01T00:00:00Z,
article,scholarly article,Search for heavy lepton resonances decaying to a Z boson and a lepton in pp collisions at s = 8 $$ \sqrt{s}=8 $$ TeV with the ATLAS detector,9,,2015.0,,Journal of High Energy Physics,Marco Sessa,peer-reviewed physics journal,scientific journal,http://www.springer.com/13130,+1997-01-01T00:00:00Z,Germany
article,scholarly article,Measurement of the inclusive cross-sections of single top-quark and top-antiquark t-channel production in pp collisions at s = 13 $$ \sqrt{s}=13 $$ TeV with the ATLAS detector,4,,2017.0,,Journal of High Energy Physics,Gunnar Jakel,peer-reviewed physics journal,scientific journal,http://www.springer.com/13130,+1997-01-01T00:00:00Z,Germany
scientific article published in Physical Review Letters,scholarly article,Observation of an excited Bc(±) meson state with the ATLAS detector,21,,113.0,,Physical Review Letters,Brian Walsh,physics journal from the American Physical Society,scientific journal,http://prl.aps.org/,+1958-07-00T00:00:00Z,United States of America
"scholarly article in Journal of High Energy Physics, 2018 no. 8, August 2018",scholarly article,Observation of the decay Λb0 → ψ(2S)pπ−,8,,2018.0,C. A. Aidala,Journal of High Energy Physics,Igor Kostiuk,peer-reviewed physics journal,scientific journal,http://www.springer.com/13130,+1997-01-01T00:00:00Z,Germany
article,scholarly article,Search for resonant diboson production in the [Formula: see text] final state in [Formula: see text] collisions at [Formula: see text] TeV with the ATLAS detector,2,,75.0,,European Physical Journal C,Mogens Dam,scientific journal,scientific journal,http://www.springer.com/materials/journal/10052,+1998-01-01T00:00:00Z,
,scholarly article,"2619. Clinical Characteristics and Etiology of Community-Acquired Pneumonia in Children: A Contemporary, Prospective, Multicenter Study in Ohio, 2015–2018",Suppl 2,S911-S912,6.0,Ki Wook Yun,Open Forum Infectious Diseases,Samir S. Shah,journal,scientific journal,https://academic.oup.com/ofid,,United Kingdom
scientific article published in Physical Review Letters,scholarly article,First Evidence of DirectCPViolation in Charmless Two-Body Decays ofBs0Mesons,20,,108.0,C. Adrover,Physical Review Letters,Mathieu Perrin-Terrin,physics journal from the American Physical Society,scientific journal,http://prl.aps.org/,+1958-07-00T00:00:00Z,United States of America
scientific article published on 12 April 2017,scholarly article,New algorithms for identifying the flavour of [Formula: see text] mesons using pions and protons,4,238,77.0,P d'Argent,European Physical Journal C,Mick Mulder,scientific journal,scientific journal,http://www.springer.com/materials/journal/10052,+1998-01-01T00:00:00Z,
article,scholarly article,Search for R-parity-violating supersymmetry in events with four or more leptons in $ \sqrt{s}=7\;\mathrm{TeV} $ pp collisions with the ATLAS detector,12,,2012.0,,Journal of High Energy Physics,Lillian Smestad,peer-reviewed physics journal,scientific journal,http://www.springer.com/13130,+1997-01-01T00:00:00Z,Germany
article,scholarly article,Measurement of inclusive jet charged-particle fragmentation functions in Pb+Pb collisions atsNN=2.76 TeVwith the ATLAS detector,,,739.0,,Physics Letters B,Brian Walsh,scientific journal,scientific journal,http://www.sciencedirect.com/science/journal/03702693,,Kingdom of the Netherlands
"scholarly article in Journal of High Energy Physics, 2018 no. 8, August 2018",scholarly article,"Search for CP violation using triple product asymmetries in Λb0 → pK−π+π−, Λb0 → pK−K+K− and Ξb0 → pK−K−π+ decays",8,,2018.0,P. d’Argent,Journal of High Energy Physics,Emilie Bertholet,peer-reviewed physics journal,scientific journal,http://www.springer.com/13130,+1997-01-01T00:00:00Z,Germany
scientific article published on 25 July 2012,scholarly article,Discordant antibiotic therapy and length of stay in children hospitalized for urinary tract infection,8,622-627,7.0,Karen E Jerardi,Journal of Hospital Medicine,Samir S. Shah,journal,scientific journal,http://www.journalofhospitalmedicine.com/jhospmed,+2006-01-01T00:00:00Z,United States of America
scholarly article,scholarly article,Search for long-lived scalar particles in B+→K+χ(μ+μ−) decays,7,,95.0,P. d’Argent,Physical Review D,Martino Borsato,scientific journal,scientific journal,http://prd.aps.org/,,
journal article from 'The European Physical Journal C' published in 2020,scholarly article,Search for electroweak production of charginos and sleptons decaying into final states with two leptons and missing transverse momentum in √s=13 TeV pp collisions using the ATLAS detector,2,,80.0,,European Physical Journal C,Georges Aad,scientific journal,scientific journal,http://www.springer.com/materials/journal/10052,+1998-01-01T00:00:00Z,
scientific article published on 16 March 2020,scholarly article,Antibiotic Use and Outcomes in Children in the Emergency Department With Suspected Pneumonia,4,,145.0,Matthew J Lipshaw,Pediatrics,Samir S. Shah,Monthly medical journal,scientific journal,https://publications.aap.org/pediatrics,+1948-01-01T00:00:00Z,United States of America
article,scholarly article,"Searches for Higgs boson pair production in thehh→bbττ,γγWW*,γγbb,bbbbchannels with the ATLAS detector",9,,92.0,,Physical Review D,Marco Sessa,scientific journal,scientific journal,http://prd.aps.org/,,
article,scholarly article,Searches for heavy long-lived charged particles with the ATLAS detector in proton-proton collisions at s = 8 $$ \sqrt{s}=8 $$ TeV,1,,2015.0,,Journal of High Energy Physics,Brian Walsh,peer-reviewed physics journal,scientific journal,http://www.springer.com/13130,+1997-01-01T00:00:00Z,Germany
article,scholarly article,Observation and measurement of Higgs boson decays toWW*with the ATLAS detector,1,,92.0,,Physical Review D,Sven Kreiss,scientific journal,scientific journal,http://prd.aps.org/,,
article,scholarly article,Search for new phenomena using the invariant mass distribution of same-flavour opposite-sign dilepton pairs in events with missing transverse momentum in collisions with the ATLAS detector,8,,78.0,,European Physical Journal C,Xiaoguang Yue,scientific journal,scientific journal,http://www.springer.com/materials/journal/10052,+1998-01-01T00:00:00Z,
article,scholarly article,Search for charged Higgs bosons in the H ± → tb decay channel in pp collisions at 𝑠√=8 TeV using the ATLAS detector,3,,2016.0,,Journal of High Energy Physics,Romain Kukla,peer-reviewed physics journal,scientific journal,http://www.springer.com/13130,+1997-01-01T00:00:00Z,Germany
scientific article published on 19 June 2019,scholarly article,Progress (?) Toward Reducing Pediatric Readmissions,10,618-621,14.0,Katherine A Auger,Journal of Hospital Medicine,Samir S. Shah,journal,scientific journal,http://www.journalofhospitalmedicine.com/jhospmed,+2006-01-01T00:00:00Z,United States of America
"scholarly article in Journal of High Energy Physics, 2016 no. 5, May 2016",scholarly article,Measurement of the properties of the Ξ b ∗ 0 baryon,5,,2016.0,P. d’Argent,Journal of High Energy Physics,Matthew Charles,peer-reviewed physics journal,scientific journal,http://www.springer.com/13130,+1997-01-01T00:00:00Z,Germany
article,scholarly article,Search for electroweak production of supersymmetric particles in final states with two or three leptons at $$\sqrt{s}=13\hbox {TeV}$$s=13TeV with the ATLAS detector,12,,78.0,,European Physical Journal C,Nadezda Proklova,scientific journal,scientific journal,http://www.springer.com/materials/journal/10052,+1998-01-01T00:00:00Z,
article by Roel Aaij et al published March 2016 in Journal of High Energy Physics,scholarly article,Measurements of prompt charm production cross-sections in pp collisions at s = 13 $$ \sqrt{s}=13 $$ TeV,3,,2016.0,P. d’Argent,Journal of High Energy Physics,Elena Graverini,peer-reviewed physics journal,scientific journal,http://www.springer.com/13130,+1997-01-01T00:00:00Z,Germany
scientific article published on 24 July 2017,scholarly article,Is Pediatric Long-term Care the Next Frontier in Infection Prevention and Control?,9,835-836,171.0,Joanna Thomson,JAMA Pediatrics,Samir S. Shah,"Seeks to provide state-of-the-art information to working to advance the health and well-being of infants, children, and adolescents; a forum for discussion of the issues and policies affecting child and adolescent health and health care.",academic journal,https://jamanetwork.com/journals/jamapediatrics,+1911-01-01T00:00:00Z,United States of America
article,scholarly article,Measurement of jet fragmentation in 5.02 TeV proton–lead and proton–proton collisions with the ATLAS detector,,,978.0,,Nuclear Physics A,Yuriy Ilchenko,journal,scientific journal,http://www.elsevier.com/wps/find/journaldescription.cws_home/505715/description,,Kingdom of the Netherlands
article,scholarly article,Search for R-parity-violating supersymmetric particles in multi-jet final states produced in p–p collisions at s=13 TeV using the ATLAS detector at the LHC,,,785.0,,Physics Letters B,Giuliano Gustavino,scientific journal,scientific journal,http://www.sciencedirect.com/science/journal/03702693,,Kingdom of the Netherlands
,scholarly article,Observation ofηc(2S)→pp¯and search forX(3872)→pp¯decays,,305-313,769.0,P. d'Argent,Physics Letters B,Mick Mulder,scientific journal,scientific journal,http://www.sciencedirect.com/science/journal/03702693,,Kingdom of the Netherlands
scientific article published on 24 February 2020,scholarly article,Estimating Resource Utilization in Congenital Heart Surgery,,,,Sara K Pasquali,The Annals of Thoracic Surgery,David M Shahian,peer-reviewed scientific journal,scientific journal,http://www.elsevier.com/wps/find/journaldescription.cws_home/505747/description#description,+1965-01-01T00:00:00Z,United States of America
scientific article published on 20 July 2015,scholarly article,Geographic Variation in Hospitalization for Lower Respiratory Tract Infections Across One County,9,846-854,169.0,Andrew F Beck,JAMA Pediatrics,Samir S. Shah,"Seeks to provide state-of-the-art information to working to advance the health and well-being of infants, children, and adolescents; a forum for discussion of the issues and policies affecting child and adolescent health and health care.",academic journal,https://jamanetwork.com/journals/jamapediatrics,+1911-01-01T00:00:00Z,United States of America
article,scholarly article,Search for supersymmetry at [Formula: see text] TeV in final states with jets and two same-sign leptons or three leptons with the ATLAS detector,5,,76.0,,European Physical Journal C,Fabio C. Cardillo,scientific journal,scientific journal,http://www.springer.com/materials/journal/10052,+1998-01-01T00:00:00Z,
article,scholarly article,Search for pair production of heavy vector-like quarks decaying into high-pT W bosons and top quarks in the lepton-plus-jets final state in pp collisions at s = 13 $$ \sqrt{s}=13 $$ TeV with the ATLAS detector,8,,2018.0,,Journal of High Energy Physics,Giancarlo Panizzo,peer-reviewed physics journal,scientific journal,http://www.springer.com/13130,+1997-01-01T00:00:00Z,Germany
"scholarly article in Journal of High Energy Physics, 2019 no. 3, March 2019",scholarly article,Measurement of the ratio of branching fractions of the decays Λ b 0  → ψ(2S)Λ and Λ b 0  → J/ψΛ,3,,2019.0,A. Baranov,Journal of High Energy Physics,Krzysztof Świentek,peer-reviewed physics journal,scientific journal,http://www.springer.com/13130,+1997-01-01T00:00:00Z,Germany
scholarly article,scholarly article,Measurements of the branching fractions andCPasymmetries ofB±→J/ψπ±andB±→ψ(2S)π±decays,9,,85.0,C. Adrover,Physical Review D,Mathieu Perrin-Terrin,scientific journal,scientific journal,http://prd.aps.org/,,
article,scholarly article,"Search for supersymmetry in events with large missing transverse momentum, jets, and at least one tau lepton in 7 TeV proton-proton collision data with the ATLAS detector",11,,72.0,,European Physical Journal C,Lillian Smestad,scientific journal,scientific journal,http://www.springer.com/materials/journal/10052,+1998-01-01T00:00:00Z,
scientific article published in Physical Review Letters,scholarly article,Search for New Phenomena in Dijet Angular Distributions in Proton-Proton Collisions at sqrt[s]=8 TeV Measured with the ATLAS Detector,22,,114.0,,Physical Review Letters,Mogens Dam,physics journal from the American Physical Society,scientific journal,http://prl.aps.org/,+1958-07-00T00:00:00Z,United States of America
scientific article,scholarly article,Precision measurement of the Λb(0) baryon lifetime.,10,102003,111.0,C Adrover,Physical Review Letters,Lucio Anderlini,physics journal from the American Physical Society,scientific journal,http://prl.aps.org/,+1958-07-00T00:00:00Z,United States of America
,scholarly article,Measurements of long-range near-side angular correlations in sNN=5 TeV proton-lead collisions in the forward region,,473-483,762.0,P. d'Argent,Physics Letters B,Antonino Sergi,scientific journal,scientific journal,http://www.sciencedirect.com/science/journal/03702693,,Kingdom of the Netherlands
article,scholarly article,Properties of g→bb¯ at small opening angles in pp collisions with the ATLAS detector at s=13  TeV,5,,99.0,,Physical Review D,Elisa Fumagalli,scientific journal,scientific journal,http://prd.aps.org/,,
scientific article published in 2022,scholarly article,Establishment of achievable benchmarks of care in the neurodiagnostic evaluation of simple febrile seizures,5,327-341,17.0,Matt Hall,Journal of Hospital Medicine,John R Stephens,journal,scientific journal,http://www.journalofhospitalmedicine.com/jhospmed,+2006-01-01T00:00:00Z,United States of America
article,scholarly article,Search for new phenomena in a lepton plus high jet multiplicity final state with the ATLAS experiment using s = 13 $$ \sqrt{s}=13 $$ TeV proton-proton collision data,9,,2017.0,,Journal of High Energy Physics,Klaudia Maj,peer-reviewed physics journal,scientific journal,http://www.springer.com/13130,+1997-01-01T00:00:00Z,Germany
,scholarly article,Search for the decay D 0 → π + π − μ + μ −,,234-243,728.0,C. Adrover,Physics Letters B,Jarosław Wiechczyński,scientific journal,scientific journal,http://www.sciencedirect.com/science/journal/03702693,,Kingdom of the Netherlands
article,scholarly article,Search for Higgs boson pair production in the γγbb¯$$ \upgamma \upgamma b\overline{b} $$ final state with 13 TeV pp collision data collected by the ATLAS experiment,11,,2018.0,,Journal of High Energy Physics,Bakar Chargeishvili,peer-reviewed physics journal,scientific journal,http://www.springer.com/13130,+1997-01-01T00:00:00Z,Germany
scientific article published on 24 October 2014,scholarly article,Measurement of the B¯s⁰ meson lifetime in Ds⁺π⁻ decays.,17,172001,113.0,P M Bjørnstad,Physical Review Letters,Xavier Cid Vidal,physics journal from the American Physical Society,scientific journal,http://prl.aps.org/,+1958-07-00T00:00:00Z,United States of America
scientific article published on 01 May 2020,scholarly article,"Rapid Publication, Knowledge Sharing, and Our Responsibility During the COVID-19 Pandemic",5,261,15.0,Nita Kulkarni,Journal of Hospital Medicine,Samir S. Shah,journal,scientific journal,http://www.journalofhospitalmedicine.com/jhospmed,+2006-01-01T00:00:00Z,United States of America
article,scholarly article,Measurement of splitting scales in → events at [Formula: see text] with the ATLAS detector,5,,73.0,,European Physical Journal C,Miranda Schram,scientific journal,scientific journal,http://www.springer.com/materials/journal/10052,+1998-01-01T00:00:00Z,
,scholarly article,Measurement of the CP -violating phaseϕsinB¯s0→J/ψπ+π−decays,,186-195,736.0,H. Carranza-Mejia,Physics Letters B,Giulio Dujany,scientific journal,scientific journal,http://www.sciencedirect.com/science/journal/03702693,,Kingdom of the Netherlands
article,scholarly article,Search for long-lived charginos based on a disappearing-track signature in pp collisions at s = 13 $$ \sqrt{s}=13 $$ TeV with the ATLAS detector,6,,2018.0,,Journal of High Energy Physics,Tigran Mkrtchyan,peer-reviewed physics journal,scientific journal,http://www.springer.com/13130,+1997-01-01T00:00:00Z,Germany
scientific article published in Physical Review Letters,scholarly article,Search for Dark Matter in Events with Missing Transverse Momentum and a Higgs Boson Decaying to Two Photons in pp Collisions at sqrt[s]=8 TeV with the ATLAS Detector,13,,115.0,,Physical Review Letters,Marco Sessa,physics journal from the American Physical Society,scientific journal,http://prl.aps.org/,+1958-07-00T00:00:00Z,United States of America
article,scholarly article,Search for new phenomena with large jet multiplicities and missing transverse momentum using large-radius jets and flavour-tagging at ATLAS in 13 TeV pp collisions,12,,2017.0,,Journal of High Energy Physics,Sabina Czekierda,peer-reviewed physics journal,scientific journal,http://www.springer.com/13130,+1997-01-01T00:00:00Z,Germany
article,scholarly article,Search for resonances in the mass distribution of jet pairs with one or two jets identified as b -jets in proton–proton collisions ats=13 TeVwith the ATLAS detector,,,759.0,,Physics Letters B,Radim Slovák,scientific journal,scientific journal,http://www.sciencedirect.com/science/journal/03702693,,Kingdom of the Netherlands
scholarly article,scholarly article,Measurement of CP asymmetries in two-body B(s)0 -meson decays to charged pions and kaons,3,,98.0,P. d’Argent,Physical Review D,Anna Danilina,scientific journal,scientific journal,http://prd.aps.org/,,
